threshold,precision,recall,f1,fpr,pr_auc,roc_auc,tn,fp,fn,tp
0.0,0.49081545064377685,1.0,0.6584523261169968,1.0,0.7775718365666853,0.7532717644896667,0,8898,0,8577
0.001,0.49081545064377685,1.0,0.6584523261169968,1.0,0.7775718365666853,0.7532717644896667,0,8898,0,8577
0.002,0.49081545064377685,1.0,0.6584523261169968,1.0,0.7775718365666853,0.7532717644896667,0,8898,0,8577
0.003,0.49081545064377685,1.0,0.6584523261169968,1.0,0.7775718365666853,0.7532717644896667,0,8898,0,8577
0.004,0.49081545064377685,1.0,0.6584523261169968,1.0,0.7775718365666853,0.7532717644896667,0,8898,0,8577
0.005,0.49081545064377685,1.0,0.6584523261169968,1.0,0.7775718365666853,0.7532717644896667,0,8898,0,8577
0.006,0.49081545064377685,1.0,0.6584523261169968,1.0,0.7775718365666853,0.7532717644896667,0,8898,0,8577
0.007,0.49081545064377685,1.0,0.6584523261169968,1.0,0.7775718365666853,0.7532717644896667,0,8898,0,8577
0.008,0.49081545064377685,1.0,0.6584523261169968,1.0,0.7775718365666853,0.7532717644896667,0,8898,0,8577
0.009000000000000001,0.49081545064377685,1.0,0.6584523261169968,1.0,0.7775718365666853,0.7532717644896667,0,8898,0,8577
0.01,0.49081545064377685,1.0,0.6584523261169968,1.0,0.7775718365666853,0.7532717644896667,0,8898,0,8577
0.011,0.49081545064377685,1.0,0.6584523261169968,1.0,0.7775718365666853,0.7532717644896667,0,8898,0,8577
0.012,0.49081545064377685,1.0,0.6584523261169968,1.0,0.7775718365666853,0.7532717644896667,0,8898,0,8577
0.013000000000000001,0.49081545064377685,1.0,0.6584523261169968,1.0,0.7775718365666853,0.7532717644896667,0,8898,0,8577
0.014,0.49081545064377685,1.0,0.6584523261169968,1.0,0.7775718365666853,0.7532717644896667,0,8898,0,8577
0.015,0.49081545064377685,1.0,0.6584523261169968,1.0,0.7775718365666853,0.7532717644896667,0,8898,0,8577
0.016,0.49081545064377685,1.0,0.6584523261169968,1.0,0.7775718365666853,0.7532717644896667,0,8898,0,8577
0.017,0.49081545064377685,1.0,0.6584523261169968,1.0,0.7775718365666853,0.7532717644896667,0,8898,0,8577
0.018000000000000002,0.49081545064377685,1.0,0.6584523261169968,1.0,0.7775718365666853,0.7532717644896667,0,8898,0,8577
0.019,0.49081545064377685,1.0,0.6584523261169968,1.0,0.7775718365666853,0.7532717644896667,0,8898,0,8577
0.02,0.49081545064377685,1.0,0.6584523261169968,1.0,0.7775718365666853,0.7532717644896667,0,8898,0,8577
0.021,0.49081545064377685,1.0,0.6584523261169968,1.0,0.7775718365666853,0.7532717644896667,0,8898,0,8577
0.022,0.49081545064377685,1.0,0.6584523261169968,1.0,0.7775718365666853,0.7532717644896667,0,8898,0,8577
0.023,0.49081545064377685,1.0,0.6584523261169968,1.0,0.7775718365666853,0.7532717644896667,0,8898,0,8577
0.024,0.49081545064377685,1.0,0.6584523261169968,1.0,0.7775718365666853,0.7532717644896667,0,8898,0,8577
0.025,0.49081545064377685,1.0,0.6584523261169968,1.0,0.7775718365666853,0.7532717644896667,0,8898,0,8577
0.026000000000000002,0.49081545064377685,1.0,0.6584523261169968,1.0,0.7775718365666853,0.7532717644896667,0,8898,0,8577
0.027,0.49081545064377685,1.0,0.6584523261169968,1.0,0.7775718365666853,0.7532717644896667,0,8898,0,8577
0.028,0.49081545064377685,1.0,0.6584523261169968,1.0,0.7775718365666853,0.7532717644896667,0,8898,0,8577
0.029,0.49081545064377685,1.0,0.6584523261169968,1.0,0.7775718365666853,0.7532717644896667,0,8898,0,8577
0.03,0.49081545064377685,1.0,0.6584523261169968,1.0,0.7775718365666853,0.7532717644896667,0,8898,0,8577
0.031,0.49081545064377685,1.0,0.6584523261169968,1.0,0.7775718365666853,0.7532717644896667,0,8898,0,8577
0.032,0.49081545064377685,1.0,0.6584523261169968,1.0,0.7775718365666853,0.7532717644896667,0,8898,0,8577
0.033,0.49081545064377685,1.0,0.6584523261169968,1.0,0.7775718365666853,0.7532717644896667,0,8898,0,8577
0.034,0.49081545064377685,1.0,0.6584523261169968,1.0,0.7775718365666853,0.7532717644896667,0,8898,0,8577
0.035,0.49081545064377685,1.0,0.6584523261169968,1.0,0.7775718365666853,0.7532717644896667,0,8898,0,8577
0.036000000000000004,0.49081545064377685,1.0,0.6584523261169968,1.0,0.7775718365666853,0.7532717644896667,0,8898,0,8577
0.037,0.49081545064377685,1.0,0.6584523261169968,1.0,0.7775718365666853,0.7532717644896667,0,8898,0,8577
0.038,0.49081545064377685,1.0,0.6584523261169968,1.0,0.7775718365666853,0.7532717644896667,0,8898,0,8577
0.039,0.49081545064377685,1.0,0.6584523261169968,1.0,0.7775718365666853,0.7532717644896667,0,8898,0,8577
0.04,0.49081545064377685,1.0,0.6584523261169968,1.0,0.7775718365666853,0.7532717644896667,0,8898,0,8577
0.041,0.49081545064377685,1.0,0.6584523261169968,1.0,0.7775718365666853,0.7532717644896667,0,8898,0,8577
0.042,0.49081545064377685,1.0,0.6584523261169968,1.0,0.7775718365666853,0.7532717644896667,0,8898,0,8577
0.043000000000000003,0.49081545064377685,1.0,0.6584523261169968,1.0,0.7775718365666853,0.7532717644896667,0,8898,0,8577
0.044,0.49081545064377685,1.0,0.6584523261169968,1.0,0.7775718365666853,0.7532717644896667,0,8898,0,8577
0.045,0.49081545064377685,1.0,0.6584523261169968,1.0,0.7775718365666853,0.7532717644896667,0,8898,0,8577
0.046,0.49081545064377685,1.0,0.6584523261169968,1.0,0.7775718365666853,0.7532717644896667,0,8898,0,8577
0.047,0.49081545064377685,1.0,0.6584523261169968,1.0,0.7775718365666853,0.7532717644896667,0,8898,0,8577
0.048,0.49081545064377685,1.0,0.6584523261169968,1.0,0.7775718365666853,0.7532717644896667,0,8898,0,8577
0.049,0.49081545064377685,1.0,0.6584523261169968,1.0,0.7775718365666853,0.7532717644896667,0,8898,0,8577
0.05,0.49081545064377685,1.0,0.6584523261169968,1.0,0.7775718365666853,0.7532717644896667,0,8898,0,8577
0.051000000000000004,0.49081545064377685,1.0,0.6584523261169968,1.0,0.7775718365666853,0.7532717644896667,0,8898,0,8577
0.052000000000000005,0.49081545064377685,1.0,0.6584523261169968,1.0,0.7775718365666853,0.7532717644896667,0,8898,0,8577
0.053,0.49081545064377685,1.0,0.6584523261169968,1.0,0.7775718365666853,0.7532717644896667,0,8898,0,8577
0.054,0.49081545064377685,1.0,0.6584523261169968,1.0,0.7775718365666853,0.7532717644896667,0,8898,0,8577
0.055,0.49081545064377685,1.0,0.6584523261169968,1.0,0.7775718365666853,0.7532717644896667,0,8898,0,8577
0.056,0.49081545064377685,1.0,0.6584523261169968,1.0,0.7775718365666853,0.7532717644896667,0,8898,0,8577
0.057,0.49081545064377685,1.0,0.6584523261169968,1.0,0.7775718365666853,0.7532717644896667,0,8898,0,8577
0.058,0.49081545064377685,1.0,0.6584523261169968,1.0,0.7775718365666853,0.7532717644896667,0,8898,0,8577
0.059000000000000004,0.49081545064377685,1.0,0.6584523261169968,1.0,0.7775718365666853,0.7532717644896667,0,8898,0,8577
0.06,0.49081545064377685,1.0,0.6584523261169968,1.0,0.7775718365666853,0.7532717644896667,0,8898,0,8577
0.061,0.49081545064377685,1.0,0.6584523261169968,1.0,0.7775718365666853,0.7532717644896667,0,8898,0,8577
0.062,0.49081545064377685,1.0,0.6584523261169968,1.0,0.7775718365666853,0.7532717644896667,0,8898,0,8577
0.063,0.49081545064377685,1.0,0.6584523261169968,1.0,0.7775718365666853,0.7532717644896667,0,8898,0,8577
0.064,0.49081545064377685,1.0,0.6584523261169968,1.0,0.7775718365666853,0.7532717644896667,0,8898,0,8577
0.065,0.49081545064377685,1.0,0.6584523261169968,1.0,0.7775718365666853,0.7532717644896667,0,8898,0,8577
0.066,0.49081545064377685,1.0,0.6584523261169968,1.0,0.7775718365666853,0.7532717644896667,0,8898,0,8577
0.067,0.49081545064377685,1.0,0.6584523261169968,1.0,0.7775718365666853,0.7532717644896667,0,8898,0,8577
0.068,0.49081545064377685,1.0,0.6584523261169968,1.0,0.7775718365666853,0.7532717644896667,0,8898,0,8577
0.069,0.49081545064377685,1.0,0.6584523261169968,1.0,0.7775718365666853,0.7532717644896667,0,8898,0,8577
0.07,0.49081545064377685,1.0,0.6584523261169968,1.0,0.7775718365666853,0.7532717644896667,0,8898,0,8577
0.07100000000000001,0.49081545064377685,1.0,0.6584523261169968,1.0,0.7775718365666853,0.7532717644896667,0,8898,0,8577
0.07200000000000001,0.49081545064377685,1.0,0.6584523261169968,1.0,0.7775718365666853,0.7532717644896667,0,8898,0,8577
0.073,0.49081545064377685,1.0,0.6584523261169968,1.0,0.7775718365666853,0.7532717644896667,0,8898,0,8577
0.074,0.49084353897218724,1.0,0.6584776016275766,0.9998876151944257,0.7775718365666853,0.7532717644896667,1,8897,0,8577
0.075,0.49087163051565275,1.0,0.6585028790786948,0.9997752303888514,0.7775718365666853,0.7532717644896667,2,8896,0,8577
0.076,0.49087163051565275,1.0,0.6585028790786948,0.9997752303888514,0.7775718365666853,0.7532717644896667,2,8896,0,8577
0.077,0.49087163051565275,1.0,0.6585028790786948,0.9997752303888514,0.7775718365666853,0.7532717644896667,2,8896,0,8577
0.078,0.49087163051565275,1.0,0.6585028790786948,0.9997752303888514,0.7775718365666853,0.7532717644896667,2,8896,0,8577
0.079,0.49087163051565275,1.0,0.6585028790786948,0.9997752303888514,0.7775718365666853,0.7532717644896667,2,8896,0,8577
0.08,0.49087163051565275,1.0,0.6585028790786948,0.9997752303888514,0.7775718365666853,0.7532717644896667,2,8896,0,8577
0.081,0.49087163051565275,1.0,0.6585028790786948,0.9997752303888514,0.7775718365666853,0.7532717644896667,2,8896,0,8577
0.082,0.49087163051565275,1.0,0.6585028790786948,0.9997752303888514,0.7775718365666853,0.7532717644896667,2,8896,0,8577
0.083,0.4909278232499571,1.0,0.6585534398034397,0.9995504607777028,0.7775718365666853,0.7532717644896667,4,8894,0,8577
0.084,0.4909840288511077,1.0,0.65860400829302,0.9993256911665542,0.7775718365666853,0.7532717644896667,6,8892,0,8577
0.085,0.4911527228998454,1.0,0.6587557603686637,0.9986513823331086,0.7775718365666853,0.7532717644896667,12,8886,0,8577
0.08600000000000001,0.49137782870237756,1.0,0.6589582052858021,0.9977523038885143,0.7775718365666853,0.7532717644896667,20,8878,0,8577
0.08700000000000001,0.4914059814369199,1.0,0.6589835196496485,0.99763991908294,0.7775718365666853,0.7532717644896667,21,8877,0,8577
0.088,0.4914904589994843,1.0,0.6590594744121715,0.9973027646662171,0.7775718365666853,0.7532717644896667,24,8874,0,8577
0.089,0.4914904589994843,1.0,0.6590594744121715,0.9973027646662171,0.7775718365666853,0.7532717644896667,24,8874,0,8577
0.09,0.49157496561210456,1.0,0.6591354466858791,0.9969656102494943,0.7775718365666853,0.7532717644896667,27,8871,0,8577
0.091,0.4916595012897678,1.0,0.6592114364768273,0.9966284558327714,0.7775718365666853,0.7532717644896667,30,8868,0,8577
0.092,0.49171587456286187,1.0,0.6592621060722521,0.9964036862216228,0.7775718365666853,0.7532717644896667,32,8866,0,8577
0.093,0.4917722607648644,1.0,0.6593127834576062,0.9961789166104743,0.7775718365666853,0.7532717644896667,34,8864,0,8577
0.094,0.49188507197338993,1.0,0.6594141616052895,0.9957293773881771,0.7775718365666853,0.7532717644896667,38,8860,0,8577
0.095,0.49208261617900173,1.0,0.6595916484023532,0.9949426837491571,0.7775718365666853,0.7532717644896667,45,8853,0,8577
0.096,0.49219556983817286,1.0,0.6596931123331924,0.99449314452686,0.7775718365666853,0.7532717644896667,49,8849,0,8577
0.097,0.4922520661157025,1.0,0.6597438560055383,0.9942683749157114,0.7775718365666853,0.7532717644896667,51,8847,0,8577
0.098,0.49250645994832043,1.0,0.659972299168975,0.9932569116655429,0.7775718365666853,0.7532717644896667,60,8838,0,8577
0.099,0.4926762019645011,1.0,0.6601246825213577,0.9925826028320971,0.7775718365666853,0.7532717644896667,66,8832,0,8577
0.1,0.49304437801793516,1.0,0.6604550879759751,0.9911216003596314,0.7775718365666853,0.7532717644896667,79,8819,0,8577
0.101,0.4932712215320911,1.0,0.6606585788561524,0.9902225219150371,0.7775718365666853,0.7532717644896667,87,8811,0,8577
0.10200000000000001,0.4933847215830649,1.0,0.6607603713262201,0.9897729826927399,0.7775718365666853,0.7532717644896667,91,8807,0,8577
0.10300000000000001,0.4934982738780207,1.0,0.6608621951689332,0.9893234434704428,0.7775718365666853,0.7532717644896667,95,8803,0,8577
0.10400000000000001,0.4936402877697842,1.0,0.6609895191122073,0.9887615194425714,0.7775718365666853,0.7532717644896667,100,8798,0,8577
0.105,0.4937255353442321,1.0,0.6610659370303287,0.9884243650258485,0.7775718365666853,0.7532717644896667,103,8795,0,8577
0.106,0.4938392445877476,1.0,0.6611678550780498,0.9879748258035513,0.7775718365666853,0.7532717644896667,107,8791,0,8577
0.107,0.4939245608983588,1.0,0.6612443142394573,0.9876376713868285,0.7775718365666853,0.7532717644896667,110,8788,0,8577
0.108,0.494123746975458,1.0,0.6614227877385772,0.9868509777478085,0.7775718365666853,0.7532717644896667,117,8781,0,8577
0.109,0.4941806867941922,1.0,0.6614737978637257,0.9866262081366599,0.7775718365666853,0.7532717644896667,119,8779,0,8577
0.11,0.49432309376981154,1.0,0.6616013576056773,0.9860642841087885,0.7775718365666853,0.7532717644896667,124,8774,0,8577
0.111,0.49446558284330683,1.0,0.6617289665547968,0.9855023600809171,0.7775718365666853,0.7532717644896667,129,8769,0,8577
0.112,0.4945511157239232,1.0,0.6618055555555555,0.9851652056641942,0.7775718365666853,0.7532717644896667,132,8766,0,8577
0.113,0.494636678200692,1.0,0.6618821622873018,0.9848280512474713,0.7775718365666853,0.7532717644896667,135,8763,0,8577
0.114,0.4948078920041537,1.0,0.6620354289683918,0.9841537424140256,0.7775718365666853,0.7532717644896667,141,8757,0,8577
0.115,0.49486498961458575,1.0,0.6620865336369601,0.983928972802877,0.7775718365666853,0.7532717644896667,143,8755,0,8577
0.116,0.49509351189101825,1.0,0.6622910312343153,0.9830298943582828,0.7775718365666853,0.7532717644896667,151,8747,0,8577
0.117,0.4953794617072889,1.0,0.6625468309451161,0.9819060463025399,0.7775718365666853,0.7532717644896667,161,8737,0,8577
0.11800000000000001,0.49540807485704386,1.0,0.6625724217844727,0.9817936614969656,0.7775718365666853,0.7532717644896667,162,8736,0,8577
0.11900000000000001,0.49546531107388364,1.0,0.662623609394314,0.9815688918858171,0.7775718365666853,0.7532717644896667,164,8734,0,8577
0.12,0.4956370991043051,1.0,0.6627772196893594,0.9808945830523713,0.7775718365666853,0.7532717644896667,170,8728,0,8577
0.121,0.49566574202496533,1.0,0.6628028283296628,0.980782198246797,0.7775718365666853,0.7532717644896667,171,8727,0,8577
0.122,0.49578034682080924,1.0,0.662905282683464,0.9803326590244998,0.7775718365666853,0.7532717644896667,175,8723,0,8577
0.123,0.49598103278783323,1.0,0.6630846540394278,0.9795459653854799,0.7775718365666853,0.7532717644896667,182,8716,0,8577
0.124,0.49598103278783323,1.0,0.6630846540394278,0.9795459653854799,0.7775718365666853,0.7532717644896667,182,8716,0,8577
0.125,0.496038401480539,1.0,0.6631359208288232,0.9793211957743313,0.7775718365666853,0.7532717644896667,184,8714,0,8577
0.126,0.4962101487010357,0.999883409117407,0.6632637277648878,0.9785345021353113,0.7775718365666853,0.7532717644896667,191,8707,1,8576
0.127,0.4963824738091104,0.999883409117407,0.6634176529743947,0.9778601933018656,0.7775718365666853,0.7532717644896667,197,8701,1,8576
0.128,0.4964970181228649,0.9997668182348141,0.6634942742185082,0.9772982692739941,0.7775718365666853,0.7532717644896667,202,8696,2,8575
0.129,0.4966407969419669,0.9997668182348141,0.6636226444298263,0.9767363452461227,0.7775718365666853,0.7532717644896667,207,8691,2,8575
0.13,0.49681344148319817,0.9997668182348141,0.6637767542671363,0.976062036412677,0.7775718365666853,0.7532717644896667,213,8685,2,8575
0.131,0.49692860454334725,0.9997668182348141,0.6638795339294701,0.9756124971903799,0.7775718365666853,0.7532717644896667,217,8681,2,8575
0.132,0.4972167459120956,0.9997668182348141,0.6641366223908919,0.974488649134637,0.7775718365666853,0.7532717644896667,227,8671,2,8575
0.133,0.49733209604454237,0.9997668182348141,0.6642395135365428,0.9740391099123399,0.7775718365666853,0.7532717644896667,231,8667,2,8575
0.134,0.4977073538800859,0.9997668182348141,0.6645741300472758,0.9725781074398742,0.7775718365666853,0.7532717644896667,244,8654,2,8575
0.135,0.49793856338191744,0.9997668182348141,0.6647802155205831,0.9716790289952798,0.7775718365666853,0.7532717644896667,252,8646,2,8575
0.136,0.49802532233708907,0.9997668182348141,0.6648575305291724,0.971341874578557,0.7775718365666853,0.7532717644896667,255,8643,2,8575
0.137,0.49816998779991867,0.9997668182348141,0.6649864288483909,0.9707799505506856,0.7775718365666853,0.7532717644896667,260,8638,2,8575
0.138,0.4983435047951177,0.9996502273522211,0.6651151966488247,0.9699932569116655,0.7775718365666853,0.7532717644896667,267,8631,3,8574
0.139,0.4983724715182516,0.9996502273522211,0.6651409953066212,0.9698808721060913,0.7775718365666853,0.7532717644896667,268,8630,3,8574
0.14,0.49848837209302327,0.9996502273522211,0.6652442099546108,0.9694313328837941,0.7775718365666853,0.7532717644896667,272,8626,3,8574
0.14100000000000001,0.49860432658757853,0.9996502273522211,0.6653474566406705,0.968981793661497,0.7775718365666853,0.7532717644896667,276,8622,3,8574
0.14200000000000002,0.4987783595113438,0.9996502273522211,0.6655023867737804,0.9683074848280513,0.7775718365666853,0.7532717644896667,282,8616,3,8574
0.14300000000000002,0.49901059248050283,0.9996502273522211,0.6657090725571645,0.9674084063834569,0.7775718365666853,0.7532717644896667,290,8608,3,8574
0.14400000000000002,0.49924304180738327,0.9996502273522211,0.6659158867616792,0.9665093279388627,0.7775718365666853,0.7532717644896667,298,8600,3,8574
0.145,0.49933026614640963,0.9996502273522211,0.6659934752213764,0.9661721735221398,0.7775718365666853,0.7532717644896667,301,8597,3,8574
0.146,0.49941745310497493,0.9995336364696281,0.6660451384842482,0.9657226342998426,0.7775718365666853,0.7532717644896667,305,8593,4,8573
0.147,0.49944654820856393,0.9995336364696281,0.6660710123533525,0.9656102494942683,0.7775718365666853,0.7532717644896667,306,8592,4,8573
0.148,0.49956296253132104,0.9995336364696281,0.6661745279353486,0.9651607102719713,0.7775718365666853,0.7532717644896667,310,8588,4,8573
0.149,0.4997085567731406,0.9995336364696281,0.666303967667975,0.9645987862440998,0.7775718365666853,0.7532717644896667,315,8583,4,8573
0.15,0.499854235904612,0.9995336364696281,0.6664334577114428,0.9640368622162284,0.7775718365666853,0.7532717644896667,320,8578,4,8573
0.151,0.5,0.9995336364696281,0.66656299809509,0.9634749381883569,0.7775718365666853,0.7532717644896667,325,8573,4,8573
0.152,0.500145883176752,0.9993004547044421,0.6666407404526717,0.9626882445493369,0.7775718365666853,0.7532717644896667,332,8566,6,8571
0.153,0.500262651024339,0.9993004547044421,0.6667444574095682,0.9622387053270398,0.7775718365666853,0.7532717644896667,336,8562,6,8571
0.154,0.5004963503649635,0.9993004547044421,0.6669519881721268,0.9613396268824455,0.7775718365666853,0.7532717644896667,344,8554,6,8571
0.155,0.5007596120135561,0.9991838638218491,0.6671597057335252,0.9602157788267026,0.7775718365666853,0.7532717644896667,354,8544,7,8570
0.156,0.500788966162118,0.9990672729392561,0.6671597633136096,0.959991009215554,0.7775718365666853,0.7532717644896667,356,8542,8,8569
0.157,0.5009646302250804,0.9990672729392561,0.6673156296238612,0.9593167003821084,0.7775718365666853,0.7532717644896667,362,8536,8,8569
0.158,0.5011990407673861,0.9990672729392561,0.6675235646958011,0.958417621937514,0.7775718365666853,0.7532717644896667,370,8528,8,8569
0.159,0.5012579720320637,0.9988340911740702,0.6675237649992208,0.9579680827152169,0.7775718365666853,0.7532717644896667,374,8524,10,8567
0.16,0.5014633575275111,0.9988340911740702,0.66770585713729,0.9571813890761969,0.7775718365666853,0.7532717644896667,381,8517,10,8567
0.161,0.5016693024073098,0.9986009094088842,0.6678362573099416,0.9561699258260283,0.7775718365666853,0.7532717644896667,390,8508,12,8565
0.162,0.5018456670768149,0.9986009094088842,0.6679925128685072,0.9554956169925826,0.7775718365666853,0.7532717644896667,396,8502,12,8565
0.163,0.5019348030018762,0.9981345458785122,0.6679670736940663,0.9547089233535626,0.7775718365666853,0.7532717644896667,403,8495,16,8561
0.164,0.5019060465661838,0.9977847732307333,0.667863274543468,0.954484153742414,0.7775718365666853,0.7532717644896667,405,8493,19,8558
0.165,0.5020238165073033,0.9977847732307333,0.6679675304402123,0.9540346145201168,0.7775718365666853,0.7532717644896667,409,8489,19,8558
0.166,0.5023482446870964,0.9976681823481404,0.6682284955683104,0.9526859968532254,0.7775718365666853,0.7532717644896667,421,8477,20,8557
0.167,0.5025550660792951,0.9975515914655474,0.6683852823998125,0.9517869184086312,0.7775718365666853,0.7532717644896667,429,8469,21,8556
0.168,0.5026442590198613,0.9973184097003615,0.6684117991795272,0.9512249943807597,0.7775718365666853,0.7532717644896667,434,8464,23,8554
0.169,0.5027039736656478,0.9970852279351755,0.6684122083707843,0.9507754551584626,0.7775718365666853,0.7532717644896667,438,8460,25,8552
0.17,0.5027335253659397,0.9970852279351755,0.6684383304674067,0.9506630703528883,0.7775718365666853,0.7532717644896667,439,8459,25,8552
0.171,0.5028521023228463,0.9969686370525825,0.6685169259635682,0.9501011463250169,0.7775718365666853,0.7532717644896667,444,8454,26,8551
0.17200000000000001,0.5031479847013828,0.9969686370525825,0.6687783513217581,0.948977298269274,0.7775718365666853,0.7532717644896667,454,8444,26,8551
0.17300000000000001,0.5031783402001178,0.9967354552873965,0.668752689013181,0.9486401438525511,0.7775718365666853,0.7532717644896667,457,8441,28,8549
0.17400000000000002,0.5032083357861894,0.9966188644048035,0.6687529338131747,0.9484153742414025,0.7775718365666853,0.7532717644896667,459,8439,29,8548
0.17500000000000002,0.5033861374477357,0.9966188644048035,0.6689099303544879,0.9477410654079569,0.7775718365666853,0.7532717644896667,465,8433,29,8548
0.176,0.5034754948162111,0.9965022735222105,0.668962548428756,0.9472915261856597,0.7775718365666853,0.7532717644896667,469,8429,30,8547
0.177,0.5035352345038887,0.9963856826396176,0.6689890015264784,0.9469543717689368,0.7775718365666853,0.7532717644896667,472,8426,31,8546
0.178,0.5036246832085813,0.9962690917570246,0.6690416536172877,0.9465048325466396,0.7775718365666853,0.7532717644896667,476,8422,32,8545
0.179,0.5036844897718564,0.9961525008744316,0.6690681284259985,0.9461676781299169,0.7775718365666853,0.7532717644896667,479,8419,33,8544
0.18,0.5037744751120548,0.9959193191092457,0.6690948968002193,0.9456057541020454,0.7775718365666853,0.7532717644896667,484,8414,35,8542
0.181,0.503834808259587,0.9956861373440596,0.6690954675441688,0.9451562148797482,0.7775718365666853,0.7532717644896667,488,8410,37,8540
0.182,0.5039239983477901,0.9956861373440596,0.6691741106409653,0.9448190604630254,0.7775718365666853,0.7532717644896667,491,8407,37,8540
0.183,0.5038375250915103,0.9949865920485018,0.6689398393102098,0.9444819060463026,0.7775718365666853,0.7532717644896667,494,8404,43,8534
0.184,0.5038974843510098,0.9948700011659088,0.6689663282505585,0.9441447516295797,0.7775718365666853,0.7532717644896667,497,8401,44,8533
0.185,0.5038993264799716,0.9944036376355369,0.6688624867662627,0.9436952124072825,0.7775718365666853,0.7532717644896667,501,8397,48,8529
0.186,0.5039593428672734,0.9942870467529439,0.6688889760382759,0.9433580579905597,0.7775718365666853,0.7532717644896667,504,8394,49,8528
0.187,0.5041688841582402,0.9940538649877579,0.669020715630885,0.9423465947403911,0.7775718365666853,0.7532717644896667,513,8385,51,8526
0.188,0.5040520556048507,0.9934709105747931,0.6687858095910839,0.9422342099348168,0.7775718365666853,0.7532717644896667,514,8384,56,8521
0.189,0.5041434828933349,0.9930045470444211,0.6687605512151074,0.9414475162957968,0.7775718365666853,0.7532717644896667,521,8377,60,8517
0.19,0.5042932433232664,0.9928879561618281,0.6688658498272071,0.940773207462351,0.7775718365666853,0.7532717644896667,527,8371,61,8516
0.191,0.5042947692672235,0.9925381835140492,0.668787807369,0.9404360530456283,0.7775718365666853,0.7532717644896667,530,8368,64,8513
0.192,0.5043849253377578,0.9924215926314562,0.6688406081797824,0.9399865138233311,0.7775718365666853,0.7532717644896667,534,8364,65,8512
0.193,0.5044148148148148,0.9924215926314562,0.6688668866886689,0.9398741290177568,0.7775718365666853,0.7532717644896667,535,8363,65,8512
0.194,0.5044756654217796,0.9921884108662703,0.6688674054861274,0.9394245897954596,0.7775718365666853,0.7532717644896667,539,8359,67,8510
0.195,0.5046573716997923,0.9917220473358983,0.6689210443535701,0.9383007417397168,0.7775718365666853,0.7532717644896667,549,8349,71,8506
0.196,0.5047494656851105,0.9912556838055264,0.6688957948153103,0.9375140481006968,0.7775718365666853,0.7532717644896667,556,8342,75,8502
0.197,0.5047200617467197,0.9911390929229335,0.6688434303697874,0.9375140481006968,0.7775718365666853,0.7532717644896667,556,8342,76,8501
0.198,0.5048710942140905,0.9909059111577475,0.668922907402306,0.9367273544616768,0.7775718365666853,0.7532717644896667,563,8335,78,8499
0.199,0.5049016695383518,0.9907893202751544,0.6689231738035264,0.9365025848505282,0.7775718365666853,0.7532717644896667,565,8333,79,8498
0.2,0.563898811693519,0.9018304768567098,0.6939086749798152,0.672285906945381,0.7775718365666853,0.7532717644896667,2916,5982,842,7735
0.201,0.5639454293426717,0.901247522443745,0.6937713157422366,0.6717239829175096,0.7775718365666853,0.7532717644896667,2921,5977,847,7730
0.202,0.564014598540146,0.9008977497959659,0.6937199802486871,0.6712744436952124,0.7775718365666853,0.7532717644896667,2925,5973,850,7727
0.203,0.5640969484596291,0.9008977497959659,0.6937822671156004,0.6710496740840638,0.7775718365666853,0.7532717644896667,2927,5971,850,7727
0.20400000000000001,0.564321718167872,0.90066456803078,0.6938830503907302,0.6702629804450438,0.7775718365666853,0.7532717644896667,2934,5964,852,7725
0.20500000000000002,0.5644454186760193,0.90066456803078,0.6939765530251987,0.669925826028321,0.7775718365666853,0.7532717644896667,2937,5961,852,7725
0.20600000000000002,0.5646293317736512,0.900431386265594,0.6940462817344416,0.6692515171948753,0.7775718365666853,0.7532717644896667,2943,5955,854,7723
0.20700000000000002,0.5650106094973293,0.9003147953830011,0.6942995864053229,0.6681276691391324,0.7775718365666853,0.7532717644896667,2953,5945,855,7722
0.20800000000000002,0.5658164761067136,0.9000816136178151,0.6948382161018856,0.6657675882220724,0.7775718365666853,0.7532717644896667,2974,5924,857,7720
0.209,0.565899428236329,0.9000816136178151,0.6949007606102885,0.6655428186109238,0.7775718365666853,0.7532717644896667,2976,5922,857,7720
0.21,0.5659505828873085,0.899965022735222,0.6949045732805185,0.6653180489997752,0.7775718365666853,0.7532717644896667,2978,5920,858,7719
0.211,0.5658744131455399,0.8993820683222572,0.6946733306317258,0.6650932793886266,0.7775718365666853,0.7532717644896667,2980,5918,863,7714
0.212,0.5667352638541819,0.8990322956744783,0.6952170581075598,0.662508428860418,0.7775718365666853,0.7532717644896667,3003,5895,866,7711
0.213,0.5667548889869137,0.8987991139092923,0.6951620902655666,0.6622836592492695,0.7775718365666853,0.7532717644896667,3005,5893,868,7709
0.214,0.5669071102605624,0.8979829777311414,0.6950322609754999,0.6612721959991009,0.7775718365666853,0.7532717644896667,3014,5884,875,7702
0.215,0.5681902089640405,0.8971668415529905,0.695750452079566,0.6572263429984266,0.7775718365666853,0.7532717644896667,3050,5848,882,7695
0.216,0.5682523267838676,0.8969336597878046,0.695726882206647,0.6568891885817038,0.7775718365666853,0.7532717644896667,3053,5845,884,7693
0.217,0.5684202748633073,0.8969336597878046,0.6958527429786079,0.6564396493594066,0.7775718365666853,0.7532717644896667,3057,5841,884,7693
0.218,0.5685448092280391,0.8964672962574327,0.6958056196552193,0.6557653405259609,0.7775718365666853,0.7532717644896667,3063,5835,888,7689
0.219,0.5688175225691875,0.8962341144922467,0.695939522882622,0.6548662620813666,0.7775718365666853,0.7532717644896667,3071,5827,890,7687
0.22,0.5688378978534419,0.8960009327270607,0.6958844569203604,0.6546414924702181,0.7775718365666853,0.7532717644896667,3073,5825,892,7685
0.221,0.569301429735536,0.8960009327270607,0.6962312013045842,0.6534052596089008,0.7775718365666853,0.7532717644896667,3084,5814,892,7685
0.222,0.569279786603438,0.8957677509618748,0.6961446110632898,0.6532928748033265,0.7775718365666853,0.7532717644896667,3085,5813,894,7683
0.223,0.5693208778173191,0.8953013874315029,0.6960344436891004,0.6528433355810295,0.7775718365666853,0.7532717644896667,3089,5809,898,7679
0.224,0.569351728230233,0.8949516147837239,0.6959517657192076,0.6525061811643066,0.7775718365666853,0.7532717644896667,3092,5806,901,7676
0.225,0.5693506493506494,0.894485251253352,0.6958099038635952,0.6521690267475837,0.7775718365666853,0.7532717644896667,3095,5803,905,7672
0.226,0.5695083915045299,0.8941354786055731,0.6958218028399039,0.651494717914138,0.7775718365666853,0.7532717644896667,3101,5797,908,7669
0.227,0.5695053923391595,0.8927363880144573,0.6953955135773318,0.6504832546639694,0.7775718365666853,0.7532717644896667,3110,5788,920,7657
0.228,0.5697276380413752,0.8926197971318642,0.6955257778787189,0.6498089458305237,0.7775718365666853,0.7532717644896667,3116,5782,921,7656
0.229,0.569939700736991,0.8926197971318642,0.6956837800999546,0.6492470218026523,0.7775718365666853,0.7532717644896667,3121,5777,921,7656
0.23,0.5702035642383119,0.8915704791885275,0.6955612152082955,0.6477860193301865,0.7775718365666853,0.7532717644896667,3134,5764,930,7647
0.231,0.5702670446068925,0.8913372974233414,0.6955374607651368,0.6474488649134637,0.7775718365666853,0.7532717644896667,3137,5761,932,7645
0.232,0.5703615177771139,0.8902879794800047,0.6952879581151833,0.6464374016632951,0.7775718365666853,0.7532717644896667,3146,5752,941,7636
0.233,0.5704462216907094,0.8898216159496327,0.6952085990162143,0.6458754776354237,0.7775718365666853,0.7532717644896667,3151,5747,945,7632
0.234,0.5709368452559114,0.8895884341844468,0.6955015723987056,0.644414475162958,0.7775718365666853,0.7532717644896667,3164,5734,947,7630
0.23500000000000001,0.5709897355210909,0.8885391162411099,0.6952198503922641,0.6435153967183637,0.7775718365666853,0.7532717644896667,3172,5726,956,7621
0.23600000000000002,0.5727614747930775,0.8874897982977731,0.6962088992545845,0.638120926050798,0.7775718365666853,0.7532717644896667,3220,5678,965,7612
0.23700000000000002,0.572838947923732,0.8862072985892503,0.6958710976837865,0.6369970779950551,0.7775718365666853,0.7532717644896667,3230,5668,976,7601
0.23800000000000002,0.5729693038690701,0.8857409350588784,0.6958234108811138,0.6363227691616093,0.7775718365666853,0.7532717644896667,3236,5662,980,7597
0.23900000000000002,0.5731108930323847,0.8851579806459134,0.6957478005865103,0.6355360755225894,0.7775718365666853,0.7532717644896667,3243,5655,985,7592
0.24,0.5734038534189648,0.8848082079981345,0.6958554923895103,0.6345246122724207,0.7775718365666853,0.7532717644896667,3252,5646,988,7589
0.241,0.5734916074398911,0.8843418444677626,0.6957758106682566,0.6339626882445494,0.7775718365666853,0.7532717644896667,3257,5641,992,7585
0.242,0.5731476576099296,0.8829427538766469,0.6950894905920146,0.6338503034389751,0.7775718365666853,0.7532717644896667,3258,5640,1004,7573
0.243,0.5734525342829002,0.8824763903462749,0.6951689933872153,0.6327264553832321,0.7775718365666853,0.7532717644896667,3268,5630,1008,7569
0.244,0.5736810187992722,0.8823597994636819,0.6953006568974229,0.6320521465497865,0.7775718365666853,0.7532717644896667,3274,5624,1009,7568
0.245,0.5737692482742927,0.88189343593331,0.6952205882352941,0.631490222521915,0.7775718365666853,0.7532717644896667,3279,5619,1013,7564
0.246,0.5738575982996812,0.881427072402938,0.6951404533124914,0.6309282984940436,0.7775718365666853,0.7532717644896667,3284,5614,1017,7560
0.247,0.5738165792872882,0.8804943453421943,0.6948201306467937,0.6303663744661722,0.7775718365666853,0.7532717644896667,3289,5609,1025,7552
0.248,0.5737642585551331,0.8796782091640434,0.694527546370875,0.629916835243875,0.7775718365666853,0.7532717644896667,3293,5605,1032,7545
0.249,0.5736021300874857,0.8790952547510784,0.6942270509161218,0.629916835243875,0.7775718365666853,0.7532717644896667,3293,5605,1037,7540
0.25,0.573517094342496,0.8781625276903346,0.693873790879779,0.6294672960215779,0.7775718365666853,0.7532717644896667,3297,5601,1045,7532
0.251,0.5737142857142857,0.8779293459251487,0.6939452585015207,0.6287929871881321,0.7775718365666853,0.7532717644896667,3303,5595,1047,7530
0.252,0.5735518292682927,0.8773463915121837,0.693644282619717,0.6287929871881321,0.7775718365666853,0.7532717644896667,3303,5595,1052,7525
0.253,0.5737604881769641,0.8769966188644048,0.6936874625351593,0.6280062935491122,0.7775718365666853,0.7532717644896667,3310,5588,1055,7522
0.254,0.5745168436330303,0.8768800279818119,0.6942034336348532,0.625983367048775,0.7775718365666853,0.7532717644896667,3328,5570,1056,7521
0.255,0.5745624092333562,0.8764136644514399,0.694090489381348,0.6255338278264778,0.7775718365666853,0.7532717644896667,3332,5566,1060,7517
0.256,0.574651981031054,0.875947300921068,0.6940095145720752,0.6249719037986065,0.7775718365666853,0.7532717644896667,3337,5561,1064,7513
0.257,0.5747205634665442,0.87524775562551,0.69383982623966,0.6242975949651607,0.7775718365666853,0.7532717644896667,3343,5555,1070,7507
0.258,0.5749425287356322,0.8747813920951382,0.6938549035927314,0.6233985165205664,0.7775718365666853,0.7532717644896667,3351,5547,1074,7503
0.259,0.5749099547858073,0.8746648012125452,0.6937945066124109,0.6233985165205664,0.7775718365666853,0.7532717644896667,3351,5547,1075,7502
0.26,0.575097753584298,0.8745482103299522,0.6938945420906567,0.622836592492695,0.7775718365666853,0.7532717644896667,3356,5542,1076,7501
0.261,0.5752646923431026,0.8741984376821732,0.6939058812641709,0.6221622836592493,0.7775718365666853,0.7532717644896667,3362,5536,1079,7498
0.262,0.5754087036610638,0.8740818467995802,0.6939738961399611,0.6217127444369521,0.7775718365666853,0.7532717644896667,3366,5532,1080,7497
0.263,0.5754760442260443,0.8738486650343943,0.693949354196565,0.6213755900202292,0.7775718365666853,0.7532717644896667,3369,5529,1082,7495
0.264,0.5757203227045716,0.8736154832692083,0.6940533530937384,0.6205888963812093,0.7775718365666853,0.7532717644896667,3376,5522,1084,7493
0.265,0.5758763837638377,0.8733823015040224,0.6940931202223766,0.6200269723533378,0.7775718365666853,0.7532717644896667,3381,5517,1086,7491
0.266,0.5759440129200953,0.8731491197388365,0.6940685820203892,0.6196898179366149,0.7775718365666853,0.7532717644896667,3384,5514,1088,7489
0.267,0.576265968908727,0.8730325288562435,0.6942654489824301,0.6187907394920207,0.7775718365666853,0.7532717644896667,3392,5506,1089,7488
0.268,0.5763690980512979,0.8724495744432785,0.6941558441558441,0.6181164306585749,0.7775718365666853,0.7532717644896667,3398,5500,1094,7483
0.269,0.5764044077984126,0.8720998017954996,0.6940707061334324,0.6177792762418521,0.7775718365666853,0.7532717644896667,3401,5497,1097,7480
0.27,0.5765168452702182,0.8718666200303137,0.694078336736588,0.617329737019555,0.7775718365666853,0.7532717644896667,3405,5493,1099,7478
0.271,0.5765731030228254,0.8717500291477206,0.6940821536319332,0.6171049674084064,0.7775718365666853,0.7532717644896667,3407,5491,1100,7477
0.272,0.5765758814906258,0.8712836656173487,0.6939362986349707,0.6167678129916835,0.7775718365666853,0.7532717644896667,3410,5488,1104,7473
0.273,0.5764569664222308,0.8707007112043839,0.6936652424298718,0.6166554281861092,0.7775718365666853,0.7532717644896667,3411,5487,1109,7468
0.274,0.5764596848934198,0.8702343476740119,0.693519163763066,0.6163182737693864,0.7775718365666853,0.7532717644896667,3414,5484,1113,7464
0.275,0.5765487409238375,0.8702343476740119,0.693583608233053,0.6160935041582378,0.7775718365666853,0.7532717644896667,3416,5482,1113,7464
0.276,0.5765723999381858,0.8700011659088259,0.6935266508666759,0.6158687345470892,0.7775718365666853,0.7532717644896667,3418,5480,1115,7462
0.277,0.576661514683153,0.8700011659088259,0.6935911140028814,0.6156439649359406,0.7775718365666853,0.7532717644896667,3420,5478,1115,7462
0.278,0.5767060823865832,0.8700011659088259,0.6936233500650678,0.6155315801303664,0.7775718365666853,0.7532717644896667,3421,5477,1115,7462
0.279,0.576619761867945,0.869534802378454,0.6934126725861187,0.6154191953247921,0.7775718365666853,0.7532717644896667,3422,5476,1119,7458
0.28,0.5766671824230234,0.869068438848082,0.6932986094963492,0.614969656102495,0.7775718365666853,0.7532717644896667,3426,5472,1123,7454
0.281,0.5766491173738,0.8683688935525242,0.6930628576745917,0.6145201168801978,0.7775718365666853,0.7532717644896667,3430,5468,1129,7448
0.28200000000000003,0.5766937669376694,0.8683688935525242,0.6930951051554066,0.6144077320746235,0.7775718365666853,0.7532717644896667,3431,5467,1129,7448
0.28300000000000003,0.5766310243297691,0.8676693482569663,0.6928268863752736,0.6140705776579006,0.7775718365666853,0.7532717644896667,3434,5464,1135,7442
0.28400000000000003,0.5768992248062016,0.8676693482569663,0.6930204404712018,0.613396268824455,0.7775718365666853,0.7532717644896667,3440,5458,1135,7442
0.28500000000000003,0.57712291585886,0.8676693482569663,0.6931818181818182,0.6128343447965835,0.7775718365666853,0.7532717644896667,3445,5453,1135,7442
0.28600000000000003,0.576701896176562,0.8652209397225137,0.6920960596875728,0.6121600359631378,0.7775718365666853,0.7532717644896667,3451,5447,1156,7421
0.28700000000000003,0.5767257462686567,0.8649877579573277,0.692038617601791,0.6119352663519892,0.7775718365666853,0.7532717644896667,3453,5445,1158,7419
0.28800000000000003,0.576794463022008,0.8647545761921418,0.6920134353424147,0.6115981119352664,0.7775718365666853,0.7532717644896667,3456,5442,1160,7417
0.289,0.576908114837003,0.8645213944269559,0.6920205319645356,0.6111485727129692,0.7775718365666853,0.7532717644896667,3460,5438,1162,7415
0.29,0.5769440336265276,0.8641716217791768,0.6919342793129202,0.6108114182962463,0.7775718365666853,0.7532717644896667,3463,5435,1165,7412
0.291,0.5766923736075407,0.86312230383584,0.6914168301111422,0.6106990334906721,0.7775718365666853,0.7532717644896667,3464,5434,1174,7403
0.292,0.5769080845092384,0.8627725311880611,0.6914595402728463,0.609912339851652,0.7775718365666853,0.7532717644896667,3471,5427,1177,7400
0.293,0.5768120465007412,0.8619563950099102,0.6911283537440404,0.6095751854349292,0.7775718365666853,0.7532717644896667,3474,5424,1184,7393
0.294,0.5766828049351866,0.8610236679491664,0.6907356311088249,0.6092380310182063,0.7775718365666853,0.7532717644896667,3477,5421,1192,7385
0.295,0.5766617199093962,0.8607904861839805,0.6906454630495791,0.6091256462126321,0.7775718365666853,0.7532717644896667,3478,5420,1194,7383
0.296,0.5768839502308475,0.8595079864754576,0.6903914590747331,0.6076646437401664,0.7775718365666853,0.7532717644896667,3491,5407,1205,7372
0.297,0.5772606174580787,0.8589250320624927,0.6904728431510381,0.6063160260732748,0.7775718365666853,0.7532717644896667,3503,5395,1210,7367
0.298,0.5776227066018504,0.8589250320624927,0.6907317987904928,0.6054169476286806,0.7775718365666853,0.7532717644896667,3511,5387,1210,7367
0.299,0.577683615819209,0.8583420776495279,0.6905867454622203,0.6048550236008091,0.7775718365666853,0.7532717644896667,3516,5382,1215,7362
0.3,0.5777812696417347,0.857409350588784,0.6903543769068293,0.6039559451562149,0.7775718365666853,0.7532717644896667,3524,5374,1223,7354
0.301,0.5777847653486361,0.856942987058412,0.6902056531129683,0.603618790739492,0.7775718365666853,0.7532717644896667,3527,5371,1227,7350
0.302,0.5779001179709005,0.856709805293226,0.6902122863047153,0.6031692515171949,0.7775718365666853,0.7532717644896667,3531,5367,1229,7348
0.303,0.5780610638967579,0.8564766235280401,0.6902513507164669,0.6026073274893234,0.7775718365666853,0.7532717644896667,3536,5362,1231,7346
0.304,0.5780437864230588,0.8557770782324822,0.6900117508813162,0.6021577882670263,0.7775718365666853,0.7532717644896667,3540,5358,1237,7340
0.305,0.578275264070629,0.8553107147021103,0.6900249259276677,0.601258709822432,0.7775718365666853,0.7532717644896667,3548,5350,1241,7336
0.306,0.5780917054691816,0.8540282149935875,0.689476656626506,0.6008091706001348,0.7775718365666853,0.7532717644896667,3552,5346,1252,7325
0.307,0.5780164245104232,0.8534452605806226,0.6892330869544749,0.6005844009889862,0.7775718365666853,0.7532717644896667,3554,5344,1257,7320
0.308,0.5779867256637168,0.8528623061676577,0.689021805679838,0.6002472465722635,0.7775718365666853,0.7532717644896667,3557,5341,1262,7315
0.309,0.5778445481141773,0.8520461699895068,0.6886543535620053,0.6000224769611149,0.7775718365666853,0.7532717644896667,3559,5339,1269,7308
0.31,0.5780978002848552,0.8518129882243208,0.6887579542776336,0.5992357833220948,0.7775718365666853,0.7532717644896667,3566,5332,1271,7306
0.311,0.5782970297029703,0.851230033811356,0.6887086123950571,0.5983367048775006,0.7775718365666853,0.7532717644896667,3574,5324,1276,7301
0.312,0.5781881588333201,0.850530488515798,0.6884023780315183,0.598111935266352,0.7775718365666853,0.7532717644896667,3576,5322,1282,7295
0.313,0.5783170751050837,0.8501807158680191,0.6883791182856605,0.5975500112384805,0.7775718365666853,0.7532717644896667,3581,5317,1285,7292
0.314,0.578458607826018,0.8497143523376472,0.6883264072534946,0.5968757024050348,0.7775718365666853,0.7532717644896667,3587,5311,1289,7288
0.315,0.5785294584722884,0.8494811705724612,0.6883000330640971,0.596538547988312,0.7775718365666853,0.7532717644896667,3590,5308,1291,7286
0.316,0.5789682855098959,0.8492479888072753,0.688533887891105,0.5953023151269948,0.7775718365666853,0.7532717644896667,3601,5297,1293,7284
0.317,0.579651301647958,0.8488982161594963,0.6889015043996594,0.5933917734322319,0.7775718365666853,0.7532717644896667,3618,5280,1296,7281
0.318,0.5792916400765794,0.8466829893902297,0.6879173968644912,0.5927174645987863,0.7775718365666853,0.7532717644896667,3624,5274,1315,7262
0.319,0.5793758480325645,0.8463332167424508,0.6878612716763006,0.5922679253764891,0.7775718365666853,0.7532717644896667,3628,5270,1318,7259
0.32,0.579658037711729,0.8458668532120788,0.6879059403593608,0.5912564621263205,0.7775718365666853,0.7532717644896667,3637,5261,1322,7255
0.321,0.5793097926175034,0.8435350355602191,0.6868888255957467,0.5904697684873005,0.7775718365666853,0.7532717644896667,3644,5254,1342,7235
0.322,0.5790865384615385,0.8426023084994754,0.6864225673172817,0.5903573836817262,0.7775718365666853,0.7532717644896667,3645,5253,1350,7227
0.323,0.5791245791245792,0.8422525358516963,0.6863331908222887,0.5900202292650034,0.7775718365666853,0.7532717644896667,3648,5250,1353,7224
0.324,0.5795554842333307,0.8421359449691034,0.686596958174905,0.5888963812092605,0.7775718365666853,0.7532717644896667,3658,5240,1354,7223
0.325,0.5801318116058511,0.8415529905561385,0.6868071744612018,0.587098224320072,0.7775718365666853,0.7532717644896667,3674,5224,1359,7218
0.326,0.5803700724054707,0.8410866270257665,0.6868186794877899,0.5861991458754776,0.7775718365666853,0.7532717644896667,3682,5216,1363,7214
0.327,0.5803852042872109,0.8396875364346508,0.6863623367959591,0.5851876826253091,0.7775718365666853,0.7532717644896667,3691,5207,1375,7202
0.328,0.580543679922562,0.8391045820216859,0.6862782492609898,0.584400988986289,0.7775718365666853,0.7532717644896667,3698,5200,1380,7197
0.329,0.58052010983686,0.8380552640783491,0.685910587337182,0.5837266801528433,0.7775718365666853,0.7532717644896667,3704,5194,1389,7188
0.33,0.580517380759903,0.8372391279001982,0.6856351744879935,0.5831647561249719,0.7775718365666853,0.7532717644896667,3709,5189,1396,7181
0.331,0.580600761071978,0.8360732190742683,0.6853019877675841,0.5821532928748033,0.7775718365666853,0.7532717644896667,3718,5180,1406,7171
0.332,0.5807601912634736,0.8354902646613035,0.6852170587110347,0.5813665992357834,0.7775718365666853,0.7532717644896667,3725,5173,1411,7166
0.333,0.5809879146727228,0.8351404920135246,0.685257820721324,0.5805799055967633,0.7775718365666853,0.7532717644896667,3732,5166,1414,7163
0.334,0.581140350877193,0.8342077649527807,0.6850495476087893,0.5795684423465948,0.7775718365666853,0.7532717644896667,3741,5157,1422,7155
0.335,0.5813480770794374,0.8336248105398157,0.6849971258861851,0.5786693639020004,0.7775718365666853,0.7532717644896667,3749,5149,1427,7150
0.336,0.5812932086213908,0.8332750378920368,0.6848409352242238,0.5785569790964261,0.7775718365666853,0.7532717644896667,3750,5148,1430,7147
0.337,0.581501384139391,0.832692083479072,0.6847883407641785,0.5776579006518319,0.7775718365666853,0.7532717644896667,3758,5140,1435,7142
0.338,0.5818122555410691,0.8324589017138859,0.6849249364477912,0.5767588222072376,0.7775718365666853,0.7532717644896667,3766,5132,1437,7140
0.339,0.5817425354870289,0.8314095837705492,0.6845212383009359,0.5761968981793661,0.7775718365666853,0.7532717644896667,3771,5127,1446,7131
0.34,0.5817751286029231,0.8307100384749913,0.6843065693430657,0.5756349741514947,0.7775718365666853,0.7532717644896667,3776,5122,1452,7125
0.341,0.5819102867881363,0.8303602658272123,0.684281322059954,0.5750730501236233,0.7775718365666853,0.7532717644896667,3781,5117,1455,7122
0.342,0.5818137214817237,0.8295441296490614,0.683937325771412,0.5747358957069004,0.7775718365666853,0.7532717644896667,3784,5114,1462,7115
0.343,0.5828758705448587,0.8294275387664685,0.6846309306130306,0.5721510451786919,0.7775718365666853,0.7532717644896667,3807,5091,1463,7114
0.34400000000000003,0.5825951443569554,0.8281450390579457,0.6840001925947324,0.5719262755675433,0.7775718365666853,0.7532717644896667,3809,5089,1474,7103
0.34500000000000003,0.5828135259356533,0.8279118572927597,0.6840710948412889,0.5712519667340975,0.7775718365666853,0.7532717644896667,3815,5083,1476,7101
0.34600000000000003,0.5828135259356533,0.8279118572927597,0.6840710948412889,0.5712519667340975,0.7775718365666853,0.7532717644896667,3815,5083,1476,7101
0.34700000000000003,0.5828679369250985,0.8274454937623877,0.683949308533706,0.5708024275118004,0.7775718365666853,0.7532717644896667,3819,5079,1480,7097
0.34800000000000003,0.5830525191090655,0.8270957211146088,0.6839568067875049,0.5701281186783547,0.7775718365666853,0.7532717644896667,3825,5073,1483,7094
0.34900000000000003,0.5832716506291635,0.8268625393494229,0.6840277777777778,0.569453809844909,0.7775718365666853,0.7532717644896667,3831,5067,1485,7092
0.35000000000000003,0.5830246151313081,0.8256966305234931,0.6834587917390464,0.5692290402337604,0.7775718365666853,0.7532717644896667,3833,5065,1495,7082
0.35100000000000003,0.5830039525691699,0.8254634487583071,0.6833647024757493,0.5691166554281861,0.7775718365666853,0.7532717644896667,3834,5064,1497,7080
0.352,0.5832920996206499,0.8246473125801562,0.6832826160459836,0.567880422566869,0.7775718365666853,0.7532717644896667,3845,5053,1504,7073
0.353,0.5834777585210861,0.8242975399323773,0.6832898424664154,0.5672061137334232,0.7775718365666853,0.7532717644896667,3851,5047,1507,7070
0.354,0.5834227689259474,0.8239477672845984,0.68313194780087,0.5670937289278489,0.7775718365666853,0.7532717644896667,3852,5046,1510,7067
0.355,0.5836431226765799,0.8237145855194123,0.6832027850304613,0.5664194200944033,0.7775718365666853,0.7532717644896667,3858,5040,1512,7065
0.356,0.583732848404695,0.8233648128716334,0.6831438935912939,0.5659698808721061,0.7775718365666853,0.7532717644896667,3862,5036,1515,7062
0.357,0.5838088150169519,0.8231316311064475,0.683115626511853,0.5656327264553832,0.7775718365666853,0.7532717644896667,3865,5033,1517,7060
0.358,0.5836437381011506,0.8220823131631106,0.6826411075612353,0.5652955720386603,0.7775718365666853,0.7532717644896667,3868,5030,1526,7051
0.359,0.5838303512259775,0.8217325405153317,0.6826480701244613,0.5646212632052147,0.7775718365666853,0.7532717644896667,3874,5024,1529,7048
0.36,0.5837824392670591,0.8209164043371808,0.6823335594534353,0.5641717239829175,0.7775718365666853,0.7532717644896667,3878,5020,1536,7041
0.361,0.5838725734196117,0.8205666316894019,0.6822742474916388,0.5637221847606204,0.7775718365666853,0.7532717644896667,3882,5016,1539,7038
0.362,0.5830700149675703,0.8175352687419843,0.6806775712274911,0.5634974151494718,0.7775718365666853,0.7532717644896667,3884,5014,1565,7012
0.363,0.5834998334998335,0.8171854960942054,0.6808489970372529,0.5622611822881547,0.7775718365666853,0.7532717644896667,3895,5003,1568,7009
0.364,0.5834443704197202,0.8168357234464265,0.6806898226864221,0.5621487974825804,0.7775718365666853,0.7532717644896667,3896,5002,1571,7006
0.365,0.58376396066011,0.8166025416812406,0.6808262454434993,0.561249719037986,0.7775718365666853,0.7532717644896667,3904,4994,1573,7004
0.366,0.5836462244472257,0.8155532237379037,0.6803812858671336,0.560800179815689,0.7775718365666853,0.7532717644896667,3908,4990,1582,6995
0.367,0.5835630167877724,0.8146204966771599,0.6799999999999999,0.5603506405933918,0.7775718365666853,0.7532717644896667,3912,4986,1590,6987
0.368,0.5835073941014287,0.8142707240293809,0.6798403582205782,0.5602382557878175,0.7775718365666853,0.7532717644896667,3913,4985,1593,6984
0.369,0.5834378920953576,0.8132214060860441,0.6794272355347749,0.559676331759946,0.7775718365666853,0.7532717644896667,3918,4980,1602,6975
0.37,0.5836054592648413,0.8126384516730791,0.6793372319688109,0.5588896381209261,0.7775718365666853,0.7532717644896667,3925,4973,1607,6970
0.371,0.5838150289017341,0.8125218607904862,0.6794384322901433,0.5583277140930546,0.7775718365666853,0.7532717644896667,3930,4968,1608,6969
0.372,0.5840388968061028,0.8122886790253002,0.6795084365551547,0.5576534052596089,0.7775718365666853,0.7532717644896667,3936,4962,1610,6967
0.373,0.5841027362766493,0.8113559519645563,0.6792250256210044,0.5568667116205889,0.7775718365666853,0.7532717644896667,3943,4955,1618,6959
0.374,0.5855795148247979,0.8105398157864055,0.6799354491662185,0.5529332434254889,0.7775718365666853,0.7532717644896667,3978,4920,1625,6952
0.375,0.5856577062442067,0.8103066340212195,0.6799060849148894,0.552596089008766,0.7775718365666853,0.7532717644896667,3981,4917,1627,6950
0.376,0.5854830551340415,0.8097236796082546,0.6795831498605607,0.552596089008766,0.7775718365666853,0.7532717644896667,3981,4917,1632,6945
0.377,0.5854131534569983,0.8094904978430687,0.6794539315946567,0.552596089008766,0.7775718365666853,0.7532717644896667,3981,4917,1634,6943
0.378,0.5854419703103914,0.8092573160778828,0.6793911809328048,0.5523713193976174,0.7775718365666853,0.7532717644896667,3983,4915,1636,6941
0.379,0.5852896470190846,0.8080914072519529,0.6788775160389832,0.5519217801753203,0.7775718365666853,0.7532717644896667,3987,4911,1646,6931
0.38,0.5855802552616008,0.8077416346041739,0.6789494315954527,0.551022701730726,0.7775718365666853,0.7532717644896667,3995,4903,1649,6928
0.381,0.5855886332882273,0.807275271073802,0.6787902553796382,0.5506855473140031,0.7775718365666853,0.7532717644896667,3998,4900,1653,6924
0.382,0.5856115107913669,0.8066923166608371,0.6785994507650058,0.550236008091706,0.7775718365666853,0.7532717644896667,4002,4896,1658,6919
0.383,0.5857396900668981,0.8064591348956511,0.6786029628176199,0.5497864688694089,0.7775718365666853,0.7532717644896667,4006,4892,1660,6917
0.384,0.5858825523260741,0.8061093622478722,0.6785749337520856,0.5492245448415374,0.7775718365666853,0.7532717644896667,4011,4887,1663,6914
0.385,0.5859613428280773,0.8058761804826863,0.678545133264615,0.5488873904248146,0.7775718365666853,0.7532717644896667,4014,4884,1665,6912
0.386,0.5861629881154499,0.8050600443045354,0.6783907255489512,0.547875927174646,0.7775718365666853,0.7532717644896667,4023,4875,1672,6905
0.387,0.5862361937128292,0.8044770898915705,0.6782326632918857,0.5473140031467746,0.7775718365666853,0.7532717644896667,4028,4870,1677,6900
0.388,0.5863242047967341,0.8037775445960126,0.6780427833784116,0.5466396943133288,0.7775718365666853,0.7532717644896667,4034,4864,1683,6894
0.389,0.5861130020422056,0.8030779993004548,0.677652614491613,0.5466396943133288,0.7775718365666853,0.7532717644896667,4034,4864,1689,6888
0.39,0.5860572012257406,0.8027282266526757,0.6774907749077491,0.5465273095077545,0.7775718365666853,0.7532717644896667,4035,4863,1692,6885
0.391,0.5860013623978202,0.8023784540048968,0.677328871610649,0.5464149247021802,0.7775718365666853,0.7532717644896667,4036,4862,1695,6882
0.392,0.5858603066439523,0.8019120904745249,0.6770684648324063,0.5464149247021802,0.7775718365666853,0.7532717644896667,4036,4862,1699,6878
0.393,0.585939497230507,0.8016789087093389,0.6770382040173296,0.5460777702854575,0.7775718365666853,0.7532717644896667,4039,4859,1701,6876
0.394,0.5860127931769723,0.801095954296374,0.676879125209339,0.545515846257586,0.7775718365666853,0.7532717644896667,4044,4854,1706,6871
0.395,0.5858948087431693,0.8000466363530372,0.6764256493666518,0.5450663070352888,0.7775718365666853,0.7532717644896667,4048,4850,1715,6862
0.396,0.5859595183192416,0.7999300454704442,0.676427092576161,0.5448415374241402,0.7775718365666853,0.7532717644896667,4050,4848,1716,6861
0.397,0.5859682105622971,0.7994636819400723,0.676266088071404,0.5445043830074174,0.7775718365666853,0.7532717644896667,4053,4845,1720,6857
0.398,0.5861921464624861,0.7988807275271074,0.6762064541596763,0.5436053045628231,0.7775718365666853,0.7532717644896667,4061,4837,1725,6852
0.399,0.5859174233339044,0.7974816369359916,0.675522196434744,0.5432681501461002,0.7775718365666853,0.7532717644896667,4064,4834,1737,6840
0.4,0.5858256920044562,0.7970152734056197,0.6752938852118937,0.543155765340526,0.7775718365666853,0.7532717644896667,4065,4833,1741,6836
0.401,0.5858906223212755,0.7968986825230266,0.6752951637603123,0.5429309957293774,0.7775718365666853,0.7532717644896667,4067,4831,1742,6835
0.402,0.5860560843838436,0.7967820916404337,0.675363178179662,0.5424814565070802,0.7775718365666853,0.7532717644896667,4071,4827,1743,6834
0.403,0.5858932555345804,0.7960825463448759,0.6750037071820473,0.542369071701506,0.7775718365666853,0.7532717644896667,4072,4826,1749,6828
0.404,0.5859522582861069,0.7956161828145039,0.6748751421648618,0.5419195324792088,0.7775718365666853,0.7532717644896667,4076,4822,1753,6824
0.405,0.5858247422680413,0.795033228401539,0.6745807983380324,0.5418071476736345,0.7775718365666853,0.7532717644896667,4077,4821,1758,6819
0.406,0.5857118294360385,0.7943336831059811,0.674254045227374,0.541582378062486,0.7775718365666853,0.7532717644896667,4079,4819,1764,6813
0.40700000000000003,0.5855716253443526,0.7930511833974583,0.6736988065171098,0.5410204540346145,0.7775718365666853,0.7532717644896667,4084,4814,1775,6802
0.40800000000000003,0.5858385735205444,0.7929345925148653,0.6738333498464282,0.5403461452011687,0.7775718365666853,0.7532717644896667,4090,4808,1776,6801
0.40900000000000003,0.5857672094425778,0.7927014107496794,0.6737019421323821,0.5403461452011687,0.7775718365666853,0.7532717644896667,4090,4808,1778,6799
0.41000000000000003,0.5857819905213271,0.7925848198670864,0.673669606580121,0.5402337603955946,0.7775718365666853,0.7532717644896667,4091,4807,1779,6798
0.41100000000000003,0.5857549366215401,0.7920018654541214,0.6734410627540398,0.5398966059788717,0.7775718365666853,0.7532717644896667,4094,4804,1784,6793
0.41200000000000003,0.5855132521799189,0.7907193657455986,0.6728174603174604,0.5395594515621488,0.7775718365666853,0.7532717644896667,4097,4801,1795,6782
0.41300000000000003,0.5854711928824393,0.7902530022152268,0.6726208196883994,0.5393346819510002,0.7775718365666853,0.7532717644896667,4099,4799,1799,6778
0.41400000000000003,0.5855365474339036,0.7901364113326338,0.672621706118803,0.5391099123398516,0.7775718365666853,0.7532717644896667,4101,4797,1800,6777
0.41500000000000004,0.5854819172867278,0.788970502506704,0.6721629004221505,0.538435603506406,0.7775718365666853,0.7532717644896667,4107,4791,1810,6767
0.41600000000000004,0.5855832467982001,0.788970502506704,0.6722296726766999,0.5382108338952574,0.7775718365666853,0.7532717644896667,4109,4789,1810,6767
0.417,0.5854334459166883,0.7881543663285531,0.6718346253229974,0.5379860642841088,0.7775718365666853,0.7532717644896667,4111,4787,1817,6760
0.418,0.5866921473245309,0.7874548210329952,0.6724077853551694,0.5347269049224544,0.7775718365666853,0.7532717644896667,4140,4758,1823,6754
0.419,0.5866655076495132,0.7868718666200303,0.6721776803944026,0.5343897505057317,0.7775718365666853,0.7532717644896667,4143,4755,1828,6749
0.42,0.5867165087368512,0.7868718666200303,0.6722111553784861,0.5342773657001574,0.7775718365666853,0.7532717644896667,4144,4754,1828,6749
0.421,0.58665970953996,0.7865220939722514,0.6720462243474796,0.5341649808945831,0.7775718365666853,0.7532717644896667,4145,4753,1831,6746
0.422,0.5866539063859405,0.7861723213244725,0.6719147028050421,0.5339402112834345,0.7775718365666853,0.7532717644896667,4147,4751,1834,6743
0.423,0.5866330171438517,0.7859391395592865,0.6718158261909507,0.5338278264778602,0.7775718365666853,0.7532717644896667,4148,4750,1836,6741
0.424,0.5866271983283998,0.7855893669115075,0.6716841947864228,0.5336030568667116,0.7775718365666853,0.7532717644896667,4150,4748,1839,6738
0.425,0.5864831910816931,0.7851230033811356,0.6714193130265715,0.5336030568667116,0.7775718365666853,0.7532717644896667,4150,4748,1843,6734
0.426,0.5866666666666667,0.7848898216159497,0.6714542190305207,0.5330411328388401,0.7775718365666853,0.7532717644896667,4155,4743,1845,6732
0.427,0.5869678995115143,0.7845400489681706,0.6715233770769922,0.5321420543942459,0.7775718365666853,0.7532717644896667,4163,4735,1848,6729
0.428,0.5867458307866934,0.7834907310248339,0.670993509735397,0.5319172847830973,0.7775718365666853,0.7532717644896667,4165,4733,1857,6720
0.429,0.58679706601467,0.7834907310248339,0.6710270108342903,0.531804899977523,0.7775718365666853,0.7532717644896667,4166,4732,1857,6720
0.43,0.5868064657055483,0.7830243674944619,0.6708620517430827,0.5314677455608002,0.7775718365666853,0.7532717644896667,4169,4729,1861,6716
0.431,0.5869755244755245,0.7829077766118689,0.6709297097467153,0.531018206338503,0.7775718365666853,0.7532717644896667,4173,4725,1862,6715
0.432,0.5868614415675297,0.782208231316311,0.6705982307961417,0.5307934367273545,0.7775718365666853,0.7532717644896667,4175,4723,1868,6709
0.433,0.5867833698030634,0.7816252769033462,0.6703329667033296,0.5305686671162059,0.7775718365666853,0.7532717644896667,4177,4721,1873,6704
0.434,0.5873377762188706,0.7809257316077882,0.6704369150693159,0.5288828950325916,0.7775718365666853,0.7532717644896667,4192,4706,1879,6698
0.435,0.5871567681375559,0.7803427771948234,0.6701041249499399,0.5288828950325916,0.7775718365666853,0.7532717644896667,4192,4706,1884,6693
0.436,0.587208282154764,0.7803427771948234,0.6701376720901127,0.5287705102270173,0.7775718365666853,0.7532717644896667,4193,4705,1884,6693
0.437,0.5875998946166682,0.7801095954296374,0.6703065517932278,0.5277590469768487,0.7775718365666853,0.7532717644896667,4202,4696,1886,6691
0.438,0.5874340949033392,0.7794100501340795,0.6699403717993686,0.5276466621712744,0.7775718365666853,0.7532717644896667,4203,4695,1892,6685
0.439,0.5872890295358649,0.7789436866037076,0.6696737332731919,0.5276466621712744,0.7775718365666853,0.7532717644896667,4203,4695,1896,6681
0.44,0.5876297730072145,0.7787105048385217,0.6698089555232413,0.5267475837266802,0.7775718365666853,0.7532717644896667,4211,4687,1898,6679
0.441,0.587903864776829,0.7785939139559287,0.6699438202247191,0.5260732748932344,0.7775718365666853,0.7532717644896667,4217,4681,1899,6678
0.442,0.5880902043692742,0.7783607321907426,0.6699784234030809,0.525511350865363,0.7775718365666853,0.7532717644896667,4222,4676,1901,6676
0.443,0.5884323752424616,0.7781275504255567,0.6701139615442542,0.5246122724207687,0.7775718365666853,0.7532717644896667,4230,4668,1903,6674
0.444,0.5884947944238574,0.7776611868951848,0.6699814173070163,0.5241627331984716,0.7775718365666853,0.7532717644896667,4234,4664,1907,6670
0.445,0.5884221673138016,0.7774280051299989,0.6698478075242351,0.5241627331984716,0.7775718365666853,0.7532717644896667,4234,4664,1909,6668
0.446,0.588386070355312,0.7761455054214761,0.6693479463073753,0.5233760395594516,0.7775718365666853,0.7532717644896667,4241,4657,1920,6657
0.447,0.5885214007782101,0.77591232365629,0.6693487553432236,0.5229265003371544,0.7775718365666853,0.7532717644896667,4245,4653,1922,6655
0.448,0.5884278510130054,0.7754459601259182,0.6691146881287727,0.5228141155315801,0.7775718365666853,0.7532717644896667,4246,4652,1926,6651
0.449,0.5885790172642762,0.7750961874781392,0.6690821256038647,0.5222521915037087,0.7775718365666853,0.7532717644896667,4251,4647,1929,6648
0.45,0.5885947046843177,0.7749795965955463,0.6690488173125315,0.5221398066981344,0.7775718365666853,0.7532717644896667,4252,4646,1930,6647
0.451,0.5893886966551326,0.7745132330651743,0.6693873438129787,0.5201168801977972,0.7775718365666853,0.7532717644896667,4270,4628,1934,6643
0.452,0.589368122115726,0.7742800512999883,0.6692869740488789,0.5200044953922229,0.7775718365666853,0.7532717644896667,4271,4627,1936,6641
0.453,0.5894157343278281,0.7739302786522094,0.6691869549876507,0.5196673409755002,0.7775718365666853,0.7532717644896667,4274,4624,1939,6638
0.454,0.5895157707685473,0.7735805060044304,0.6691206131504639,0.519217801753203,0.7775718365666853,0.7532717644896667,4278,4620,1942,6635
0.455,0.5911483893994824,0.7724145971785007,0.6697331176708451,0.5149471791413801,0.7775718365666853,0.7532717644896667,4316,4582,1952,6625
0.456,0.5897343213446593,0.7608720998017955,0.6644606221045665,0.5102270173072601,0.7775718365666853,0.7532717644896667,4358,4540,2051,6526
0.457,0.5896925858951175,0.7604057362714236,0.6642562509548302,0.5100022476961115,0.7775718365666853,0.7532717644896667,4360,4538,2055,6522
0.458,0.5901728350375531,0.7604057362714236,0.6645608314652538,0.5089907844459429,0.7775718365666853,0.7532717644896667,4369,4529,2055,6522
0.459,0.5905918607812924,0.7597061909758657,0.6645588985211627,0.5076421667790515,0.7775718365666853,0.7532717644896667,4381,4517,2061,6516
0.46,0.5970039518426615,0.757374373324006,0.6676945215335595,0.4928073724432457,0.7775718365666853,0.7532717644896667,4513,4385,2081,6496
0.461,0.5970217850905414,0.7572577824414131,0.6676603618421053,0.4926949876376714,0.7775718365666853,0.7532717644896667,4514,4384,2082,6495
0.462,0.5975879211931504,0.7567914189110412,0.6678327074437985,0.49123398516520567,0.7775718365666853,0.7532717644896667,4527,4371,2086,6491
0.463,0.5978611597676777,0.7560918736154832,0.6677306425041187,0.49022252191503707,0.7775718365666853,0.7532717644896667,4536,4362,2092,6485
0.464,0.5980998062909326,0.7559752827328903,0.667833968482851,0.48966059788716565,0.7775718365666853,0.7532717644896667,4541,4357,2093,6484
0.465,0.5990204232510858,0.7557421009677043,0.668316321270234,0.4876376713868285,0.7775718365666853,0.7532717644896667,4559,4339,2095,6482
0.466,0.599165120593692,0.7530605106680658,0.6673554786382186,0.48561474488649137,0.7775718365666853,0.7532717644896667,4577,4321,2118,6459
0.467,0.6002790697674418,0.7523609653725079,0.6677704765354168,0.48291750955270846,0.7775718365666853,0.7532717644896667,4601,4297,2124,6453
0.468,0.6002797202797203,0.7506121021336132,0.667081131488965,0.4817936614969656,0.7775718365666853,0.7532717644896667,4611,4287,2139,6438
0.46900000000000003,0.60022427810485,0.7488632388947184,0.6663554310613135,0.480782198246797,0.7775718365666853,0.7532717644896667,4620,4278,2154,6423
0.47000000000000003,0.600523658126052,0.7487466480121254,0.6664936951896633,0.4801078894133513,0.7775718365666853,0.7532717644896667,4626,4272,2155,6422
0.47100000000000003,0.6019499390644042,0.7486300571295325,0.6673248804822283,0.47718588446841986,0.7775718365666853,0.7532717644896667,4652,4246,2156,6421
0.47200000000000003,0.6025532713789543,0.7483968753643465,0.6676027041081645,0.47583726680152844,0.7775718365666853,0.7532717644896667,4664,4234,2158,6419
0.47300000000000003,0.6028870648174356,0.74501573976915,0.6664580725907383,0.4730276466621713,0.7775718365666853,0.7532717644896667,4689,4209,2187,6390
0.47400000000000003,0.6029078549848943,0.7445493762387781,0.6662841045437947,0.4726904922454484,0.7775718365666853,0.7532717644896667,4692,4206,2191,6386
0.47500000000000003,0.6121048051822489,0.7381368776961642,0.6692389006342496,0.45088783996403686,0.7775718365666853,0.7532717644896667,4886,4012,2246,6331
0.47600000000000003,0.6127408267983347,0.7379036959309782,0.6695229027821855,0.44953922229714544,0.7775718365666853,0.7532717644896667,4898,4000,2248,6329
0.47700000000000004,0.6128312142094535,0.7361548326920835,0.6688559322033899,0.4483029894358283,0.7775718365666853,0.7532717644896667,4909,3989,2263,6314
0.47800000000000004,0.6129940759444499,0.7359216509268975,0.6688566281657307,0.4478534502135311,0.7775718365666853,0.7532717644896667,4913,3985,2265,6312
0.47900000000000004,0.6143135345666991,0.7355718782791185,0.66949647158699,0.44515621487974827,0.7775718365666853,0.7532717644896667,4937,3961,2268,6309
0.48,0.6168544830965214,0.7339396059228168,0.6703226493451178,0.4394245897954597,0.7775718365666853,0.7532717644896667,4988,3910,2282,6295
0.481,0.6176874754613271,0.7337064241576309,0.670716759925393,0.43773881771184536,0.7775718365666853,0.7532717644896667,5003,3895,2284,6293
0.482,0.6158051689860835,0.7222805176635188,0.6648065675806192,0.4343672735446168,0.7775718365666853,0.7532717644896667,5033,3865,2382,6195
0.483,0.6177005455647605,0.7128366561734872,0.6618673883626522,0.4252641042930996,0.7775718365666853,0.7532717644896667,5114,3784,2463,6114
0.484,0.618608889338868,0.7123702926431154,0.6621870597160507,0.42335356259833673,0.7775718365666853,0.7532717644896667,5131,3767,2467,6110
0.485,0.619434019677452,0.7120205199953363,0.6625081362551529,0.4216677905147224,0.7775718365666853,0.7532717644896667,5146,3752,2470,6107
0.486,0.6213108080602483,0.7117873382301504,0.6634787806335923,0.41818386154191955,0.7775718365666853,0.7532717644896667,5177,3721,2472,6105
0.487,0.6218667210108009,0.7115541564649644,0.6636941982491437,0.41706001348617666,0.7775718365666853,0.7532717644896667,5187,3711,2474,6103
0.488,0.6236185018419975,0.7105048385216276,0.6642323832361436,0.4133513149022252,0.7775718365666853,0.7532717644896667,5220,3678,2483,6094
0.489,0.6255778120184899,0.7100384749912557,0.6651376146788991,0.40964261631827376,0.7775718365666853,0.7532717644896667,5253,3645,2487,6090
0.49,0.6257839004831911,0.7096887023434767,0.6651005244755244,0.40908069229040234,0.7775718365666853,0.7532717644896667,5258,3640,2490,6087
0.491,0.6259903282230682,0.7093389296956978,0.6650634018364668,0.4085187682625309,0.7775718365666853,0.7532717644896667,5263,3635,2493,6084
0.492,0.6266872746007213,0.7091057479305118,0.6653539000109397,0.4071701505956395,0.7775718365666853,0.7532717644896667,5275,3623,2495,6082
0.493,0.6278277037496126,0.70863938440014,0.6657903384817614,0.40492245448415376,0.7775718365666853,0.7532717644896667,5295,3603,2499,6078
0.494,0.627408328154133,0.7061909758656874,0.6644726016126379,0.40424814565070805,0.7775718365666853,0.7532717644896667,5301,3597,2520,6057
0.495,0.6285803237858032,0.7061909758656874,0.6651293032449349,0.40222521915037085,0.7775718365666853,0.7532717644896667,5319,3579,2520,6057
0.496,0.6288713365204739,0.7054914305701294,0.6649815923951865,0.4013261407057766,0.7775718365666853,0.7532717644896667,5327,3571,2526,6051
0.497,0.6292123109024518,0.7031596129182698,0.6641339059574937,0.3994155990110137,0.7775718365666853,0.7532717644896667,5344,3554,2546,6031
0.498,0.6303074670571011,0.7026932493878979,0.6645349798776118,0.39728028770510226,0.7775718365666853,0.7532717644896667,5363,3535,2550,6027
0.499,0.6307966083952685,0.7025766585053049,0.6647545504688361,0.39638120926050796,0.7775718365666853,0.7532717644896667,5371,3527,2551,6026
0.5,0.6310435238594652,0.7015273405619681,0.6644213780918728,0.3953697460103394,0.7775718365666853,0.7532717644896667,5380,3518,2560,6017
0.501,0.6324256124487435,0.7012941587967821,0.6650818222025653,0.3928972802877051,0.7775718365666853,0.7532717644896667,5402,3496,2562,6015
0.502,0.6335475713834159,0.7010609770315961,0.6655966349346912,0.39087435378736796,0.7775718365666853,0.7532717644896667,5420,3478,2564,6013
0.503,0.6336497890295358,0.7003614317360383,0.665337542227391,0.39031242975949654,0.7775718365666853,0.7532717644896667,5425,3473,2570,6007
0.504,0.6339738175675675,0.7001282499708523,0.6654108260845476,0.3896381209260508,0.7775718365666853,0.7532717644896667,5431,3467,2572,6005
0.505,0.6408285287209055,0.6997784773230733,0.6690074123613666,0.3780624859518993,0.7775718365666853,0.7532717644896667,5534,3364,2575,6002
0.506,0.6425203600514359,0.6990789320275155,0.6696074599363449,0.3749157113958193,0.7775718365666853,0.7532717644896667,5562,3336,2581,5996
0.507,0.643862098593062,0.6989623411449225,0.6702817531305904,0.3726680152843336,0.7775718365666853,0.7532717644896667,5582,3316,2582,5995
0.508,0.6438415159345392,0.6972134779060277,0.6694654352085083,0.3717689368397393,0.7775718365666853,0.7532717644896667,5590,3308,2597,5980
0.509,0.6448829936374421,0.6972134779060277,0.6700280112044817,0.37008316475612496,0.7775718365666853,0.7532717644896667,5605,3293,2597,5980
0.51,0.6464010422321138,0.6941821149586103,0.6694400719586238,0.3660373117554507,0.7775718365666853,0.7532717644896667,5641,3257,2623,5954
0.511,0.6464646464646465,0.6939489331934243,0.669365721997301,0.3658125421443021,0.7775718365666853,0.7532717644896667,5643,3255,2625,5952
0.512,0.6468797564687976,0.6937157514282383,0.6694796061884669,0.3650258485052821,0.7775718365666853,0.7532717644896667,5650,3248,2627,5950
0.513,0.6478980614245262,0.6935991605456453,0.669970155977251,0.36334007642166777,0.7775718365666853,0.7532717644896667,5665,3233,2628,5949
0.514,0.6484247247356372,0.6934825696630523,0.6701971830985916,0.3624409979770735,0.7775718365666853,0.7532717644896667,5673,3225,2629,5948
0.515,0.6485867074102368,0.6928996152500875,0.670011273957159,0.36187907394920205,0.7775718365666853,0.7532717644896667,5678,3220,2634,5943
0.516,0.6485364788117082,0.6923166608371225,0.6697118366886595,0.3616543043380535,0.7775718365666853,0.7532717644896667,5680,3218,2639,5938
0.517,0.6489943156974202,0.6922000699545295,0.669901269393512,0.3608676106990335,0.7775718365666853,0.7532717644896667,5687,3211,2640,5937
0.518,0.6497317420343808,0.6918502973067506,0.67012987012987,0.3595189930321421,0.7775718365666853,0.7532717644896667,5699,3199,2643,5934
0.519,0.65,0.6911507520111927,0.6699440583149686,0.35873229939312207,0.7775718365666853,0.7532717644896667,5706,3192,2649,5928
0.52,0.650779705688557,0.6909175702460068,0.6702482610416785,0.35738368172623064,0.7775718365666853,0.7532717644896667,5718,3180,2651,5926
0.521,0.6522697223446452,0.6902180249504489,0.6707075284654167,0.35468644639244773,0.7775718365666853,0.7532717644896667,5742,3156,2657,5920
0.522,0.6524093722369585,0.6882359799463682,0.6698439716312057,0.3534502135311306,0.7775718365666853,0.7532717644896667,5753,3145,2674,5903
0.523,0.6533820436178457,0.6881193890637752,0.6703009653605907,0.3518768262530906,0.7775718365666853,0.7532717644896667,5767,3131,2675,5902
0.524,0.6540594498669032,0.6875364346508103,0.6703802648780763,0.35052820858619915,0.7775718365666853,0.7532717644896667,5779,3119,2680,5897
0.525,0.6541537094624611,0.6867202984726595,0.6700415220977192,0.34996628455832773,0.7775718365666853,0.7532717644896667,5784,3114,2687,5890
0.526,0.6546850656576897,0.6859041622945086,0.6699311051642658,0.34873005169701055,0.7775718365666853,0.7532717644896667,5795,3103,2694,5883
0.527,0.6534974818130945,0.6807741634604174,0.6668570123343993,0.34794335805799054,0.7775718365666853,0.7532717644896667,5802,3096,2738,5839
0.528,0.6563802229980854,0.6794916637518946,0.6677360219981667,0.34288604180714766,0.7775718365666853,0.7532717644896667,5847,3051,2749,5828
0.529,0.6580433800271125,0.6791418911041157,0.668426186241322,0.3401888064733648,0.7775718365666853,0.7532717644896667,5871,3027,2752,5825
0.53,0.6583295608872793,0.6782091640433718,0.6681215184057889,0.3392897280287705,0.7775718365666853,0.7532717644896667,5879,3019,2760,5817
0.531,0.658586316266425,0.6778593913955928,0.6680838839413962,0.3387278040008991,0.7775718365666853,0.7532717644896667,5884,3014,2763,5814
0.532,0.6594030189535808,0.6773930278652209,0.6682769726247987,0.33726680152843336,0.7775718365666853,0.7532717644896667,5897,3001,2767,5810
0.533,0.659697761617998,0.676926664334849,0.668201173898032,0.33659249269498764,0.7775718365666853,0.7532717644896667,5903,2995,2771,5806
0.534,0.6611965811965812,0.676460300804477,0.6687413554633471,0.3341200269723533,0.7775718365666853,0.7532717644896667,5925,2973,2775,5802
0.535,0.6616455551751683,0.6759939372741052,0.6687427912341407,0.333220948527759,0.7775718365666853,0.7532717644896667,5933,2965,2779,5798
0.536,0.6819480828768755,0.6677159846100035,0.6747569955817379,0.3001798156889189,0.7775718365666853,0.7532717644896667,6227,2671,2850,5727
0.537,0.6827841451766953,0.6667832575492596,0.6746888456320416,0.29860642841087887,0.7775718365666853,0.7532717644896667,6241,2657,2858,5719
0.538,0.6820469798657718,0.6635187128366562,0.6726552804207789,0.2981568891885817,0.7775718365666853,0.7532717644896667,6245,2653,2886,5691
0.539,0.6825434913017396,0.6632855310714703,0.6727767265846736,0.2973701955495617,0.7775718365666853,0.7532717644896667,6252,2646,2888,5689
0.54,0.6836158192090396,0.6630523493062842,0.6731770833333334,0.2957968082715217,0.7775718365666853,0.7532717644896667,6266,2632,2890,5687
0.541,0.6841534008683068,0.6614200769499825,0.6725947003378979,0.294335805799056,0.7775718365666853,0.7532717644896667,6279,2619,2904,5673
0.542,0.6846107423053711,0.6613034860673895,0.6727553077926699,0.2936614969656102,0.7775718365666853,0.7532717644896667,6285,2613,2905,5672
0.543,0.6850374667633551,0.6608371225370177,0.6727197198979289,0.29287480332659027,0.7775718365666853,0.7532717644896667,6292,2606,2909,5668
0.544,0.6986660017454183,0.6533753060510669,0.6752620797686469,0.2716340750730501,0.7775718365666853,0.7532717644896667,6481,2417,2973,5604
0.545,0.6994378513429107,0.6527923516381019,0.6753105777348933,0.27039784221173296,0.7775718365666853,0.7532717644896667,6492,2406,2978,5599
0.546,0.6998499249624812,0.652442578990323,0.6753152718276715,0.26972353337828725,0.7775718365666853,0.7532717644896667,6498,2400,2981,5596
0.547,0.6996369099787154,0.6515098519295791,0.6747162521130161,0.26961114857271296,0.7775718365666853,0.7532717644896667,6499,2399,2989,5588
0.548,0.7001254705144291,0.6505771248688352,0.674442497129389,0.2685996853225444,0.7775718365666853,0.7532717644896667,6508,2390,2997,5580
0.549,0.7027643925944712,0.646146671330302,0.6732673267326733,0.26342998426612724,0.7775718365666853,0.7532717644896667,6554,2344,3035,5542
0.55,0.7045801526717558,0.64568030779993,0.6738455922613616,0.2609575185434929,0.7775718365666853,0.7532717644896667,6576,2322,3039,5538
0.551,0.7048783594446567,0.6452139442695581,0.67372778183589,0.2603955945156215,0.7775718365666853,0.7532717644896667,6581,2317,3043,5534
0.552,0.7047289504036909,0.6411332633788038,0.6714285714285715,0.2589345920431558,0.7775718365666853,0.7532717644896667,6594,2304,3078,5499
0.553,0.7061014771997431,0.6409000816136178,0.6719227478303386,0.25713643515396717,0.7775718365666853,0.7532717644896667,6610,2288,3080,5497
0.554,0.7067146899922819,0.6405503089658389,0.6720078282673843,0.25623735670937287,0.7775718365666853,0.7532717644896667,6618,2280,3083,5494
0.555,0.7067988668555241,0.639967354552874,0.6717248975096373,0.25590020229265004,0.7775718365666853,0.7532717644896667,6621,2277,3088,5489
0.556,0.7074365253254286,0.639967354552874,0.6720127326150833,0.25511350865363003,0.7775718365666853,0.7532717644896667,6628,2270,3088,5489
0.557,0.7139483007479334,0.6343709921884109,0.6718113347326832,0.24499887615194427,0.7775718365666853,0.7532717644896667,6718,2180,3136,5441
0.558,0.7136279926335175,0.6325055380669231,0.6706224117683417,0.2446617217352214,0.7775718365666853,0.7532717644896667,6721,2177,3152,5425
0.559,0.7137962840954012,0.6315728110061793,0.670171965854262,0.24409979770734996,0.7775718365666853,0.7532717644896667,6726,2172,3160,5417
0.56,0.7143799472295514,0.6313396292409934,0.6702977037816426,0.24331310406832996,0.7775718365666853,0.7532717644896667,6733,2165,3162,5415
0.561,0.7161000132292631,0.6311064474758074,0.6709221616261775,0.24117779276241852,0.7775718365666853,0.7532717644896667,6752,2146,3164,5413
0.562,0.7161947605186557,0.6311064474758074,0.6709637434149364,0.24106540795684422,0.7775718365666853,0.7532717644896667,6753,2145,3164,5413
0.5630000000000001,0.7163665254237288,0.6307566748280284,0.6708413416826834,0.24072825354012137,0.7775718365666853,0.7532717644896667,6756,2142,3167,5410
0.5640000000000001,0.7154828411811652,0.627142357467646,0.6684063373718547,0.2403910991233985,0.7775718365666853,0.7532717644896667,6759,2139,3198,5379
0.5650000000000001,0.719371305749597,0.6243441762854145,0.6684975969040634,0.2347718588446842,0.7775718365666853,0.7532717644896667,6809,2089,3222,5355
0.5660000000000001,0.7208832637673354,0.6242275854028215,0.6690827293176705,0.2329737019554956,0.7775718365666853,0.7532717644896667,6825,2073,3223,5354
0.5670000000000001,0.7220723151645979,0.6239944036376356,0.6694602539245732,0.23151269948302988,0.7775718365666853,0.7532717644896667,6838,2060,3225,5352
0.5680000000000001,0.7210847457627119,0.6200303136294741,0.6667502507522567,0.23117554506630703,0.7775718365666853,0.7532717644896667,6841,2057,3259,5318
0.5690000000000001,0.7211394302848576,0.6168823597994637,0.6649491014201332,0.2299393122049899,0.7775718365666853,0.7532717644896667,6852,2046,3286,5291
0.5700000000000001,0.7212220403709766,0.6165325871516847,0.6647809416053806,0.2297145425938413,0.7775718365666853,0.7532717644896667,6854,2044,3289,5288
0.5710000000000001,0.721600218459858,0.6161828145039058,0.6647380667882523,0.22915261856596988,0.7775718365666853,0.7532717644896667,6859,2039,3292,5285
0.5720000000000001,0.7224428317129946,0.6151334965605689,0.6644836272040302,0.22780400089907846,0.7775718365666853,0.7532717644896667,6871,2027,3301,5276
0.5730000000000001,0.7234567901234568,0.614900314795383,0.6647759500850823,0.2265677680377613,0.7775718365666853,0.7532717644896667,6882,2016,3303,5274
0.5740000000000001,0.7238631680175849,0.6143173603824181,0.664606458123108,0.22589345920431558,0.7775718365666853,0.7532717644896667,6888,2010,3308,5269
0.5750000000000001,0.7242849284928493,0.6140841786172321,0.6646476118367088,0.22533153517644414,0.7775718365666853,0.7532717644896667,6893,2005,3310,5267
0.5760000000000001,0.7244799559167929,0.6131514515564883,0.6641828744632482,0.22476961114857272,0.7775718365666853,0.7532717644896667,6898,2000,3318,5259
0.577,0.7224694104560623,0.6058062259531305,0.659014522163739,0.22432007192627557,0.7775718365666853,0.7532717644896667,6902,1996,3381,5196
0.578,0.722284122562674,0.6046403171272007,0.6582471282604556,0.224095302315127,0.7775718365666853,0.7532717644896667,6904,1994,3391,5186
0.579,0.722470030666295,0.6042905444794217,0.6581169449558758,0.22375814789840415,0.7775718365666853,0.7532717644896667,6907,1991,3394,5183
0.58,0.7238680827277809,0.6039407718316427,0.6584885272993072,0.22207237581478984,0.7775718365666853,0.7532717644896667,6922,1976,3397,5180
0.581,0.724050987533268,0.60265827212312,0.657800967167218,0.22139806698134412,0.7775718365666853,0.7532717644896667,6928,1970,3408,5169
0.582,0.7244912280701754,0.6018421359449692,0.657495860399949,0.2206113733423241,0.7775718365666853,0.7532717644896667,6935,1963,3415,5162
0.583,0.7248840803709428,0.6014923632971901,0.6574487065120428,0.2200494493144527,0.7775718365666853,0.7532717644896667,6940,1958,3418,5159
0.584,0.7243418273968746,0.5998600909408884,0.65625,0.2200494493144527,0.7775718365666853,0.7532717644896667,6940,1958,3432,5145
0.585,0.7247563903403474,0.5983444094671797,0.6555115595861541,0.2190379860642841,0.7775718365666853,0.7532717644896667,6949,1949,3445,5132
0.586,0.7250106037042273,0.5978780459368077,0.6553354632587859,0.21858844684198697,0.7775718365666853,0.7532717644896667,6953,1945,3449,5128
0.587,0.7251875973382416,0.5971785006412499,0.6549872122762149,0.21813890761968982,0.7775718365666853,0.7532717644896667,6957,1941,3455,5122
0.588,0.7255041181482533,0.595662819167541,0.6542032140341891,0.21723982917509552,0.7775718365666853,0.7532717644896667,6965,1933,3468,5109
0.589,0.7254623044096729,0.5946135012242043,0.6535528929326585,0.21690267475837266,0.7775718365666853,0.7532717644896667,6968,1930,3477,5100
0.59,0.7251864601262191,0.589483502390113,0.6503312110103543,0.21532928748033267,0.7775718365666853,0.7532717644896667,6982,1916,3521,5056
0.591,0.725639551595286,0.5886673662119623,0.650016092693917,0.21454259384131266,0.7775718365666853,0.7532717644896667,6989,1909,3528,5049
0.592,0.7255720247517629,0.5878512300338113,0.6494911760917171,0.21431782423016407,0.7775718365666853,0.7532717644896667,6991,1907,3535,5042
0.593,0.7267349588803924,0.5872682756208465,0.6496002063451123,0.21285682175769835,0.7775718365666853,0.7532717644896667,7004,1894,3540,5037
0.594,0.7270363951473137,0.5869185029730675,0.6495064834526805,0.21240728253540123,0.7775718365666853,0.7532717644896667,7008,1890,3543,5034
0.595,0.7270887539751373,0.5864521394426956,0.649241690868022,0.21218251292425264,0.7775718365666853,0.7532717644896667,7010,1888,3547,5030
0.596,0.7276811594202899,0.5854028214993587,0.6488337533113652,0.21117104967408407,0.7775718365666853,0.7532717644896667,7019,1879,3556,5021
0.597,0.73165372784532,0.5823714585519413,0.6485328486107504,0.2058889638120926,0.7775718365666853,0.7532717644896667,7066,1832,3582,4995
0.598,0.7324399941098513,0.5799230500174887,0.6473191046330037,0.2042031917284783,0.7775718365666853,0.7532717644896667,7081,1817,3603,4974
0.599,0.733225188025365,0.5796898682523026,0.6474801406433128,0.203304113283884,0.7775718365666853,0.7532717644896667,7089,1809,3605,4972
0.6,0.7328797515160479,0.577707823248222,0.6461077063502412,0.20296695886716115,0.7775718365666853,0.7532717644896667,7092,1806,3622,4955
0.601,0.7672654072468257,0.577707823248222,0.6591286997006984,0.1689143627781524,0.7775718365666853,0.7532717644896667,7395,1503,3622,4955
0.602,0.7682643089809214,0.5774746414830361,0.6593450479233227,0.16790289952798382,0.7775718365666853,0.7532717644896667,7404,1494,3624,4953
0.603,0.7686451211932878,0.5767750961874781,0.6590288416705522,0.16734097550011237,0.7775718365666853,0.7532717644896667,7409,1489,3630,4947
0.604,0.7688715953307393,0.5759589600093272,0.658578856152513,0.16689143627781525,0.7775718365666853,0.7532717644896667,7413,1485,3637,4940
0.605,0.7693387398627574,0.5751428238311764,0.6582160250850624,0.16621712744436953,0.7775718365666853,0.7532717644896667,7419,1479,3644,4933
0.606,0.77172034564022,0.5726944152967238,0.6574755722125554,0.1632951224994381,0.7775718365666853,0.7532717644896667,7445,1453,3665,4912
0.607,0.7726199842643587,0.5724612335315379,0.6576480042860969,0.16239604405484379,0.7775718365666853,0.7532717644896667,7453,1445,3667,4910
0.608,0.7736443883984867,0.5722280517663518,0.6578647543730313,0.16138458080467522,0.7775718365666853,0.7532717644896667,7462,1436,3669,4908
0.609,0.7738170347003155,0.5719948700011659,0.6577730106589796,0.16115981119352663,0.7775718365666853,0.7532717644896667,7464,1434,3671,4906
0.61,0.7739542225730071,0.571645097353387,0.6575912017167382,0.16093504158237806,0.7775718365666853,0.7532717644896667,7466,1432,3674,4903
0.611,0.773963935463461,0.5704791885274572,0.6568226055439963,0.1605978871656552,0.7775718365666853,0.7532717644896667,7469,1429,3684,4893
0.612,0.7746791316748535,0.5700128249970853,0.6567705534658786,0.1598111935266352,0.7775718365666853,0.7532717644896667,7476,1422,3688,4889
0.613,0.7751150611014125,0.5694298705841203,0.6565398575077296,0.15924926949876378,0.7775718365666853,0.7532717644896667,7481,1417,3693,4884
0.614,0.7755523764107455,0.5688469161711555,0.6563088512241054,0.15868734547089233,0.7775718365666853,0.7532717644896667,7486,1412,3698,4879
0.615,0.7754061803122013,0.5675644164626327,0.6554022214742511,0.15846257585974377,0.7775718365666853,0.7532717644896667,7488,1410,3709,4868
0.616,0.776038338658147,0.5663985076367029,0.6548493630787895,0.15756349741514947,0.7775718365666853,0.7532717644896667,7496,1402,3719,4858
0.617,0.7764630636392709,0.5661653258715168,0.654844582293844,0.15711395819285232,0.7775718365666853,0.7532717644896667,7500,1398,3721,4856
0.618,0.7768171629843099,0.5656989623411449,0.6546583012885382,0.1566644189705552,0.7775718365666853,0.7532717644896667,7504,1394,3725,4852
0.619,0.7746958637469586,0.5568380552640784,0.647944647944648,0.15610249494268374,0.7775718365666853,0.7532717644896667,7509,1389,3801,4776
0.62,0.7790868924889544,0.5550891920251836,0.6482843137254902,0.15171948752528658,0.7775718365666853,0.7532717644896667,7548,1350,3816,4761
0.621,0.778797312796985,0.5541564649644398,0.6475476839237058,0.15171948752528658,0.7775718365666853,0.7532717644896667,7548,1350,3824,4753
0.622,0.7787799278451951,0.5536901014340678,0.6472231686541738,0.15160710271971228,0.7775718365666853,0.7532717644896667,7549,1349,3828,4749
0.623,0.8037383177570093,0.5514748746648012,0.6541280597427741,0.12980445043830074,0.7775718365666853,0.7532717644896667,7743,1155,3847,4730
0.624,0.8042553191489362,0.5508919202518363,0.6538887351231663,0.1292425264104293,0.7775718365666853,0.7532717644896667,7748,1150,3852,4725
0.625,0.8043959788720395,0.5504255567214644,0.6536065346808805,0.12901775679928074,0.7775718365666853,0.7532717644896667,7750,1148,3856,4721
0.626,0.8047488896481039,0.5492596478955346,0.6529000069295268,0.12845583277140932,0.7775718365666853,0.7532717644896667,7755,1143,3866,4711
0.627,0.8054888507718696,0.5475107846566398,0.65190532380093,0.12744436952124072,0.7775718365666853,0.7532717644896667,7764,1134,3881,4696
0.628,0.8059855521155831,0.54634487583071,0.6512403585574318,0.126770060687795,0.7775718365666853,0.7532717644896667,7770,1128,3891,4686
0.629,0.8059057157658436,0.5441296490614433,0.6496380846325167,0.12632052146549785,0.7775718365666853,0.7532717644896667,7774,1124,3910,4667
0.63,0.8067139643536944,0.5435466946484785,0.6494845360824741,0.12553382782647787,0.7775718365666853,0.7532717644896667,7781,1117,3915,4662
0.631,0.8074523396880416,0.5431969220006996,0.6494737575799819,0.12485951899303215,0.7775718365666853,0.7532717644896667,7787,1111,3918,4659
0.632,0.8083623693379791,0.5409816952314329,0.6481804847384229,0.123623286131715,0.7775718365666853,0.7532717644896667,7798,1100,3937,4640
0.633,0.8078938176737688,0.5393494228751312,0.6468573026637767,0.123623286131715,0.7775718365666853,0.7532717644896667,7798,1100,3951,4626
0.634,0.8095405121010172,0.5381835140492014,0.6465438756215421,0.12204989885367498,0.7775718365666853,0.7532717644896667,7812,1086,3961,4616
0.635,0.8097911914370942,0.5380669231666084,0.6465396469599328,0.1218251292425264,0.7775718365666853,0.7532717644896667,7814,1084,3962,4615
0.636,0.809959528418089,0.5366678325754926,0.6455820476858345,0.12137559002022927,0.7775718365666853,0.7532717644896667,7818,1080,3974,4603
0.637,0.8081581759886,0.5289728343243558,0.6394193502924389,0.12103843560350641,0.7775718365666853,0.7532717644896667,7821,1077,4040,4537
0.638,0.8085296216987866,0.528273289028798,0.6390240462590792,0.12058889638120926,0.7775718365666853,0.7532717644896667,7825,1073,4046,4531
0.639,0.8124214683180757,0.527690334615833,0.6398077466779757,0.11744212182512924,0.7775718365666853,0.7532717644896667,7853,1045,4051,4526
0.64,0.8149684400360685,0.5268741984376821,0.639994335080017,0.1153068105192178,0.7775718365666853,0.7532717644896667,7872,1026,4058,4519
0.641,0.814787966654585,0.5241926081380436,0.6379567222419298,0.11485727129692065,0.7775718365666853,0.7532717644896667,7876,1022,4081,4496
0.642,0.8149356534348378,0.5241926081380436,0.6380019866609906,0.11474488649134637,0.7775718365666853,0.7532717644896667,7877,1021,4081,4496
0.643,0.8155410312273057,0.5237262446076717,0.637841675541356,0.11418296246347494,0.7775718365666853,0.7532717644896667,7882,1016,4085,4492
0.644,0.8182316404822799,0.522210563133963,0.637534695039499,0.11182288154641493,0.7775718365666853,0.7532717644896667,7903,995,4098,4479
0.645,0.8195516354281515,0.5199953363646963,0.6362793351879592,0.1103618790739492,0.7775718365666853,0.7532717644896667,7916,982,4117,4460
0.646,0.8196208356340879,0.5191792001865454,0.6356887937187723,0.11013710946280063,0.7775718365666853,0.7532717644896667,7918,980,4124,4453
0.647,0.8191902384914033,0.5166142007694998,0.6336336336336336,0.10991233985165205,0.7775718365666853,0.7532717644896667,7920,978,4146,4431
0.648,0.8189559422436135,0.5157980645913489,0.6329494241362043,0.10991233985165205,0.7775718365666853,0.7532717644896667,7920,978,4153,4424
0.649,0.8195809382532913,0.515331701060977,0.6327845382963494,0.10935041582378062,0.7775718365666853,0.7532717644896667,7925,973,4157,4420
0.65,0.8207845324409742,0.5147487466480122,0.6327027801662367,0.10833895257361205,0.7775718365666853,0.7532717644896667,7934,964,4162,4415
0.651,0.8238371006912012,0.5141657922350472,0.6331658291457286,0.10597887165655204,0.7775718365666853,0.7532717644896667,7955,943,4167,4410
0.652,0.8245548266166823,0.5128832925265244,0.6324036802760207,0.10519217801753203,0.7775718365666853,0.7532717644896667,7962,936,4178,4399
0.653,0.8253847615428462,0.5064707939839105,0.6277456647398845,0.10328163632276915,0.7775718365666853,0.7532717644896667,7979,919,4233,4344
0.654,0.8260206028233499,0.5048385216276087,0.6266734206527245,0.10249494268374916,0.7775718365666853,0.7532717644896667,7986,912,4247,4330
0.655,0.8264194226725291,0.5040223854494579,0.6261587485515643,0.10204540346145201,0.7775718365666853,0.7532717644896667,7990,908,4254,4323
0.656,0.8271960107403146,0.5028564766235281,0.6254803857588283,0.10125870982243201,0.7775718365666853,0.7532717644896667,7997,901,4264,4313
0.657,0.8278515099057511,0.5018071586801912,0.6248548199767712,0.10058440098898629,0.7775718365666853,0.7532717644896667,8003,895,4273,4304
0.658,0.8286430223592907,0.5012242042672262,0.6246276788957501,0.09991009215554057,0.7775718365666853,0.7532717644896667,8009,889,4278,4299
0.659,0.8332359244106761,0.4986592048501807,0.6239241429613421,0.09620139357158912,0.7775718365666853,0.7532717644896667,8042,856,4300,4277
0.66,0.833788529067499,0.49830943220240176,0.6238050062030213,0.09575185434929198,0.7775718365666853,0.7532717644896667,8046,852,4303,4274
0.661,0.8340824701973812,0.4976098869068439,0.623338688476705,0.09541469993256911,0.7775718365666853,0.7532717644896667,8049,849,4309,4268
0.662,0.8353057199211046,0.4937623877812755,0.6206492269363231,0.09384131265452911,0.7775718365666853,0.7532717644896667,8063,835,4342,4235
0.663,0.8351126927639383,0.4924798880727527,0.6195819581958195,0.09372892784895483,0.7775718365666853,0.7532717644896667,8064,834,4353,4224
0.664,0.8397691082802548,0.4918969336597878,0.6203955591500625,0.09046976848730051,0.7775718365666853,0.7532717644896667,8093,805,4358,4219
0.665,0.840055910543131,0.49049784306867206,0.6193595877806404,0.09002022926500337,0.7775718365666853,0.7532717644896667,8097,801,4370,4207
0.666,0.8409413674173261,0.4832692083479072,0.6138012735080706,0.0881096875702405,0.7775718365666853,0.7532717644896667,8114,784,4432,4145
0.667,0.8397462136717151,0.478372391279002,0.6095223947114313,0.08799730276466622,0.7775718365666853,0.7532717644896667,8115,783,4474,4103
0.668,0.8393920722941056,0.4765069371575143,0.6079131340175518,0.08788491795909192,0.7775718365666853,0.7532717644896667,8116,782,4490,4087
0.669,0.8427803061646669,0.4749912556838055,0.6075609574230109,0.08541245223645763,0.7775718365666853,0.7532717644896667,8138,760,4503,4074
0.67,0.8423728813559322,0.4635653491896934,0.5980296307437769,0.08361429534726905,0.7775718365666853,0.7532717644896667,8154,744,4601,3976
0.671,0.8439957492029756,0.4629823947767285,0.5979521156452342,0.08249044729152619,0.7775718365666853,0.7532717644896667,8164,734,4606,3971
0.672,0.8449380606578385,0.46123353153783375,0.5967267516403952,0.0815913688469319,0.7775718365666853,0.7532717644896667,8172,726,4621,3956
0.673,0.8475413356237922,0.4601842135944969,0.5964938794015415,0.07979321195774332,0.7775718365666853,0.7532717644896667,8188,710,4630,3947
0.674,0.8475346020761245,0.45691966888189345,0.5937428982652829,0.07923128792987189,0.7775718365666853,0.7532717644896667,8193,705,4658,3919
0.675,0.8465389638659121,0.453421942404104,0.5905398223369523,0.07923128792987189,0.7775718365666853,0.7532717644896667,8193,705,4688,3889
0.676,0.8462377317339149,0.45237262446076715,0.5895760522716913,0.07923128792987189,0.7775718365666853,0.7532717644896667,8193,705,4697,3880
0.677,0.8582659478885895,0.44549376238778127,0.5865377235397958,0.07091481231737469,0.7775718365666853,0.7532717644896667,8267,631,4756,3821
0.678,0.8582022471910112,0.4452605806225953,0.5863207185077147,0.07091481231737469,0.7775718365666853,0.7532717644896667,8267,631,4758,3819
0.679,0.8578188373141055,0.4438614900314795,0.5850172877449097,0.07091481231737469,0.7775718365666853,0.7532717644896667,8267,631,4770,3807
0.68,0.8618107556160653,0.4428121720881427,0.5850277264325324,0.0684423465947404,0.7775718365666853,0.7532717644896667,8289,609,4779,3798
0.681,0.8618570778334091,0.44152967237961993,0.583917970858068,0.06821757698359182,0.7775718365666853,0.7532717644896667,8291,607,4790,3787
0.682,0.8614292258360055,0.4384983094322024,0.5811635633160782,0.06799280737244325,0.7775718365666853,0.7532717644896667,8293,605,4816,3761
0.683,0.8623537508602891,0.4382651276670164,0.5811688311688311,0.06743088334457181,0.7775718365666853,0.7532717644896667,8298,600,4818,3759
0.684,0.8643088303282478,0.43593331001515684,0.5795551422149888,0.06596988087210609,0.7775718365666853,0.7532717644896667,8311,587,4838,3739
0.685,0.8643204445473489,0.4352337647195989,0.578939205955335,0.06585749606653181,0.7775718365666853,0.7532717644896667,8312,586,4844,3733
0.686,0.8644739911359925,0.4320858108895884,0.576181592039801,0.06529557203866038,0.7775718365666853,0.7532717644896667,8317,581,4871,3706
0.687,0.8540616246498599,0.35548560102599974,0.5020169589198978,0.05855248370420319,0.7775718365666853,0.7532717644896667,8377,521,5528,3049
0.6880000000000001,0.8606163415323721,0.35490264661303483,0.502559022618458,0.05540570914812317,0.7775718365666853,0.7532717644896667,8405,493,5533,3044
0.6890000000000001,0.8643488173268737,0.35362014690451204,0.5019030282972033,0.053495167453360304,0.7775718365666853,0.7532717644896667,8422,476,5544,3033
0.6900000000000001,0.8672972198337633,0.3528040107263612,0.5015746726338471,0.05203416498089458,0.7775718365666853,0.7532717644896667,8435,463,5551,3026
0.6910000000000001,0.8673381294964029,0.35140492013524544,0.5001659475605709,0.05180939536974601,0.7775718365666853,0.7532717644896667,8437,461,5563,3014
0.6920000000000001,0.8672438672438673,0.3503556021919086,0.499086530476665,0.051697010564171725,0.7775718365666853,0.7532717644896667,8438,460,5572,3005
0.6930000000000001,0.8670922809053976,0.3483735571878279,0.49704732595857937,0.05147224095302315,0.7775718365666853,0.7532717644896667,8440,458,5589,2988
0.6940000000000001,0.8790444511641972,0.3389296956977964,0.48922921575227196,0.04495392222971454,0.7775718365666853,0.7532717644896667,8498,400,5670,2907
0.6950000000000001,0.8808007279344859,0.3385799230500175,0.4891359272359779,0.04416722859069454,0.7775718365666853,0.7532717644896667,8505,393,5673,2904
0.6960000000000001,0.8811188811188811,0.3378803777544596,0.48845440755098607,0.04394245897954596,0.7775718365666853,0.7532717644896667,8507,391,5679,2898
0.6970000000000001,0.8799630655586335,0.3333333333333333,0.4835109081684424,0.04383007417397168,0.7775718365666853,0.7532717644896667,8508,390,5718,2859
0.6980000000000001,0.8794126835363949,0.32820333449924216,0.4780098488707761,0.043380534951674536,0.7775718365666853,0.7532717644896667,8512,386,5762,2815
0.6990000000000001,0.8798122065727699,0.3277369709688702,0.4775739041794087,0.04315576534052596,0.7775718365666853,0.7532717644896667,8514,384,5766,2811
0.7000000000000001,0.8808550770198051,0.32668765302553343,0.4766116686511312,0.04259384131265453,0.7775718365666853,0.7532717644896667,8519,379,5775,2802
0.7010000000000001,0.880229958479719,0.3213244724262563,0.4707892039631022,0.04214430209035738,0.7775718365666853,0.7532717644896667,8523,375,5821,2756
0.7020000000000001,0.8812039705411463,0.32085810889588434,0.47042735042735034,0.04169476286806024,0.7775718365666853,0.7532717644896667,8527,371,5825,2752
0.7030000000000001,0.8811976819059885,0.3191092456569896,0.46854403834631514,0.04146999325691166,0.7775718365666853,0.7532717644896667,8529,369,5840,2737
0.704,0.8880794701986755,0.3126967471143757,0.4625334138139174,0.037986064284108785,0.7775718365666853,0.7532717644896667,8560,338,5895,2682
0.705,0.8846680355920602,0.30138743150285646,0.4496043134185581,0.037873679478534504,0.7775718365666853,0.7532717644896667,8561,337,5992,2585
0.706,0.8870466321243523,0.2994053864987758,0.44769874476987453,0.03674983142279164,0.7775718365666853,0.7532717644896667,8571,327,6009,2568
0.707,0.8862212943632568,0.2969569779643232,0.4448519779931884,0.03674983142279164,0.7775718365666853,0.7532717644896667,8571,327,6030,2547
0.708,0.8857841425078589,0.2956744782558004,0.4433566433566434,0.03674983142279164,0.7775718365666853,0.7532717644896667,8571,327,6041,2536
0.709,0.8857442348008385,0.29555788737320743,0.4432205612378704,0.03674983142279164,0.7775718365666853,0.7532717644896667,8571,327,6042,2535
0.71,0.8853838065194533,0.2945085694298706,0.44199475065616795,0.03674983142279164,0.7775718365666853,0.7532717644896667,8571,327,6051,2526
0.711,0.8912429378531074,0.29427538766468464,0.44245770882636526,0.034614520116880196,0.7775718365666853,0.7532717644896667,8590,308,6053,2524
0.712,0.889367816091954,0.28867902530022155,0.43587712349265034,0.034614520116880196,0.7775718365666853,0.7532717644896667,8590,308,6101,2476
0.713,0.8888487910501623,0.28716334382651276,0.4340853013746915,0.034614520116880196,0.7775718365666853,0.7532717644896667,8590,308,6114,2463
0.714,0.8886066763425254,0.285531071470211,0.4321891820347657,0.034502135311305915,0.7775718365666853,0.7532717644896667,8591,307,6128,2449
0.715,0.9358974358974359,0.2808674361664918,0.43206887274683886,0.018543492919757248,0.7775718365666853,0.7532717644896667,8733,165,6168,2409
0.716,0.9358475894245724,0.2806342544013058,0.4317876042694411,0.018543492919757248,0.7775718365666853,0.7532717644896667,8733,165,6170,2407
0.717,0.9356474258970359,0.279701527340562,0.4306615205098286,0.018543492919757248,0.7775718365666853,0.7532717644896667,8733,165,6178,2399
0.718,0.9378177551818537,0.279584936457969,0.43075264954194364,0.01786918408631153,0.7775718365666853,0.7532717644896667,8739,159,6179,2398
0.719,0.9377952755905512,0.2777194823364813,0.42853287757488534,0.017756799280737243,0.7775718365666853,0.7532717644896667,8740,158,6195,2382
0.72,0.9401506143479984,0.2765535735105515,0.4273873873873874,0.01697010564171724,0.7775718365666853,0.7532717644896667,8747,151,6205,2372
0.721,0.9405339805825242,0.27107380202868137,0.4208525658430628,0.016520566419420093,0.7775718365666853,0.7532717644896667,8751,147,6252,2325
0.722,0.9410089503661514,0.2696747114375656,0.41921159945627545,0.01629579680827152,0.7775718365666853,0.7532717644896667,8753,145,6264,2313
0.723,0.9416326530612245,0.26897516614200767,0.41842749614582386,0.016071027197122948,0.7775718365666853,0.7532717644896667,8755,143,6270,2307
0.724,0.9464812473662031,0.26186312230383585,0.41022831050228314,0.014272870307934367,0.7775718365666853,0.7532717644896667,8771,127,6331,2246
0.725,0.9464135021097047,0.2615133496560569,0.4097926372522152,0.014272870307934367,0.7775718365666853,0.7532717644896667,8771,127,6334,2243
0.726,0.9466327827191868,0.26058062259531306,0.4086670323642348,0.014160485502360081,0.7775718365666853,0.7532717644896667,8772,126,6342,2235
0.727,0.946360153256705,0.25918153200419725,0.40691927512355847,0.014160485502360081,0.7775718365666853,0.7532717644896667,8772,126,6354,2223
0.728,0.9466083150984683,0.2521860790486184,0.3982691953599706,0.013710946280062936,0.7775718365666853,0.7532717644896667,8776,122,6414,2163
0.729,0.9469026548672567,0.24950448874897982,0.3949432499769309,0.013486176668914362,0.7775718365666853,0.7532717644896667,8778,120,6437,2140
0.73,0.9473214285714285,0.24740585286230618,0.39234538226865123,0.01326140705776579,0.7775718365666853,0.7532717644896667,8780,118,6455,2122
0.731,0.9449883449883449,0.23632971901597294,0.3781011005409438,0.01326140705776579,0.7775718365666853,0.7532717644896667,8780,118,6550,2027
0.732,0.9449112978524743,0.235979946368194,0.3776471685791585,0.01326140705776579,0.7775718365666853,0.7532717644896667,8780,118,6553,2024
0.733,0.9452247191011236,0.2353969919552291,0.3769252310277233,0.013149022252191504,0.7775718365666853,0.7532717644896667,8781,117,6558,2019
0.734,0.9456165025785279,0.23516381019004315,0.3766573295985061,0.013036637446617217,0.7775718365666853,0.7532717644896667,8782,116,6560,2017
0.735,0.9455750118315192,0.23294858342077648,0.3738072965388213,0.012924252641042931,0.7775718365666853,0.7532717644896667,8783,115,6579,1998
0.736,0.9454717875770507,0.23248221989040457,0.3731985775781396,0.012924252641042931,0.7775718365666853,0.7532717644896667,8783,115,6583,1994
0.737,0.9457659372026641,0.2317826745948467,0.37231950557168275,0.012811867835468645,0.7775718365666853,0.7532717644896667,8784,114,6589,1988
0.738,0.9453237410071943,0.229800629590766,0.36972425436128303,0.012811867835468645,0.7775718365666853,0.7532717644896667,8784,114,6606,1971
0.739,0.9459198454852729,0.22840153899965024,0.3679564237415477,0.012587098224320073,0.7775718365666853,0.7532717644896667,8786,112,6618,1959
0.74,0.9461948618516723,0.22758540282149936,0.3669172932330827,0.012474713418745786,0.7775718365666853,0.7532717644896667,8787,111,6625,1952
0.741,0.9462890625,0.22595313046519763,0.3648,0.012362328613171499,0.7775718365666853,0.7532717644896667,8788,110,6639,1938
0.742,0.9466666666666667,0.22350472193074503,0.3616298811544992,0.012137559002022926,0.7775718365666853,0.7532717644896667,8790,108,6660,1917
0.743,0.9468937875751503,0.2203567681007345,0.35751442353163715,0.011912789390874354,0.7775718365666853,0.7532717644896667,8792,106,6687,1890
0.744,0.9465186680121089,0.21872449574443278,0.3553366796098115,0.011912789390874354,0.7775718365666853,0.7532717644896667,8792,106,6701,1876
0.745,0.9440337909186906,0.20846449807625045,0.341514659535861,0.011912789390874354,0.7775718365666853,0.7532717644896667,8792,106,6789,1788
0.746,0.9442970822281167,0.2075317710155066,0.3402791053335882,0.011800404585300068,0.7775718365666853,0.7532717644896667,8793,105,6797,1780
0.747,0.9445333333333333,0.20648245307216975,0.3388825105243016,0.011688019779725781,0.7775718365666853,0.7532717644896667,8794,104,6806,1771
0.748,0.9444147514698022,0.20601608954179784,0.33824655436447176,0.011688019779725781,0.7775718365666853,0.7532717644896667,8794,104,6810,1767
0.749,0.9453668987680771,0.20578290777661187,0.33799310608962085,0.011463250168577209,0.7775718365666853,0.7532717644896667,8796,102,6812,1765
0.75,0.9472252448313384,0.20298472659438033,0.3343254920787326,0.010901326140705776,0.7775718365666853,0.7532717644896667,8801,97,6836,1741
0.751,0.9489216799091941,0.19493995569546463,0.3234355353515814,0.010114632501685773,0.7775718365666853,0.7532717644896667,8808,90,6905,1672
0.752,0.9485714285714286,0.19354086510434884,0.32148736322262034,0.010114632501685773,0.7775718365666853,0.7532717644896667,8808,90,6917,1660
0.753,0.9489678899082569,0.19295791069138393,0.3207053580079449,0.010002247696111485,0.7775718365666853,0.7532717644896667,8809,89,6922,1655
0.754,0.952050837666089,0.19214177451323305,0.31975164920450133,0.009327938862665768,0.7775718365666853,0.7532717644896667,8815,83,6929,1648
0.755,0.9530791788856305,0.1894601842135945,0.3160863645205213,0.00899078444594291,0.7775718365666853,0.7532717644896667,8818,80,6952,1625
0.756,0.956860395446375,0.18619563950099102,0.3117314073784892,0.008091706001348618,0.7775718365666853,0.7532717644896667,8826,72,6980,1597
0.757,0.960438222763238,0.18398041273172439,0.3088062622309197,0.007305012362328613,0.7775718365666853,0.7532717644896667,8833,65,6999,1578
0.758,0.9621258399511301,0.18363064008394545,0.3084002349716076,0.006967857945605754,0.7775718365666853,0.7532717644896667,8836,62,7002,1575
0.759,0.9831223628691983,0.05433135128832925,0.10297204728759253,0.0008990784445942908,0.7775718365666853,0.7532717644896667,8890,8,8111,466
0.76,0.985200845665962,0.05433135128832925,0.10298342541436464,0.0007866936390200045,0.7775718365666853,0.7532717644896667,8891,7,8111,466
0.761,0.9870410367170627,0.05328203334499242,0.10110619469026548,0.0006743088334457181,0.7775718365666853,0.7532717644896667,8892,6,8120,457
0.762,0.9870410367170627,0.05328203334499242,0.10110619469026548,0.0006743088334457181,0.7775718365666853,0.7532717644896667,8892,6,8120,457
0.763,0.9870410367170627,0.05328203334499242,0.10110619469026548,0.0006743088334457181,0.7775718365666853,0.7532717644896667,8892,6,8120,457
0.764,0.9891304347826086,0.05304885157980646,0.10069713400464757,0.0005619240278714318,0.7775718365666853,0.7532717644896667,8893,5,8122,455
0.765,0.9891304347826086,0.05304885157980646,0.10069713400464757,0.0005619240278714318,0.7775718365666853,0.7532717644896667,8893,5,8122,455
0.766,0.9912663755458515,0.052932260697213476,0.10049806308799114,0.0004495392222971454,0.7775718365666853,0.7532717644896667,8894,4,8123,454
0.767,0.9912280701754386,0.052699078932027514,0.10007749363445147,0.0004495392222971454,0.7775718365666853,0.7532717644896667,8894,4,8125,452
0.768,0.9912087912087912,0.052582488049434536,0.09986713906111604,0.0004495392222971454,0.7775718365666853,0.7532717644896667,8894,4,8126,451
0.769,0.991130820399113,0.05211612451906261,0.09902525476295969,0.0004495392222971454,0.7775718365666853,0.7532717644896667,8894,4,8130,447
0.77,0.9910514541387024,0.05164976098869069,0.09818262411347518,0.0004495392222971454,0.7775718365666853,0.7532717644896667,8894,4,8134,443
0.771,0.9910514541387024,0.05164976098869069,0.09818262411347518,0.0004495392222971454,0.7775718365666853,0.7532717644896667,8894,4,8134,443
0.772,0.9909297052154195,0.050950215693132794,0.0969172765579951,0.0004495392222971454,0.7775718365666853,0.7532717644896667,8894,4,8140,437
0.773,0.9909297052154195,0.050950215693132794,0.0969172765579951,0.0004495392222971454,0.7775718365666853,0.7532717644896667,8894,4,8140,437
0.774,0.9931818181818182,0.050950215693132794,0.09692802484196518,0.00033715441672285906,0.7775718365666853,0.7532717644896667,8895,3,8140,437
0.775,0.9931506849315068,0.05071703392794683,0.09650582362728785,0.00033715441672285906,0.7775718365666853,0.7532717644896667,8895,3,8142,435
0.776,0.9953917050691244,0.05036726128016789,0.09588280989901232,0.0002247696111485727,0.7775718365666853,0.7532717644896667,8896,2,8145,432
0.777,0.9953596287703016,0.050017488632388946,0.09524866785079929,0.0002247696111485727,0.7775718365666853,0.7532717644896667,8896,2,8148,429
0.778,0.9953161592505855,0.04955112510201702,0.09440248778320745,0.0002247696111485727,0.7775718365666853,0.7532717644896667,8896,2,8152,425
0.779,0.9953051643192489,0.049434534219424044,0.09419082528046206,0.0002247696111485727,0.7775718365666853,0.7532717644896667,8896,2,8153,424
0.78,0.9953051643192489,0.049434534219424044,0.09419082528046206,0.0002247696111485727,0.7775718365666853,0.7532717644896667,8896,2,8153,424
0.781,0.9952941176470588,0.04931794333683106,0.0939791157520551,0.0002247696111485727,0.7775718365666853,0.7532717644896667,8896,2,8154,423
0.782,0.9974424552429667,0.04547044421126268,0.08697591436217662,0.00011238480557428635,0.7775718365666853,0.7532717644896667,8897,1,8187,390
0.783,0.9974358974358974,0.045353853328669695,0.08676257388201182,0.00011238480557428635,0.7775718365666853,0.7532717644896667,8897,1,8188,389
0.784,0.9973821989528796,0.044421126267925846,0.08505413550619488,0.00011238480557428635,0.7775718365666853,0.7532717644896667,8897,1,8196,381
0.785,0.9973821989528796,0.044421126267925846,0.08505413550619488,0.00011238480557428635,0.7775718365666853,0.7532717644896667,8897,1,8196,381
0.786,0.9973404255319149,0.04372158097236796,0.08377080308276555,0.00011238480557428635,0.7775718365666853,0.7532717644896667,8897,1,8202,375
0.787,0.9973404255319149,0.04372158097236796,0.08377080308276555,0.00011238480557428635,0.7775718365666853,0.7532717644896667,8897,1,8202,375
0.788,0.9973404255319149,0.04372158097236796,0.08377080308276555,0.00011238480557428635,0.7775718365666853,0.7532717644896667,8897,1,8202,375
0.789,0.9972972972972973,0.04302203567681007,0.08248574941321113,0.00011238480557428635,0.7775718365666853,0.7532717644896667,8897,1,8208,369
0.79,0.997289972899729,0.04290544479421709,0.08227140621506818,0.00011238480557428635,0.7775718365666853,0.7532717644896667,8897,1,8209,368
0.791,0.9972677595628415,0.04255567214643815,0.08162808900816282,0.00011238480557428635,0.7775718365666853,0.7532717644896667,8897,1,8212,365
0.792,0.9972602739726028,0.042439081263845164,0.08141355401476179,0.00011238480557428635,0.7775718365666853,0.7532717644896667,8897,1,8213,364
0.793,0.9972527472527473,0.04232249038125219,0.081198971032323,0.00011238480557428635,0.7775718365666853,0.7532717644896667,8897,1,8214,363
0.794,0.997229916897507,0.04197271773347324,0.08055493398970687,0.00011238480557428635,0.7775718365666853,0.7532717644896667,8897,1,8217,360
0.795,0.9972144846796658,0.04173953596828728,0.0801253357206804,0.00011238480557428635,0.7775718365666853,0.7532717644896667,8897,1,8219,358
0.796,0.9972067039106145,0.0416229450856943,0.07991046446558478,0.00011238480557428635,0.7775718365666853,0.7532717644896667,8897,1,8220,357
0.797,0.9971988795518207,0.041506354203101316,0.07969554510857398,0.00011238480557428635,0.7775718365666853,0.7532717644896667,8897,1,8221,356
0.798,0.9971910112359551,0.04138976332050834,0.07948057763349378,0.00011238480557428635,0.7775718365666853,0.7532717644896667,8897,1,8222,355
0.799,0.9971751412429378,0.041156581555322376,0.07905049826447207,0.00011238480557428635,0.7775718365666853,0.7532717644896667,8897,1,8224,353
0.8,0.9971671388101983,0.04103999067272939,0.07883538633818589,0.00011238480557428635,0.7775718365666853,0.7532717644896667,8897,1,8225,352
0.801,0.9971509971509972,0.04080680890754343,0.07840501792114696,0.00011238480557428635,0.7775718365666853,0.7532717644896667,8897,1,8227,350
0.802,0.997134670487106,0.04057362714235747,0.07797445664351332,0.00011238480557428635,0.7775718365666853,0.7532717644896667,8897,1,8229,348
0.803,0.9970588235294118,0.039524309199020634,0.07603454076483121,0.00011238480557428635,0.7775718365666853,0.7532717644896667,8897,1,8238,339
0.804,0.9967741935483871,0.0360265827212312,0.06953977720265557,0.00011238480557428635,0.7775718365666853,0.7532717644896667,8897,1,8268,309
0.805,0.9967637540453075,0.03590999183863822,0.06932252982219221,0.00011238480557428635,0.7775718365666853,0.7532717644896667,8897,1,8269,308
0.806,0.996742671009772,0.035676810073452254,0.06888788833858621,0.00011238480557428635,0.7775718365666853,0.7532717644896667,8897,1,8271,306
0.807,0.9967320261437909,0.03556021919085928,0.0686704942024091,0.00011238480557428635,0.7775718365666853,0.7532717644896667,8897,1,8272,305
0.808,1.0,0.034744083012708406,0.06715492957746479,0.0,0.7775718365666853,0.7532717644896667,8898,0,8279,298
0.809,1.0,0.034744083012708406,0.06715492957746479,0.0,0.7775718365666853,0.7532717644896667,8898,0,8279,298
0.81,1.0,0.034510901247522444,0.06671926067846275,0.0,0.7775718365666853,0.7532717644896667,8898,0,8281,296
0.811,1.0,0.03404453771715052,0.06584733340850152,0.0,0.7775718365666853,0.7532717644896667,8898,0,8285,292
0.812,1.0,0.033927946834557535,0.06562922868741543,0.0,0.7775718365666853,0.7532717644896667,8898,0,8286,291
0.8130000000000001,1.0,0.03322840153899965,0.06431956668923493,0.0,0.7775718365666853,0.7532717644896667,8898,0,8292,285
0.8140000000000001,1.0,0.03287862889122071,0.0636640704368439,0.0,0.7775718365666853,0.7532717644896667,8898,0,8295,282
0.8150000000000001,1.0,0.032645447126034746,0.0632268262391329,0.0,0.7775718365666853,0.7532717644896667,8898,0,8297,280
0.8160000000000001,1.0,0.032412265360848784,0.06278938452851497,0.0,0.7775718365666853,0.7532717644896667,8898,0,8299,278
0.8170000000000001,1.0,0.02949749329602425,0.05730464326160815,0.0,0.7775718365666853,0.7532717644896667,8898,0,8324,253
0.8180000000000001,1.0,0.02938090241343127,0.05708460754332314,0.0,0.7775718365666853,0.7532717644896667,8898,0,8325,252
0.8190000000000001,1.0,0.027165675644164625,0.052894438138478994,0.0,0.7775718365666853,0.7532717644896667,8898,0,8344,233
0.8200000000000001,1.0,0.0266993121137927,0.05200999318646378,0.0,0.7775718365666853,0.7532717644896667,8898,0,8348,229
0.8210000000000001,1.0,0.026466130348606738,0.051567469332121765,0.0,0.7775718365666853,0.7532717644896667,8898,0,8350,227
0.8220000000000001,1.0,0.020636586218957677,0.04043865661411926,0.0,0.7775718365666853,0.7532717644896667,8898,0,8400,177
0.8230000000000001,1.0,0.020636586218957677,0.04043865661411926,0.0,0.7775718365666853,0.7532717644896667,8898,0,8400,177
0.8240000000000001,1.0,0.020403404453771715,0.0399908592321755,0.0,0.7775718365666853,0.7532717644896667,8898,0,8402,175
0.8250000000000001,1.0,0.020170222688585752,0.039542857142857143,0.0,0.7775718365666853,0.7532717644896667,8898,0,8404,173
0.8260000000000001,1.0,0.020170222688585752,0.039542857142857143,0.0,0.7775718365666853,0.7532717644896667,8898,0,8404,173
0.8270000000000001,1.0,0.01982045004080681,0.038870469875385845,0.0,0.7775718365666853,0.7532717644896667,8898,0,8407,170
0.8280000000000001,1.0,0.019354086510434885,0.0379732357314423,0.0,0.7775718365666853,0.7532717644896667,8898,0,8411,166
0.8290000000000001,1.0,0.018421359449691033,0.0361763022323984,0.0,0.7775718365666853,0.7532717644896667,8898,0,8419,158
0.8300000000000001,1.0,0.017721814154133146,0.03482644060029786,0.0,0.7775718365666853,0.7532717644896667,8898,0,8425,152
0.8310000000000001,1.0,0.017721814154133146,0.03482644060029786,0.0,0.7775718365666853,0.7532717644896667,8898,0,8425,152
0.8320000000000001,1.0,0.017721814154133146,0.03482644060029786,0.0,0.7775718365666853,0.7532717644896667,8898,0,8425,152
0.833,1.0,0.01702226885857526,0.03347472199931216,0.0,0.7775718365666853,0.7532717644896667,8898,0,8431,146
0.834,1.0,0.016206132680424392,0.03189536484625975,0.0,0.7775718365666853,0.7532717644896667,8898,0,8438,139
0.835,1.0,0.015623178267459485,0.030765698542073245,0.0,0.7775718365666853,0.7532717644896667,8898,0,8443,134
0.836,1.0,0.015040223854494578,0.029634734665747755,0.0,0.7775718365666853,0.7532717644896667,8898,0,8448,129
0.837,1.0,0.014457269441529672,0.028502470980347087,0.0,0.7775718365666853,0.7532717644896667,8898,0,8453,124
0.838,1.0,0.014340678558936691,0.02827586206896552,0.0,0.7775718365666853,0.7532717644896667,8898,0,8454,123
0.839,1.0,0.014340678558936691,0.02827586206896552,0.0,0.7775718365666853,0.7532717644896667,8898,0,8454,123
0.84,1.0,0.013990905911157748,0.027595722662987238,0.0,0.7775718365666853,0.7532717644896667,8898,0,8457,120
0.841,1.0,0.013874315028564767,0.02736890524379025,0.0,0.7775718365666853,0.7532717644896667,8898,0,8458,119
0.842,1.0,0.011892270024484085,0.02350501209816799,0.0,0.7775718365666853,0.7532717644896667,8898,0,8475,102
0.843,1.0,0.011659088259298123,0.02304944105105451,0.0,0.7775718365666853,0.7532717644896667,8898,0,8477,100
0.844,1.0,0.011659088259298123,0.02304944105105451,0.0,0.7775718365666853,0.7532717644896667,8898,0,8477,100
0.845,1.0,0.010143406785589367,0.02008310249307479,0.0,0.7775718365666853,0.7532717644896667,8898,0,8490,87
0.846,1.0,0.010143406785589367,0.02008310249307479,0.0,0.7775718365666853,0.7532717644896667,8898,0,8490,87
0.847,1.0,0.010026815902996386,0.019854553849705647,0.0,0.7775718365666853,0.7532717644896667,8898,0,8491,86
0.848,1.0,0.009677043255217442,0.01916859122401848,0.0,0.7775718365666853,0.7532717644896667,8898,0,8494,83
0.849,1.0,0.009677043255217442,0.01916859122401848,0.0,0.7775718365666853,0.7532717644896667,8898,0,8494,83
0.85,1.0,0.009560452372624461,0.018939831389305925,0.0,0.7775718365666853,0.7532717644896667,8898,0,8495,82
0.851,1.0,0.009210679724845516,0.018253234750462106,0.0,0.7775718365666853,0.7532717644896667,8898,0,8498,79
0.852,1.0,0.008744316194473592,0.017337031900138695,0.0,0.7775718365666853,0.7532717644896667,8898,0,8502,75
0.853,1.0,0.00851113442928763,0.016878612716763004,0.0,0.7775718365666853,0.7532717644896667,8898,0,8504,73
0.854,1.0,0.008161361781508687,0.016190586330519258,0.0,0.7775718365666853,0.7532717644896667,8898,0,8507,70
0.855,1.0,0.008044770898915705,0.01596113809854268,0.0,0.7775718365666853,0.7532717644896667,8898,0,8508,69
0.856,1.0,0.007345225603357817,0.014583333333333335,0.0,0.7775718365666853,0.7532717644896667,8898,0,8514,63
0.857,1.0,0.007345225603357817,0.014583333333333335,0.0,0.7775718365666853,0.7532717644896667,8898,0,8514,63
0.858,1.0,0.006995452955578874,0.013893713094824591,0.0,0.7775718365666853,0.7532717644896667,8898,0,8517,60
0.859,1.0,0.0062959076600209865,0.012513034410844628,0.0,0.7775718365666853,0.7532717644896667,8898,0,8523,54
0.86,1.0,0.0061793167774280055,0.012282734646581693,0.0,0.7775718365666853,0.7532717644896667,8898,0,8524,53
0.861,1.0,0.0060627258948350235,0.012052381504229923,0.0,0.7775718365666853,0.7532717644896667,8898,0,8525,52
0.862,1.0,0.0060627258948350235,0.012052381504229923,0.0,0.7775718365666853,0.7532717644896667,8898,0,8525,52
0.863,1.0,0.005596362364463099,0.011130434782608696,0.0,0.7775718365666853,0.7532717644896667,8898,0,8529,48
0.864,1.0,0.0044304535385332865,0.008821822402785838,0.0,0.7775718365666853,0.7532717644896667,8898,0,8539,38
0.865,1.0,0.003964090008161362,0.007896876088723725,0.0,0.7775718365666853,0.7532717644896667,8898,0,8543,34
0.866,1.0,0.003614317360382418,0.007202602230483271,0.0,0.7775718365666853,0.7532717644896667,8898,0,8546,31
0.867,1.0,0.0029147720648245307,0.005812601720530108,0.0,0.7775718365666853,0.7532717644896667,8898,0,8552,25
0.868,1.0,0.0027981811822315496,0.0055807464248343215,0.0,0.7775718365666853,0.7532717644896667,8898,0,8553,24
0.869,1.0,0.002564999417045587,0.005116874055122689,0.0,0.7775718365666853,0.7532717644896667,8898,0,8555,22
0.87,1.0,0.002564999417045587,0.005116874055122689,0.0,0.7775718365666853,0.7532717644896667,8898,0,8555,22
0.871,1.0,0.002564999417045587,0.005116874055122689,0.0,0.7775718365666853,0.7532717644896667,8898,0,8555,22
0.872,1.0,0.002098635886673662,0.00418848167539267,0.0,0.7775718365666853,0.7532717644896667,8898,0,8559,18
0.873,1.0,0.0018654541214876996,0.003723961363900849,0.0,0.7775718365666853,0.7532717644896667,8898,0,8561,16
0.874,1.0,0.0018654541214876996,0.003723961363900849,0.0,0.7775718365666853,0.7532717644896667,8898,0,8561,16
0.875,1.0,0.0017488632388947185,0.003491620111731844,0.0,0.7775718365666853,0.7532717644896667,8898,0,8562,15
0.876,1.0,0.0016322723563017372,0.0032592247701082526,0.0,0.7775718365666853,0.7532717644896667,8898,0,8563,14
0.877,1.0,0.0013990905911157748,0.0027942717429269995,0.0,0.7775718365666853,0.7532717644896667,8898,0,8565,12
0.878,1.0,0.0013990905911157748,0.0027942717429269995,0.0,0.7775718365666853,0.7532717644896667,8898,0,8565,12
0.879,1.0,0.0012824997085227935,0.0025617140195621797,0.0,0.7775718365666853,0.7532717644896667,8898,0,8566,11
0.88,1.0,0.0012824997085227935,0.0025617140195621797,0.0,0.7775718365666853,0.7532717644896667,8898,0,8566,11
0.881,1.0,0.0003497726477789437,0.0006993006993006993,0.0,0.7775718365666853,0.7532717644896667,8898,0,8574,3
0.882,1.0,0.0003497726477789437,0.0006993006993006993,0.0,0.7775718365666853,0.7532717644896667,8898,0,8574,3
0.883,1.0,0.0003497726477789437,0.0006993006993006993,0.0,0.7775718365666853,0.7532717644896667,8898,0,8574,3
0.884,1.0,0.0003497726477789437,0.0006993006993006993,0.0,0.7775718365666853,0.7532717644896667,8898,0,8574,3
0.885,1.0,0.00023318176518596245,0.0004662548082527101,0.0,0.7775718365666853,0.7532717644896667,8898,0,8575,2
0.886,1.0,0.00023318176518596245,0.0004662548082527101,0.0,0.7775718365666853,0.7532717644896667,8898,0,8575,2
0.887,1.0,0.00023318176518596245,0.0004662548082527101,0.0,0.7775718365666853,0.7532717644896667,8898,0,8575,2
0.888,1.0,0.00023318176518596245,0.0004662548082527101,0.0,0.7775718365666853,0.7532717644896667,8898,0,8575,2
0.889,1.0,0.00023318176518596245,0.0004662548082527101,0.0,0.7775718365666853,0.7532717644896667,8898,0,8575,2
0.89,1.0,0.00023318176518596245,0.0004662548082527101,0.0,0.7775718365666853,0.7532717644896667,8898,0,8575,2
0.891,1.0,0.00023318176518596245,0.0004662548082527101,0.0,0.7775718365666853,0.7532717644896667,8898,0,8575,2
0.892,1.0,0.00023318176518596245,0.0004662548082527101,0.0,0.7775718365666853,0.7532717644896667,8898,0,8575,2
0.893,1.0,0.00023318176518596245,0.0004662548082527101,0.0,0.7775718365666853,0.7532717644896667,8898,0,8575,2
0.894,1.0,0.00023318176518596245,0.0004662548082527101,0.0,0.7775718365666853,0.7532717644896667,8898,0,8575,2
0.895,1.0,0.00023318176518596245,0.0004662548082527101,0.0,0.7775718365666853,0.7532717644896667,8898,0,8575,2
0.896,1.0,0.00023318176518596245,0.0004662548082527101,0.0,0.7775718365666853,0.7532717644896667,8898,0,8575,2
0.897,1.0,0.00023318176518596245,0.0004662548082527101,0.0,0.7775718365666853,0.7532717644896667,8898,0,8575,2
0.898,1.0,0.00023318176518596245,0.0004662548082527101,0.0,0.7775718365666853,0.7532717644896667,8898,0,8575,2
0.899,1.0,0.00023318176518596245,0.0004662548082527101,0.0,0.7775718365666853,0.7532717644896667,8898,0,8575,2
0.9,1.0,0.00023318176518596245,0.0004662548082527101,0.0,0.7775718365666853,0.7532717644896667,8898,0,8575,2
0.901,1.0,0.00023318176518596245,0.0004662548082527101,0.0,0.7775718365666853,0.7532717644896667,8898,0,8575,2
0.902,1.0,0.00023318176518596245,0.0004662548082527101,0.0,0.7775718365666853,0.7532717644896667,8898,0,8575,2
0.903,1.0,0.00023318176518596245,0.0004662548082527101,0.0,0.7775718365666853,0.7532717644896667,8898,0,8575,2
0.904,1.0,0.00023318176518596245,0.0004662548082527101,0.0,0.7775718365666853,0.7532717644896667,8898,0,8575,2
0.905,1.0,0.00023318176518596245,0.0004662548082527101,0.0,0.7775718365666853,0.7532717644896667,8898,0,8575,2
0.906,1.0,0.00023318176518596245,0.0004662548082527101,0.0,0.7775718365666853,0.7532717644896667,8898,0,8575,2
0.907,1.0,0.00023318176518596245,0.0004662548082527101,0.0,0.7775718365666853,0.7532717644896667,8898,0,8575,2
0.908,1.0,0.00023318176518596245,0.0004662548082527101,0.0,0.7775718365666853,0.7532717644896667,8898,0,8575,2
0.909,1.0,0.00023318176518596245,0.0004662548082527101,0.0,0.7775718365666853,0.7532717644896667,8898,0,8575,2
0.91,1.0,0.00023318176518596245,0.0004662548082527101,0.0,0.7775718365666853,0.7532717644896667,8898,0,8575,2
0.911,1.0,0.00023318176518596245,0.0004662548082527101,0.0,0.7775718365666853,0.7532717644896667,8898,0,8575,2
0.912,1.0,0.00011659088259298122,0.0002331545814875262,0.0,0.7775718365666853,0.7532717644896667,8898,0,8576,1
0.913,1.0,0.00011659088259298122,0.0002331545814875262,0.0,0.7775718365666853,0.7532717644896667,8898,0,8576,1
0.914,1.0,0.00011659088259298122,0.0002331545814875262,0.0,0.7775718365666853,0.7532717644896667,8898,0,8576,1
0.915,1.0,0.00011659088259298122,0.0002331545814875262,0.0,0.7775718365666853,0.7532717644896667,8898,0,8576,1
0.916,1.0,0.00011659088259298122,0.0002331545814875262,0.0,0.7775718365666853,0.7532717644896667,8898,0,8576,1
0.917,1.0,0.00011659088259298122,0.0002331545814875262,0.0,0.7775718365666853,0.7532717644896667,8898,0,8576,1
0.918,0.0,0.0,0.0,0.0,0.7775718365666853,0.7532717644896667,8898,0,8577,0
0.919,0.0,0.0,0.0,0.0,0.7775718365666853,0.7532717644896667,8898,0,8577,0
0.92,0.0,0.0,0.0,0.0,0.7775718365666853,0.7532717644896667,8898,0,8577,0
0.921,0.0,0.0,0.0,0.0,0.7775718365666853,0.7532717644896667,8898,0,8577,0
0.922,0.0,0.0,0.0,0.0,0.7775718365666853,0.7532717644896667,8898,0,8577,0
0.923,0.0,0.0,0.0,0.0,0.7775718365666853,0.7532717644896667,8898,0,8577,0
0.924,0.0,0.0,0.0,0.0,0.7775718365666853,0.7532717644896667,8898,0,8577,0
0.925,0.0,0.0,0.0,0.0,0.7775718365666853,0.7532717644896667,8898,0,8577,0
0.926,0.0,0.0,0.0,0.0,0.7775718365666853,0.7532717644896667,8898,0,8577,0
0.927,0.0,0.0,0.0,0.0,0.7775718365666853,0.7532717644896667,8898,0,8577,0
0.928,0.0,0.0,0.0,0.0,0.7775718365666853,0.7532717644896667,8898,0,8577,0
0.929,0.0,0.0,0.0,0.0,0.7775718365666853,0.7532717644896667,8898,0,8577,0
0.93,0.0,0.0,0.0,0.0,0.7775718365666853,0.7532717644896667,8898,0,8577,0
0.931,0.0,0.0,0.0,0.0,0.7775718365666853,0.7532717644896667,8898,0,8577,0
0.932,0.0,0.0,0.0,0.0,0.7775718365666853,0.7532717644896667,8898,0,8577,0
0.933,0.0,0.0,0.0,0.0,0.7775718365666853,0.7532717644896667,8898,0,8577,0
0.934,0.0,0.0,0.0,0.0,0.7775718365666853,0.7532717644896667,8898,0,8577,0
0.935,0.0,0.0,0.0,0.0,0.7775718365666853,0.7532717644896667,8898,0,8577,0
0.936,0.0,0.0,0.0,0.0,0.7775718365666853,0.7532717644896667,8898,0,8577,0
0.937,0.0,0.0,0.0,0.0,0.7775718365666853,0.7532717644896667,8898,0,8577,0
0.9380000000000001,0.0,0.0,0.0,0.0,0.7775718365666853,0.7532717644896667,8898,0,8577,0
0.9390000000000001,0.0,0.0,0.0,0.0,0.7775718365666853,0.7532717644896667,8898,0,8577,0
0.9400000000000001,0.0,0.0,0.0,0.0,0.7775718365666853,0.7532717644896667,8898,0,8577,0
0.9410000000000001,0.0,0.0,0.0,0.0,0.7775718365666853,0.7532717644896667,8898,0,8577,0
0.9420000000000001,0.0,0.0,0.0,0.0,0.7775718365666853,0.7532717644896667,8898,0,8577,0
0.9430000000000001,0.0,0.0,0.0,0.0,0.7775718365666853,0.7532717644896667,8898,0,8577,0
0.9440000000000001,0.0,0.0,0.0,0.0,0.7775718365666853,0.7532717644896667,8898,0,8577,0
0.9450000000000001,0.0,0.0,0.0,0.0,0.7775718365666853,0.7532717644896667,8898,0,8577,0
0.9460000000000001,0.0,0.0,0.0,0.0,0.7775718365666853,0.7532717644896667,8898,0,8577,0
0.9470000000000001,0.0,0.0,0.0,0.0,0.7775718365666853,0.7532717644896667,8898,0,8577,0
0.9480000000000001,0.0,0.0,0.0,0.0,0.7775718365666853,0.7532717644896667,8898,0,8577,0
0.9490000000000001,0.0,0.0,0.0,0.0,0.7775718365666853,0.7532717644896667,8898,0,8577,0
0.9500000000000001,0.0,0.0,0.0,0.0,0.7775718365666853,0.7532717644896667,8898,0,8577,0
0.9510000000000001,0.0,0.0,0.0,0.0,0.7775718365666853,0.7532717644896667,8898,0,8577,0
0.9520000000000001,0.0,0.0,0.0,0.0,0.7775718365666853,0.7532717644896667,8898,0,8577,0
0.9530000000000001,0.0,0.0,0.0,0.0,0.7775718365666853,0.7532717644896667,8898,0,8577,0
0.9540000000000001,0.0,0.0,0.0,0.0,0.7775718365666853,0.7532717644896667,8898,0,8577,0
0.9550000000000001,0.0,0.0,0.0,0.0,0.7775718365666853,0.7532717644896667,8898,0,8577,0
0.9560000000000001,0.0,0.0,0.0,0.0,0.7775718365666853,0.7532717644896667,8898,0,8577,0
0.9570000000000001,0.0,0.0,0.0,0.0,0.7775718365666853,0.7532717644896667,8898,0,8577,0
0.9580000000000001,0.0,0.0,0.0,0.0,0.7775718365666853,0.7532717644896667,8898,0,8577,0
0.9590000000000001,0.0,0.0,0.0,0.0,0.7775718365666853,0.7532717644896667,8898,0,8577,0
0.96,0.0,0.0,0.0,0.0,0.7775718365666853,0.7532717644896667,8898,0,8577,0
0.961,0.0,0.0,0.0,0.0,0.7775718365666853,0.7532717644896667,8898,0,8577,0
0.962,0.0,0.0,0.0,0.0,0.7775718365666853,0.7532717644896667,8898,0,8577,0
0.963,0.0,0.0,0.0,0.0,0.7775718365666853,0.7532717644896667,8898,0,8577,0
0.964,0.0,0.0,0.0,0.0,0.7775718365666853,0.7532717644896667,8898,0,8577,0
0.965,0.0,0.0,0.0,0.0,0.7775718365666853,0.7532717644896667,8898,0,8577,0
0.966,0.0,0.0,0.0,0.0,0.7775718365666853,0.7532717644896667,8898,0,8577,0
0.967,0.0,0.0,0.0,0.0,0.7775718365666853,0.7532717644896667,8898,0,8577,0
0.968,0.0,0.0,0.0,0.0,0.7775718365666853,0.7532717644896667,8898,0,8577,0
0.969,0.0,0.0,0.0,0.0,0.7775718365666853,0.7532717644896667,8898,0,8577,0
0.97,0.0,0.0,0.0,0.0,0.7775718365666853,0.7532717644896667,8898,0,8577,0
0.971,0.0,0.0,0.0,0.0,0.7775718365666853,0.7532717644896667,8898,0,8577,0
0.972,0.0,0.0,0.0,0.0,0.7775718365666853,0.7532717644896667,8898,0,8577,0
0.973,0.0,0.0,0.0,0.0,0.7775718365666853,0.7532717644896667,8898,0,8577,0
0.974,0.0,0.0,0.0,0.0,0.7775718365666853,0.7532717644896667,8898,0,8577,0
0.975,0.0,0.0,0.0,0.0,0.7775718365666853,0.7532717644896667,8898,0,8577,0
0.976,0.0,0.0,0.0,0.0,0.7775718365666853,0.7532717644896667,8898,0,8577,0
0.977,0.0,0.0,0.0,0.0,0.7775718365666853,0.7532717644896667,8898,0,8577,0
0.978,0.0,0.0,0.0,0.0,0.7775718365666853,0.7532717644896667,8898,0,8577,0
0.979,0.0,0.0,0.0,0.0,0.7775718365666853,0.7532717644896667,8898,0,8577,0
0.98,0.0,0.0,0.0,0.0,0.7775718365666853,0.7532717644896667,8898,0,8577,0
0.981,0.0,0.0,0.0,0.0,0.7775718365666853,0.7532717644896667,8898,0,8577,0
0.982,0.0,0.0,0.0,0.0,0.7775718365666853,0.7532717644896667,8898,0,8577,0
0.983,0.0,0.0,0.0,0.0,0.7775718365666853,0.7532717644896667,8898,0,8577,0
0.984,0.0,0.0,0.0,0.0,0.7775718365666853,0.7532717644896667,8898,0,8577,0
0.985,0.0,0.0,0.0,0.0,0.7775718365666853,0.7532717644896667,8898,0,8577,0
0.986,0.0,0.0,0.0,0.0,0.7775718365666853,0.7532717644896667,8898,0,8577,0
0.987,0.0,0.0,0.0,0.0,0.7775718365666853,0.7532717644896667,8898,0,8577,0
0.988,0.0,0.0,0.0,0.0,0.7775718365666853,0.7532717644896667,8898,0,8577,0
0.989,0.0,0.0,0.0,0.0,0.7775718365666853,0.7532717644896667,8898,0,8577,0
0.99,0.0,0.0,0.0,0.0,0.7775718365666853,0.7532717644896667,8898,0,8577,0
0.991,0.0,0.0,0.0,0.0,0.7775718365666853,0.7532717644896667,8898,0,8577,0
0.992,0.0,0.0,0.0,0.0,0.7775718365666853,0.7532717644896667,8898,0,8577,0
0.993,0.0,0.0,0.0,0.0,0.7775718365666853,0.7532717644896667,8898,0,8577,0
0.994,0.0,0.0,0.0,0.0,0.7775718365666853,0.7532717644896667,8898,0,8577,0
0.995,0.0,0.0,0.0,0.0,0.7775718365666853,0.7532717644896667,8898,0,8577,0
0.996,0.0,0.0,0.0,0.0,0.7775718365666853,0.7532717644896667,8898,0,8577,0
0.997,0.0,0.0,0.0,0.0,0.7775718365666853,0.7532717644896667,8898,0,8577,0
0.998,0.0,0.0,0.0,0.0,0.7775718365666853,0.7532717644896667,8898,0,8577,0
0.999,0.0,0.0,0.0,0.0,0.7775718365666853,0.7532717644896667,8898,0,8577,0
1.0,0.0,0.0,0.0,0.0,0.7775718365666853,0.7532717644896667,8898,0,8577,0
