tree
version=v4
num_class=1
num_tree_per_iteration=1
label_index=0
max_feature_idx=64
objective=binary sigmoid:1
feature_names=ear_q25 ear_energy ear_max ear_q75 ear_min right_ear_q75 right_ear_energy left_ear_mean ear_mean left_ear_min left_ear_q25 yaw_q25 right_ear_max yaw_min gaze_x_min left_ear_energy left_ear_q75 gaze_y_max right_ear_q25 right_ear_mean yaw_max yaw_energy left_ear_max gaze_y_energy pitch_min pitch_q25 gaze_y_mean_absolute_change relative_ear_min relative_ear_std gaze_y_maximum_absolute_change mar_max roll_min gaze_y_range relative_ear_q25 pitch_mean left_ear_coefficient_of_variation pitch_max relative_ear_q75 mar_energy gaze_x_max roll_energy gaze_y_skewness gaze_y_q75 gaze_zone_DOWN_ratio mar_min pitch_q75 mar_q25 roll_q75 gaze_y_variance relative_ear_max relative_ear_mean roll_q25 roll_max yaw_coefficient_of_variation gaze_x_energy gaze_y_median mar_mean face_velocity_x_max head_motion_q25 mar_variance face_velocity_x_min pitch_energy face_velocity_x_maximum_absolute_change head_motion_median gaze_y_q25
feature_infos=[0.0083788665102635003:0.53426916666666657] [0.0001053598312003:0.33898250533923679] [0.013122694053442401:0.94432899999999997] [0.011354431499396999:0.63031089898914883] [0.0048849248210039997:0.48403637783778369] [0.0082456895987575995:0.75684150227522151] [5.3888082153394137e-05:0.3910681323291606] [0.0037319213193970002:0.94061893452023282] [0.0101193441715519:0.57937634034183838] [0.0011081493149321:0.82408618276344969] [0.0027795385822535:0.8884914990821362] [-87.843300373000943:73.507337130643464] [0.013234227082079299:0.98308852865291363] [-89.774900000000002:62.8095] [-1:1] [1.6531427333967638e-05:0.88843152539043957] [0.0041891400210005997:1] [-1:1] [0.0029259164066249999:0.50203549999999708] [0.0067838864630141004:0.60122328888888876] [-70.784000000000006:87.575816391662684] [0.063257490955190995:6907.0026891481102] [0.0067012442580384997:1] [0.00016523901273689999:1] [-89.507599999999996:38.334277891088441] [-87.309804166666652:86.312994946873161] [0:0.45660373594923448] [0.026842127098321199:2] [0:0.74229964469904808] [0:1.4991343277644875] [0.0011399662296383999:1.3423096081488179] [-81.511291666666992:48.235916666666398] [0:2] [0.048528922273789098:2] [-61.736225344218802:80.03774960538091] [0.0050290396128386001:2.0636835551228767] [-49.695900000000002:88.705299999999994] [0.065762077908081501:2] [6.4433433417140966e-07:1.3798279971418801] [-1:1] [0.0029115302989455001:5953.747457625218] [-5.4772255750518157:5.4772255750516621] [-1:1] [0:1] [0.0003495423824181:0.92497590143312736] [-57.753962298138696:87.664887499999992] [0.00054670663290629995:1.1174343223860543] [-47.933061977707233:79.883406250000007] [0:0.78836205873355447] [0.076002416292304295:2] [0.058609162951181702:2] [-59.952112027056941:75.843437499999993] [-41.161024773834384:87.296250000000015] [0.00099300849989080006:4608.71739949332] [0.0001081769432244:1] [-1:1] [0.00075653638626249999:1.1629250188169586] [-0.11059357930213699:4.4320190274300622] [0.45304110495033117:2905.8114905420061] [6.2241968573166812e-09:0.23936123927464559] [-5.6957546391733542:0.058923189295330303] [0.024791535688210801:6625.3556408159457] [0:3.4675460904739666] [0.67736477706958764:3341.9565788710379] [-1:1]
tree_sizes=2955 2960 2974 2962 2968 2966 2954 2961 2988 2970 2968 2960 2972 2973 2975 2973 2962 2952 2955 2959 2970 2975 2972 2973 2959 2965 2968 2958 2982 2963 2970 2981 2944 2971 2983 2971 2973 2971

Tree=0
num_leaves=26
num_cat=0
split_feature=8 9 53 46 40 3 14 0 50 38 39 64 34 17 34 53 12 61 54 27 13 60 25 39 58
split_gain=4650.64 1347.75 890.672 787.067 715.573 678.696 641.176 599.255 515.67 462.729 393.769 389.556 428.432 386.637 374.53 309.364 305.407 302.83 301.064 290.27 280.184 283.917 261.221 286.417 342.701
threshold=0.15986364875912204 0.13103783048676856 0.086490416476437473 0.18022511332957428 18.759346935205162 0.21128237741069353 0.38953718115941943 0.095266314414094208 1.0268118054555693 4.5546124994229423e-06 0.70298349410278727 -0.45731199526260552 -7.5718398611111137 -0.33915297579599823 0.82923734561200735 0.27238683333580715 0.16893761440595598 449.36674312190934 0.81751688361174557 0.60143786231595675 35.248083552306205 -0.37719528087659215 -4.3707967077880889 0.28836151126134901 35.646645964095448
decision_type=2 2 2 2 2 2 2 2 2 2 2 2 2 2 2 2 2 2 2 2 2 2 2 2 2
left_child=7 2 10 6 8 11 15 -1 9 -3 22 12 -6 -7 19 -4 -11 -18 -16 -13 21 -9 23 -2 -25
right_child=1 4 3 -5 5 13 -8 20 -10 16 -12 14 -14 -15 18 -17 17 -19 -20 -21 -22 -23 -24 24 -26
leaf_value=0.058600202579876567 0.044852530870437828 0.012323253816988258 0.0045223471735466982 -0.054076998049414959 -0.061113589751476897 0.057808161687311718 0.032578598756100474 -0.010777465950429842 0.014159318272751558 0.0086412262101800991 0.04247199359497638 -0.03542899983295774 0.027969521139313031 -0.022089554433834546 -0.013531024138476401 -0.022139694805241594 -0.039237646878192214 0.049847461600498431 0.062443410751812874 0.032451136942309354 -0.045594573315177932 0.03272004290764962 0.020692338626583276 -0.045507582985014026 0.016411839629415375
leaf_weight=941.68564818799496 89.182529725134373 237.67917095124722 888.79291979968548 346.32236862182617 168.32231783866882 67.086356639862061 490.91397097706795 178.07671947032213 286.94309317320585 161.43758717179298 629.72882270812988 73.880440562963486 89.238231897354126 2241.8028712272644 571.25523465871811 1008.2940142601728 2795.7641487494111 41.472436189651489 62.152078539133072 840.81311970949173 55.615143954753876 1882.0959220081568 1076.2552024275064 236.91861071437597 163.61575794219971
leaf_count=2382 442 1910 4542 251 61 524 1299 458 1572 941 1123 90 151 8374 2984 5060 13283 203 215 3011 15 7523 5386 763 51
internal_value=0.000285187 -0.00858323 0.00484924 -0.00770262 -0.0172532 -0.00791646 -0.000962614 0.0367326 -0.0281528 -0.0319067 0.0204776 0.00721744 -0.0302562 -0.0197505 0.0134634 -0.00965141 -0.0354146 -0.0379229 -0.00601268 0.0269444 0.0269829 0.0289577 0.0116172 -0.0083282 -0.0202297
internal_weight=15625.3 12567.9 4930.02 2734.32 7637.85 4114.55 2388 3057.47 3523.3 3236.35 2195.7 1805.66 257.561 2308.89 1548.1 1897.09 2998.67 2837.24 633.407 914.694 2115.79 2060.17 1565.97 489.717 400.534
internal_count=62614 52236 18917 11152 33319 15410 10901 10378 17909 16337 7765 6512 212 8898 6300 9602 14427 13486 3199 3101 7996 7981 6642 1256 814
is_linear=0
shrinkage=1


Tree=1
num_leaves=26
num_cat=0
split_feature=0 7 40 38 61 11 11 46 30 11 46 2 6 12 37 11 11 57 40 36 64 50 17 64 36
split_gain=4282.44 879.36 945.069 1189.49 877.907 848.359 804.715 745.56 754.216 632.9 855.632 572.894 568.277 371.369 341.088 339.751 344.214 330.426 416.722 350.804 362.632 327.778 309.49 302.419 524.016
threshold=0.15599566482769067 0.23016208141955666 19.515042496155147 5.6157547640862088e-06 117.96413300586983 -8.1770774067783645 1.0000000180025095e-35 0.16721640129920376 0.5109897683989516 34.948972569106253 0.15325074575137648 0.19958892509029399 0.017144335619319651 0.31227202758723516 0.87966057342845638 1.3347761500807243 13.275381603171866 0.39847946678146379 10.970820296499339 9.057964816481638 -0.15193956667735012 1.0268118054555693 -0.2117331899856422 -0.44223636672189187 4.2485680617277302
decision_type=2 2 2 2 2 2 2 2 2 2 2 2 2 2 2 2 2 2 2 2 2 2 2 2 2
left_child=7 2 3 15 5 -5 -6 12 -9 10 23 14 -1 -11 -12 -2 -17 18 19 20 -14 -7 -3 -4 -25
right_child=1 22 9 4 6 21 -8 8 -10 13 11 -13 17 -15 -16 16 -18 -19 -20 -21 -22 -23 -24 24 -26
leaf_value=0.057015616206696519 -0.011513144430541465 0.038525144798482028 -0.023560966490278442 0.0061085327022013438 -0.038558870700032298 -0.040179062760403138 0.04191417766501903 -0.029156513752565023 0.060099213116633937 0.041044250841187839 -0.044854600746683952 -0.048216445527454986 -0.018015066122296183 -0.020210368298362306 0.056862312482098894 0.054584007242215765 -0.019177442168003659 -0.012588521350856658 0.045723149883059616 0.053059223173221731 0.049731623900273157 0.0096733859658666779 -0.02919043548461854 0.025662897510234994 -0.00094654829621513789
leaf_weight=1138.9490378499031 188.5846786648035 75.118175625801086 334.75438326597214 597.2328659966588 205.55259820073843 2513.2943899035454 389.80836980044842 369.28411102294922 141.66717910766602 688.18814659118652 53.452768713235855 568.17932779341936 373.05472592264414 126.91018486022949 105.14523627609015 372.4578332901001 83.826268211007118 199.93559098243713 987.80716177076101 165.23932824283838 110.65865561366081 151.62525700032711 2293.5722986161709 1301.3405811265111 2100.2513748332858
leaf_count=3803 1473 459 535 3450 1458 10639 1672 335 107 1981 80 329 1541 394 60 3067 698 624 2669 1005 539 754 11011 4906 9067
internal_value=0.000221344 -0.00901833 -0.0046541 -0.0157448 -0.0226708 -0.0293864 0.0141169 0.0324128 -0.00435866 0.00480723 -7.14741e-05 -0.0327706 0.0387265 0.0314972 0.0225311 0.025664 0.0410236 0.027367 0.0322513 0.0117164 -0.00246489 -0.0373407 -0.0270317 0.00629413 0.00923666
internal_weight=15635.9 12149.3 9780.6 4502.38 3857.51 3262.15 595.361 3486.6 510.951 5278.22 4463.12 726.777 2975.64 815.098 158.598 644.869 456.284 1836.7 1636.76 648.953 483.713 2664.92 2368.69 3736.35 3401.59
internal_count=62656 52033 40563 23211 17973 14843 3130 10623 442 17352 14977 469 10181 2375 140 5238 3765 6378 5754 3085 2080 11393 11470 14508 13973
is_linear=0
shrinkage=0.032956


Tree=2
num_leaves=26
num_cat=0
split_feature=1 35 2 11 37 59 30 17 10 36 36 56 57 46 1 61 40 42 11 40 12 44 14 49 39
split_gain=4193.48 1103.14 946.912 752.679 729.425 697.287 973.906 736.985 732.34 661.833 628.417 524.886 494.923 451.219 417.176 409.863 684.504 339.673 320.018 314.26 298.124 283.509 282.997 266.782 253.36
threshold=0.025480556040928051 0.11430420089253655 0.24613100625558579 34.948972569106253 1.0441528324221045 8.9661605427833878e-05 0.5109897683989516 -0.19689443507831331 0.22721827910341588 -6.1575350064536973 -3.4504583848003674 0.0097327960092163015 0.28555053032161687 0.16721640129920376 0.023245435149258302 77.51393031722867 17.603007234006856 -0.14471277935753399 26.369569451660972 9.7877570742700595 0.22472924999999996 0.0099734933489523028 0.44168314166990658 1.2161098702426993 -0.42829324860629686
decision_type=2 2 2 2 2 2 2 2 2 2 2 2 2 2 2 2 2 2 2 2 2 2 2 2 2
left_child=12 4 3 13 5 7 17 -2 9 -9 23 22 14 15 -1 16 -3 -7 -19 -16 -17 -14 -4 -6 -10
right_child=1 2 11 -5 10 6 -8 8 24 -11 -12 -13 21 -15 19 20 -18 18 -20 -21 -22 -23 -24 -25 -26
leaf_value=0.050926110815661826 0.046688691131769135 -0.018144377921149164 -0.012871105981951266 0.050875447697813665 0.048234553300143049 -0.048453724761257838 0.047341754334296278 0.032175150169916351 -0.015632899604064651 -0.012635893430913935 -0.010751159928336383 -0.0427517063214242 0.020524428257926674 -0.027428914220094986 -0.0045474100577552797 0.033864778274758547 0.023746296051932098 -0.036567559185039837 0.017997995485166767 0.040617925357436552 9.9163250079299932e-05 -0.042937490286368091 0.037049585245982931 -0.043416835825973797 -0.045448974984797184
leaf_weight=1702.2138022482395 216.38307785987854 986.9989362731576 500.84457242488861 466.53304719924927 388.27159485220909 1573.9291535168886 144.81811904907227 419.82140484452248 471.30474829673767 2405.4656377732754 689.42606961727142 620.24634599685669 238.99675989151001 382.12874889373779 304.220105715096 967.3224667981267 741.11268182098866 333.60519009828568 178.80751810967922 370.71496336907148 401.92588591575623 111.52887833118439 162.82406532764435 37.288025051355362 907.15428102016449
leaf_count=5588 1367 6363 1854 886 873 1515 92 2559 1901 14615 3356 1369 618 277 1410 4369 2781 1598 439 1056 1613 216 566 155 5405
internal_value=-0.000300067 -0.00809756 0.00360258 0.0116014 -0.0159762 -0.0201112 -0.0351281 -0.0125265 -0.0155822 -0.0059706 0.00868721 -0.0209739 0.0368439 0.00632595 0.042233 0.0104959 -0.000176756 -0.0408671 -0.017528 0.020277 0.0239587 0.000284746 -0.000596161 0.0401431 -0.0352684
internal_weight=15723.9 12996.2 5229.94 3946.02 7766.27 6651.29 2231.16 4420.13 4203.75 2825.29 1114.99 1283.91 2727.67 3479.49 2377.15 3097.36 1728.11 2086.34 512.413 674.935 1369.25 350.526 663.669 425.56 1378.46
internal_count=62841 53953 20078 16289 33875 29491 3644 25847 24480 17174 4384 3789 8888 15403 8054 15126 9144 3552 2037 2466 5982 834 2420 1028 7306
is_linear=0
shrinkage=0.032956


Tree=3
num_leaves=26
num_cat=0
split_feature=8 9 53 46 37 30 59 36 3 21 14 42 39 1 44 3 47 63 42 42 26 54 53 25 57
split_gain=3840.25 1104.42 869.227 718.97 611.582 759.303 1004.51 758.905 733.933 654.916 532.103 450.984 400.303 391.597 467.516 348.308 334.125 322.253 315.021 311.813 352.503 350.233 300.853 296.742 290.513
threshold=0.15986364875912204 0.11653222126999221 0.086490416476437473 0.18022511332957428 1.0148254715892187 0.5109897683989516 8.1408862669489883e-05 -3.2898738490515318 0.20939595363047606 56.297193963787471 0.3969737234287764 -0.20515426839729317 0.6920263943060978 0.022267601701074252 0.15965358405255217 0.21606639159634577 -6.8083148972221821 31.018423485393672 -0.32509119729704622 -0.12270387167197468 0.070827779949008809 0.2854295176494937 0.27238683333580715 1.0000000180025095e-35 0.28555053032161687
decision_type=2 2 2 2 2 2 2 2 2 2 2 2 2 2 2 2 2 2 2 2 2 2 2 2 2
left_child=13 2 12 10 5 6 8 15 9 -3 22 -10 -2 14 24 16 -6 -8 -17 20 21 -15 -4 -22 -1
right_child=1 4 3 -5 7 -7 17 -9 11 -11 -12 -13 -14 19 -16 18 -18 -19 -20 -21 23 -23 -24 -25 -26
leaf_value=0.053137128833512522 0.012881095184391119 -0.028615861541139608 0.0067465007274016891 -0.050610493379096982 -0.035911090269145608 0.058937424104090051 0.0011733601233965244 -0.014451960390203163 0.027437753883638026 0.016500159418611157 0.033923817946463972 -0.028571744265152663 0.046958102013907078 0.0063379082869813707 -0.029232815823393724 0.046724218626966921 0.054137143465759908 -0.045223006019990832 -0.028788497422530524 0.036335594012805665 0.04958376353375623 -0.060084811881672813 -0.020847634925246831 -0.021084016637674539 0.010141923577528947
leaf_weight=1403.036727167666 1303.225407473743 486.24837270379066 802.60240972042084 355.14412117004395 49.621806532144547 127.94961881637573 178.4599554091692 1319.7838471829891 167.62024452537298 1236.7973138689995 405.58009653538465 2178.2353337705135 525.11404228210449 246.49118337035179 89.683028221130371 90.740855634212494 416.5712231695652 1823.0142968893051 173.6910994052887 653.08693432062864 232.23407455533743 131.76517820358276 920.79992134124041 88.784552909433842 194.7646878361702
leaf_count=4612 6029 3923 4193 227 108 99 1185 6374 994 7089 1148 11349 1012 1670 124 359 714 2387 595 3004 183 58 4628 271 444
internal_value=-2.90962e-05 -0.00807302 0.00544138 -0.00725163 -0.0151383 -0.0202989 -0.021976 0.00046394 -0.0125696 0.00376149 -3.84692e-06 -0.0245623 0.0226832 0.0332038 0.0437929 0.0273954 0.044511 -0.0410871 -0.00281826 0.019974 0.00467098 -0.0168711 -0.00799933 0.0300352 0.0479033
internal_weight=15601 12561.2 4312.47 2484.13 8248.73 6198.33 6070.38 2050.41 4068.9 1723.05 2128.98 2345.86 1828.34 3039.85 1687.48 730.625 466.193 2001.47 264.432 1352.36 699.275 378.256 1723.4 321.019 1597.8
internal_count=62779 52413 17237 10196 35176 27026 26927 8150 23355 11012 9969 12343 7041 10366 5180 1776 822 3572 954 5186 2182 1728 8821 454 5056
is_linear=0
shrinkage=0.032956


Tree=4
num_leaves=26
num_cat=0
split_feature=0 40 38 22 49 30 46 61 61 57 19 13 30 46 28 7 60 14 53 38 60 25 42 14 21
split_gain=3512.12 803.294 1206.27 883.024 758.189 654.354 635.101 631.025 540.005 487.218 473.278 442.507 396.454 391.176 485.156 383.057 368.318 471.994 366.228 355.702 315.348 311.525 291.796 296.774 278.61
threshold=0.15242055179480687 18.759346935205162 5.2883739306458102e-06 0.23373804257122741 1.0854531165943146 0.051837411335743856 0.10855093701426521 84.106264540587844 476.71443057805044 0.23135580464518007 0.18786451545705113 -2.0230455655796589 0.5109897683989516 0.16721640129920376 0.058492190970760055 0.16040133528146974 -0.22124222016116882 -0.11109399365491444 0.04670449628547476 2.5865580815840882e-05 -0.40911996354737684 2.4562570563374293 -0.18532269697127768 0.45093658268346298 18.260554218467608
decision_type=2 2 2 2 2 2 2 2 2 2 2 2 2 2 2 2 2 2 2 2 2 2 2 2 2
left_child=6 2 24 12 8 10 11 -6 16 15 20 -1 13 14 19 -8 -4 -18 -15 -3 -5 -16 -12 -24 -2
right_child=1 3 4 5 7 -7 9 -9 -10 -11 22 -13 -14 18 21 -17 17 -19 -20 -21 -22 -23 23 -25 -26
leaf_value=0.017153955179025928 -0.019455758434545042 0.014363986160637087 -0.0056391703278687059 -0.021564750230555173 -0.01943172040485042 -0.0369825686972328 0.042015045037806842 0.046126133429176673 0.054512993875479761 -0.039171903819444596 0.025790947849761249 0.049028955447463489 0.056173637429862117 0.040807515559505243 0.03609259221942341 -0.013366041231663128 -0.017976365636820247 -0.043196082704344128 -0.03052593161535657 -0.018595961459234232 0.02966936776617991 0.0042557919340137007 -0.023056698517937037 0.017773260477424047 0.034767339791862278
leaf_weight=662.85745969414711 126.93042333424091 762.2143861502409 579.23382157832384 168.15633726119995 352.45745216310024 882.97526216506958 353.03765626996756 290.05968441069126 83.195478335022926 197.2872711122036 187.48888337612152 1660.6369185820222 196.19117736816406 94.415871262550354 1026.5599754601717 219.54028410464525 1268.4419697374105 2217.8267097994685 438.78674381971359 665.3610777258873 574.74509547650814 494.83079624176025 1426.261851683259 223.09696197509766 534.21099297702312
leaf_count=3477 1030 4347 2044 617 1395 2132 327 1155 438 314 856 5159 181 65 2767 118 8701 9427 294 1883 2780 2195 5826 784 4330
internal_value=-0.000108994 -0.00783782 -0.0173625 -0.000564533 -0.0231208 -0.0125074 0.0313504 0.0101824 -0.0282795 0.00540161 -0.0041221 0.0399438 0.0106784 0.00810388 0.012801 0.0207904 -0.0299832 -0.0340259 -0.0178559 -0.00099947 0.0180625 0.0257448 -0.0130982 -0.0175284 0.0243471
internal_weight=15686.8 12593.4 5452.36 7141.08 4791.22 3462.72 3093.36 642.517 4148.7 769.865 2579.75 2323.49 3678.36 3482.17 2948.97 572.578 4065.5 3486.27 533.203 1427.58 742.901 1521.39 1836.85 1649.36 661.141
internal_count=62642 53247 28520 24727 23160 12995 9395 2550 20610 759 10863 8636 11732 11551 11192 445 20172 18128 359 6230 3397 4962 7466 6610 5360
is_linear=0
shrinkage=0.032956


Tree=5
num_leaves=26
num_cat=0
split_feature=8 9 53 46 37 30 59 3 36 53 14 0 39 42 58 48 49 31 52 44 3 30 55 56 42
split_gain=3338.2 957.569 871.618 702.745 543.024 717.504 775.975 726.483 675.409 616.24 470.984 442.214 402.051 401.913 332.715 336.35 279.399 265.414 308.843 276.144 391.571 353.167 272.87 245.187 220.712
threshold=0.15986364875912204 0.11653222126999221 0.086490416476437473 0.18022511332957428 1.0311442399602979 0.5109897683989516 8.9661605427833878e-05 0.21128237741069353 -3.6099009256067518 0.12720570254038777 0.047114477813115757 0.095266314414094208 0.6920263943060978 -0.20276825601029844 25.484282295832028 0.0091560146494689531 1.2161098702426993 0.11465301939610156 -2.0367703292275947 0.018014550097935806 0.16292294774047147 0.5109897683989516 -0.13122424053465007 0.0022594487685250503 -0.19033024040628724
decision_type=2 2 2 2 2 2 2 2 2 2 2 2 2 2 2 2 2 2 2 2 2 2 2 2 2
left_child=11 2 12 10 5 6 7 9 16 -3 23 -1 -2 -9 -8 -16 -6 18 -13 20 -20 -21 -22 -4 -12
right_child=1 4 3 -5 8 -7 14 13 -10 -11 24 17 -14 -15 15 -17 -18 -19 19 21 22 -23 -24 -25 -26
leaf_value=0.05077667207316626 0.01232671159029107 0.017565358357095544 0.030385817319873654 -0.049030428018222869 0.040274481742930753 0.051697248655092606 0.0020048913934083662 0.024586285507895666 -0.012156585160874997 -0.020917147530785402 0.047394745167070589 0.034230494854462654 0.045684017695213366 -0.027426740255755797 -0.05024488330686068 -0.020559969382516662 -0.041356309926468472 0.047358894921644176 0.040937268061346906 -0.050696270274151647 -0.023147831428553901 0.058254904570494703 0.031818120344868778 -0.01757593716248021 0.0090235269004534397
leaf_weight=905.70086912810802 1306.6163537725806 1223.7891765683889 128.06326519697905 373.58390617370605 503.30415332317352 156.30844402313232 223.40092372894287 173.26306696981192 1037.0180024504662 715.62916135787964 218.12541711330414 701.47602297365665 560.71603488922119 2249.0691960155964 1267.1197228953242 618.27642548829317 49.474547982215881 399.36149835586548 342.34661844372749 160.1201596185565 309.08981367945671 39.786687850952148 142.82640347629786 1148.6126365661621 637.79628301411867
leaf_count=2408 6048 7308 970 227 1129 111 1342 1021 4775 5169 690 1686 1036 11601 1583 744 180 2995 973 254 1333 19 699 5919 2448
internal_value=0.000305303 -0.00713982 0.00531724 -0.00738177 -0.0137703 -0.0179196 -0.019607 -0.0116681 0.00352569 0.00336304 -7.15154e-05 0.0315372 0.0223571 -0.0237 -0.0360177 -0.0405221 0.0329233 0.0232049 0.0174981 0.00567537 0.0143909 -0.0288785 -0.00575248 -0.0127502 0.0188343
internal_weight=15590.9 12590.2 4373.51 2506.18 8216.65 6626.86 6470.55 4361.75 1589.8 1939.42 2132.6 3000.71 1867.33 2422.33 2108.8 1885.4 552.779 2095.01 1695.65 994.17 794.263 199.907 451.916 1276.68 855.922
internal_count=62668 52301 17338 10254 34963 28879 28768 25099 6084 12477 10027 10367 7084 12622 3669 2327 1309 7959 4964 3278 3005 273 2032 6889 3138
is_linear=0
shrinkage=0.032956


Tree=6
num_leaves=26
num_cat=0
split_feature=8 9 11 12 40 0 30 3 38 50 53 57 17 64 45 45 54 18 55 20 8 61 20 14 53
split_gain=3308.12 988.471 702.338 582.129 566.871 468.322 449.153 412.838 410.986 381.134 378.083 327.704 327.463 300.752 670.259 542.319 308.66 256.734 291.827 249.164 473.75 263.554 236.151 231.801 224.844
threshold=0.15986364875912204 0.11653222126999221 34.948972569106253 0.26376050719887795 18.759346935205162 0.095266314414094208 0.2452621979864584 0.21519458625529345 4.6348557906564059e-06 1.0242046348658158 0.27238683333580715 0.27492560920275905 -0.29758356726825008 -0.30578578256345218 -6.3139332512275139 2.1644411133370753 0.86249057079332447 0.13838491277479961 -0.17959466958066286 -5.9515887518451178 0.21038724980458859 424.17987271989676 53.216992219221943 0.46225030993801214 0.2436171321148716
decision_type=2 2 2 2 2 2 2 2 2 2 2 2 2 2 2 2 2 2 2 2 2 2 2 2 2
left_child=5 2 3 10 8 -1 23 13 -3 19 -2 17 -9 14 -6 -15 -17 -7 -19 20 -10 -21 -4 -5 -16
right_child=1 4 22 6 7 11 -8 12 9 -11 -12 -13 -14 15 24 16 -18 18 -20 21 -22 -23 -24 -25 -26
leaf_value=0.05096709376434605 0.012809641034835931 0.01411839373286394 0.048664624262429131 -0.02117845962516041 -0.0349604303237969 0.036832943260942053 -0.056496433682183336 0.042675153798998292 0.013022257932052934 0.0092361737136488053 -0.014170784551624188 -0.007967103280468471 -0.019307623049399696 0.033002909797379125 0.035673613160036373 -0.014175283468379004 0.06002887871246488 -0.013555758652323925 0.034072977259846642 -0.037371456951662239 -0.036143842737031237 0.044942385612212879 -0.01296209797444838 0.035521014245700054 -0.039580207783925223
leaf_weight=909.18942509591579 2338.6459041237831 289.2411327958107 477.28258228302002 231.78460518270731 529.32848185300827 1192.3594389110804 311.42400932312012 96.244957685470581 372.3358460739255 292.07405895739794 742.6885427236557 321.76351368427277 2064.3936417102814 718.10560296475887 287.15954050421715 661.00369936227798 66.33032388985157 285.24439626187086 272.57909109443426 2235.6256805509329 495.29437804222107 42.472676813602448 78.327351570129395 117.35445626825094 50.093541115522385
leaf_count=2380 10558 2336 1026 830 217 4349 173 604 2293 1424 3978 835 7859 3259 462 3477 230 1098 1651 9944 2546 204 246 418 161
internal_value=6.12147e-05 -0.00738039 0.00542167 0.00028485 -0.0140899 0.0312514 -0.027772 -0.00617826 -0.0235813 -0.0267555 0.00630474 0.022585 -0.0165331 0.00350068 -0.0118442 0.0127018 -0.00735457 0.0282029 0.00973178 -0.0300987 -0.0150513 -0.0358228 0.0399709 -0.00208563 0.0244342
internal_weight=15478.3 12497.2 4297.51 3741.9 8199.7 2981.14 660.563 4472.66 3727.04 3437.8 3081.33 2071.95 2160.64 2312.02 866.582 1445.44 727.334 1750.18 557.823 3145.73 867.63 2278.1 555.61 349.139 337.253
internal_count=62558 52245 17229 15957 35016 10313 1421 16269 18747 16411 14536 7933 8463 7806 840 6966 3707 7098 2749 14987 4839 10148 1272 1248 623
is_linear=0
shrinkage=0.032956


Tree=7
num_leaves=26
num_cat=0
split_feature=8 9 53 46 59 14 37 59 3 45 21 0 21 57 54 63 48 22 3 53 40 8 55 39 16
split_gain=3122.52 833.867 674.813 726.061 563.711 521.001 432.223 695.097 628.161 562.349 510.189 404.231 322.706 322.216 315.069 284.23 326.783 271.776 306.035 258.33 254.704 349.859 297.107 235.133 235.098
threshold=0.15986364875912204 0.12764775000000003 0.086490416476437473 0.18022511332957428 0.016295213301080903 0.3969737234287764 1.029396733426468 7.4490466615239516e-05 0.21128237741069353 -3.9465644069004546 60.493789625581464 0.095266314414094208 1320.508230602961 0.27492560920275905 0.4540857465463346 32.317395833333329 0.0094210756912529517 0.24090076867506238 0.17745285224417309 0.27238683333580715 8.5615370182589263 0.15029177640160152 -0.17090068972336217 0.64072627440048879 0.18967133333333333
decision_type=2 2 2 2 2 2 2 2 2 2 2 2 2 2 2 2 2 2 2 2 2 2 2 2 2
left_child=11 2 12 5 6 19 7 8 10 17 -3 -1 24 20 -10 23 -17 18 -8 -4 21 -13 -23 -9 -2
right_child=1 4 3 -5 -6 -7 9 15 14 -11 -12 13 -14 -15 -16 16 -18 -19 -20 -21 -22 22 -24 -25 -26
leaf_value=0.0486002705033532 0.041428877035947158 -0.023974863266167858 0.0051542206446691021 -0.048517414223395353 0.051945809974448996 0.0306390053430084 -0.061270011300957737 -0.017586448542153785 -0.030121415237872515 -0.015745837249661578 0.014361818551897708 0.035955188953732897 0.043082708047135938 -0.0076433669748424832 -0.0026274750157204265 -0.047271533096335985 -0.01437361562338854 -0.023893710640127137 0.04237493382815366 -0.01954858861288402 0.038675601078068729 -0.03076350098018529 0.029773001199493943 0.065033426779740583 0.0060288178809263663
leaf_weight=911.71701234579086 237.34499278664589 530.5077940300107 859.71431778371334 393.32668304443359 138.34318923950195 474.53035788238049 32.506551273167133 163.81888756155968 1668.8588211461902 884.41185280680656 1298.1313621103764 374.05691537261009 432.66020059585571 328.75515508651733 621.31218922883272 1338.9622213244438 435.33828908205032 99.842632174491882 465.96105658262968 987.01910397410393 1011.8934789076447 242.9599757194519 137.17963391542435 47.692203909158707 1416.3567244634032
leaf_count=2393 904 4307 4460 259 141 1265 8 1093 9767 4277 7560 2018 856 841 2300 1665 592 324 1375 4945 3296 893 910 256 5845
internal_value=0.000128526 -0.00711074 0.00367519 -0.00715611 -0.0138131 -0.000134548 -0.015017 -0.0188932 -0.0111681 0.000942988 0.00323474 0.0302849 0.0177656 0.0222995 -0.0226657 -0.0349059 -0.0392091 0.0256015 0.035536 -0.00805106 0.0278742 0.0133586 -0.00890238 0.00120184 0.0111257
internal_weight=15533.2 12526.6 4800.95 2714.59 7725.69 2321.26 7587.34 6104.62 4118.81 1482.72 1828.64 3006.56 2086.36 2094.85 2290.17 1985.81 1774.3 598.31 498.468 1846.73 1766.09 754.197 380.14 211.511 1653.7
internal_count=62550 52199 18534 10929 33665 10670 33524 27540 23934 5984 11867 10351 7605 7958 12067 3606 2257 1707 1383 9405 7117 3821 1803 1349 6749
is_linear=0
shrinkage=0.032956


Tree=8
num_leaves=26
num_cat=0
split_feature=7 1 20 59 17 52 44 36 25 31 38 14 38 20 55 31 48 53 17 55 10 44 50 31 14
split_gain=2864.16 855.205 640.29 556.527 518.044 418.928 496.194 490.864 414.506 380.435 374.71 677.261 330.187 550.431 289.327 265.758 264.743 232.184 208.751 206.056 201.379 205.851 180.907 178.866 162.288
threshold=0.16109750977693413 0.044180933931520762 -28.100438282343529 0.016295213301080903 0.014047798107493853 -2.5137659143180224 0.0036901915731640004 -5.2723679822218008 -10.745580974230821 -9.529989026489309 0.036661642840289853 0.22729300934630714 5.2084133205287468e-06 24.624536101301327 -0.22123373699672472 -9.6877109977216964 0.00068630806033630014 0.067962627419002317 0.64685744508964149 -0.28832106245417571 0.15747461263937565 0.18713103945342122 1.0323325731193387 -11.690336069037711 -0.011641939377242798
decision_type=2 2 2 2 2 2 2 2 2 2 2 2 2 2 2 2 2 2 2 2 2 2 2 2 2
left_child=9 2 23 4 5 7 -7 -4 15 18 11 14 -13 -14 -3 -6 22 -12 -1 -10 21 24 -16 -2 -11
right_child=1 10 3 -5 8 6 -8 -9 19 20 17 12 13 -15 16 -17 -18 -19 -20 -21 -22 -23 -24 -25 -26
leaf_value=-0.044768714674977068 -0.0080469037907112788 0.0077844135845650071 -0.016940490701414321 0.04991053322205681 -0.012769952222444349 -0.0065385436845831453 -0.033491007145998904 0.01838037957197548 0.024673173882492232 0.023101131219902028 0.015361967352684863 0.055183436980856593 -0.051827011776017146 0.011322948797731049 -0.047974223580165169 0.051547834564565673 -0.019927815145105648 -0.053703397565306586 0.016837593873231201 -0.001729105344024725 0.0043599063460163555 -0.033721515788664017 0.013535551966137651 0.040850362635270719 0.046918112706279255
leaf_weight=90.665379047393799 96.813527643680573 290.16648015379906 790.27000617980957 213.34166696667671 89.106212675571442 1710.1422095298767 1310.1586747616529 928.76605857163668 369.74488767981529 392.19189508259296 60.015352860093117 133.47562482953072 181.09064642339945 853.39492090791464 692.01431234925985 316.67454594373703 1746.6965647414327 426.01288925111294 171.76277756690979 2405.9419742301106 182.43397498130798 39.18450927734375 55.831381916999817 497.65291824936867 1538.735750682652
leaf_count=236 350 1380 479 230 328 12235 2591 3733 621 2742 83 1095 1302 3157 4362 1106 7620 316 576 11559 1188 58 407 1719 3340
internal_value=-4.73533e-05 -0.0060988 -0.000109142 -0.00252332 -0.00394008 -0.0108448 -0.0182354 0.0021424 0.00634579 0.0329391 -0.0178754 -0.0145121 0.00654913 0.000239446 -0.023345 0.0374263 -0.0269673 -0.0451646 -0.00451116 0.00179341 0.0375049 0.0405714 -0.0433732 0.0328867 0.0420913
internal_weight=15582.3 13167.3 8728.61 8134.15 7920.8 4739.34 3020.3 1719.04 3181.47 2414.97 4438.7 3952.67 1167.96 1034.49 2784.71 405.781 2494.54 486.028 262.428 2775.69 2152.55 1970.11 747.846 594.466 1930.93
internal_count=62813 54673 34951 32882 32652 19038 14826 4212 13614 8140 19722 19323 5554 4459 13769 1434 12389 399 812 12180 7328 6140 4769 2069 6082
is_linear=0
shrinkage=0.032956


Tree=9
num_leaves=26
num_cat=0
split_feature=8 8 40 38 36 25 30 46 13 28 53 64 24 44 13 30 62 38 13 13 38 48 30 5 60
split_gain=2826.71 869.81 995.058 757.577 644.838 611.056 378.512 603.881 511.067 359.664 577.761 481.939 353.648 350.683 345.975 339.694 288.837 283.152 288.298 266.673 249.503 294.93 236.187 232.389 217.414
threshold=0.15029177640160152 0.21069736884754994 11.198225987563257 6.3348589946855336e-06 22.48340966263294 -10.745580974230821 0.5109897683989516 0.16721640129920376 33.745598610812841 0.049953544755992653 0.22874201474465597 -0.34430789513039456 -13.833577889917448 0.12546711672833918 0.70339121951978079 0.5109897683989516 0.40184696061875652 3.3477423358266962e-06 33.745598610812841 -10.051164975663093 0.032539748420012553 0.00068630806033630014 0.44689676261680561 0.17507174300044884 -0.36022951262695485
decision_type=2 2 2 2 2 2 2 2 2 2 2 2 2 2 2 2 2 2 2 2 2 2 2 2 2
left_child=13 2 3 14 5 23 7 9 -9 11 -11 -4 16 24 19 -7 -3 -14 20 -2 21 -19 -15 -5 -1
right_child=1 12 6 4 -6 15 -8 8 -10 10 -12 -13 17 22 -16 -17 -18 18 -20 -21 -22 -23 -24 -25 -26
leaf_value=0.00035242977129051097 0.045375656566668976 0.01180137846108506 -0.033258022300471056 -0.020009600836174472 0.057671109005809983 -0.029912296019429508 0.046584035327793115 -0.030318255703012074 0.048411801536645087 0.024625109394778858 -0.0081616088058393283 0.0082590872812065182 0.026339465710322599 -0.044643054019762929 0.043350859304161486 0.059690406487097482 -0.027440887589171459 -0.040182840107730919 0.02307638141840597 -0.030293374614350804 -0.054400061926371396 -0.016389419601125277 0.054538804832333802 0.054090599879107262 0.043607544716575825
leaf_weight=136.31849139928818 70.244972504675388 651.51730155944824 401.37294316291809 67.418118081986904 108.66974252462387 2537.8228197544813 265.25082349777222 696.04848715662956 102.08905652165413 2509.3284979462624 760.23503856360912 1239.8678462654352 119.08157373964787 90.323460578918457 320.27014096826315 46.145244836807251 295.50112724304199 832.41849789768457 127.47872199118137 175.44960165023804 330.7072349190712 1769.9949864670634 35.851019859313965 141.63317077606916 1703.699621014297
leaf_count=361 533 2721 376 326 672 12138 254 486 77 7867 3141 7101 910 147 2682 32 962 5350 493 1441 189 7896 30 399 6069
internal_value=-0.000161989 -0.00551402 2.67294e-06 -0.0140384 -0.0208411 -0.0239101 0.00815338 0.00636205 -0.0202128 0.0106836 0.0170014 -0.0019043 -0.018134 0.0367603 0.0208209 -0.0282957 -0.000455068 -0.023398 -0.025339 -0.0085885 -0.0274485 -0.0240093 -0.0163091 0.0302065 0.0404045
internal_weight=15534.7 13568.5 9441.85 3467.65 2901.69 2793.02 5974.19 5708.94 798.138 4910.8 3269.56 1641.24 4126.7 1966.19 565.965 2583.97 947.018 3179.68 3060.6 245.695 2933.12 2602.41 126.174 209.051 1840.02
internal_count=62653 56046 37525 18223 13567 12895 19302 19048 563 18485 11008 7477 18521 6607 4656 12170 3683 14838 13928 1974 13435 13246 177 725 6430
is_linear=0
shrinkage=0.032956


Tree=10
num_leaves=26
num_cat=0
split_feature=8 9 49 36 38 30 63 17 0 3 56 21 56 0 31 25 3 57 24 21 13 13 27 18 30
split_gain=2658.39 757.915 497.933 642.802 591.315 760.234 589.008 547.863 460.112 452.163 518.958 406.884 527.159 362.888 353.513 328.352 317.824 308.843 300.239 298.283 267.003 230.244 230.345 211.832 208.885
threshold=0.15986364875912204 0.11653222126999221 1.0547625489830301 -3.2898738490515318 0.00052656234406530007 0.5109897683989516 28.48318983011594 -0.19689443507831331 0.16922274721335379 0.23383862499999997 0.0097327960092163015 557.53003765266396 0.0027751278327387504 0.088519456234028973 -9.6877109977216964 21.466458754107169 0.22238378474717233 0.27492560920275905 7.5925121183341551 528.49212628105568 0.70339121951978079 35.248083552306205 0.28352547797334998 0.11587836609166106 0.0053696241762564512
decision_type=2 2 2 2 2 2 2 2 2 2 2 2 2 2 2 2 2 2 2 2 2 2 2 2 2
left_child=13 9 4 16 7 6 19 -3 -9 11 -11 12 20 -1 -13 -14 -4 21 -10 -6 -2 22 -15 -16 -5
right_child=1 2 3 24 5 -7 -8 8 18 10 -12 14 15 17 23 -17 -18 -19 -20 -21 -22 -23 -24 -25 -26
leaf_value=0.047256918410149389 -0.0094049154372756148 0.040946432359471832 0.037045176338727788 0.010680949576526403 -0.034110941233244131 0.052919369528146507 -0.042538214054144811 0.02529474637570461 -0.011175962045814763 0.0082983246307895154 -0.042211847581611048 -0.0048262392534168955 -0.024987658580255319 0.0035282409384291042 -0.028652108454982558 0.044185411276407439 -0.015725087426551133 -0.0085503571370340974 -0.033844409891042759 0.051252913028409432 0.04438534635327742 -0.041033082241400266 0.034232426185807581 0.02929777124753179 -0.020083849867587128
leaf_weight=782.49129771441221 155.1731478869915 214.10649037361145 579.81936448812485 315.27135653793812 71.076002359390259 107.9951229095459 1768.7745268270373 310.18113888800144 2686.6742338389158 444.13094079494476 438.46077215671539 516.37695693969727 827.20435154438019 327.46711847186089 71.258460506796837 81.237740814685822 157.16042762994766 325.22820027172565 830.71292971074581 116.24226904660463 281.15877489745617 52.812406577169895 1402.9842012226582 1485.4533584266901 994.05948452651501
leaf_count=2160 1071 1271 949 1946 561 94 2408 1955 15549 1778 626 1856 5477 2563 92 445 732 869 4951 817 2275 12 4767 3692 3780
internal_value=-0.000372182 -0.00698211 -0.012887 0.00118198 -0.0176017 -0.0319505 -0.0366542 -0.0102693 -0.0131415 0.00421162 -0.0168085 0.00964209 -0.00447474 0.0280937 0.0187978 -0.0187712 0.0257874 0.0209681 -0.0165356 0.0188551 0.0252718 0.026353 0.028426 0.0266329 -0.0126741
internal_weight=15343.5 12452.5 8152.07 2046.31 6105.76 2064.09 1956.09 4041.67 3827.57 4300.45 882.592 3417.86 1344.77 2890.98 2073.09 908.442 736.98 2108.49 3517.39 187.318 436.332 1783.26 1730.45 1556.71 1309.33
internal_count=62696 52325 35013 7407 27606 3880 3786 23726 22455 17312 2404 14908 9268 10371 5640 5922 1681 8211 20500 1378 3346 7342 7330 3784 5726
is_linear=0
shrinkage=0.032956


Tree=11
num_leaves=26
num_cat=0
split_feature=8 9 53 46 40 14 33 38 2 50 24 52 39 31 54 31 34 20 1 25 54 36 13 37 42
split_gain=2440.75 797.902 591.209 484.253 470.774 402.188 375.199 349.902 347.503 336.829 303.489 288.332 287.755 274.802 250.253 418.589 234.644 231.032 404.728 288.122 226.675 216.7 207.923 202.51 240.244
threshold=0.15986364875912204 0.11653222126999221 0.086490416476437473 0.18022511332957428 18.759346935205162 0.3969737234287764 0.54554699927924766 4.6348557906564059e-06 0.21640576927357 1.029418757735447 14.665168253492018 -10.43098194651315 0.6920263943060978 -9.3461761241007064 0.55919444100518689 -6.172016180118538 -7.0264737241646538 -5.9515887518451178 0.044054587398532859 -11.30243125 0.10592841907129721 -5.2723679822218008 0.27875649381941497 0.99743321258263695 -0.12100314859988613
decision_type=2 2 2 2 2 2 2 2 2 2 2 2 2 2 2 2 2 2 2 2 2 2 2 2 2
left_child=6 2 12 5 7 22 -1 -3 14 17 11 -10 -2 -8 15 20 -17 18 -9 -19 -6 -13 -4 24 -15
right_child=1 4 3 -5 8 -7 13 9 10 -11 -12 21 -14 23 -16 16 -18 19 -20 -21 -22 -23 -24 -25 -26
leaf_value=0.043738171308634603 0.010938771119384454 0.013802058495118208 -0.01497434367279861 -0.043183928858191729 0.012927014087945459 0.029448641034278668 -0.018763640045318802 0.014080822519619153 0.033614724137878818 0.012085216155485422 -0.045972886434975206 -0.035983062946409163 0.039724573895762269 0.0073869392924419547 0.032623289912126097 0.045041516404844079 0.0050531538731711607 0.016274855146844455 -0.031733791027951125 -0.03519671193935623 -0.025079474890095835 -0.0077397115243195919 0.0094776320332908854 0.049299486500446403 0.033830062517366248
leaf_weight=964.4895241856575 1282.0323145091534 287.46948066353798 1129.2204629033804 319.70206451416016 231.74248542636633 412.64555542171001 191.62219613790512 362.43105231225491 158.83112108707428 258.9088551029563 270.75588285923004 350.89019074290991 534.20373630523682 920.98733660578728 309.86959838867188 247.10460262745619 447.12783364951611 124.46764063090086 494.26149129867554 2181.0488822460175 639.48724591732025 1838.7205353751779 566.72593685984612 264.57422082126141 627.26628739386797
leaf_count=2465 6067 2332 5469 224 1169 1172 550 2214 893 1270 1577 689 1013 2634 570 915 2214 465 2622 9809 1626 6665 3273 1799 2984
internal_value=5.55477e-06 -0.00639885 0.00520008 -0.00543682 -0.0124004 0.000299248 0.0268518 -0.0210908 -0.00522745 -0.0240251 -0.01298 -0.00916305 0.0194181 0.0187136 0.005601 0.000239382 0.0193191 -0.0269838 -0.0123559 -0.0324136 -0.0149674 -0.0122763 -0.00680271 0.0226811 0.0181112
internal_weight=15416.6 12447.6 4244.53 2428.29 8203.12 2108.59 2968.94 3708.59 4494.53 3421.12 2619.2 2348.44 1816.24 2004.45 1875.33 1565.46 694.232 3162.21 856.693 2305.52 871.23 2189.61 1695.95 1812.83 1548.25
internal_count=62680 52248 17218 10138 35030 9914 10432 18712 16318 16380 9824 8247 7080 7967 6494 5924 3129 15110 4836 10274 2795 7354 8742 7417 5618
is_linear=0
shrinkage=0.032956


Tree=12
num_leaves=26
num_cat=0
split_feature=1 9 12 40 57 3 46 21 46 61 38 25 37 36 31 40 39 46 11 57 11 13 30 14 38
split_gain=2228.74 841.502 494.874 461.41 446.016 412.381 476.424 378.635 718.603 456.513 363.366 362.1 358.391 433.394 306.185 450.19 342.799 300.741 360.837 312.336 221.773 208.655 199.602 190.021 184.484
threshold=0.023666738420295704 0.11653222126999221 0.16893761440595598 18.759346935205162 0.28555053032161687 0.23213932186479366 0.0084913901719655526 538.43637625321753 0.0024638477302014006 103.92111884733724 4.7844022786888041e-06 14.042776823453673 1.0137151250000003 -6.3482919239269107 -9.3461761241007064 9.1453204085866844 0.7463784111744608 0.15325074575137648 28.89082729576948 0.34314739759563218 1.5341848964500282 -4.2564811337729562 0.5109897683989516 0.32278995771319119 0.011246002429910402
decision_type=2 2 2 2 2 2 2 2 2 2 2 2 2 2 2 2 2 2 2 2 2 2 2 2 2
left_child=4 5 -3 10 -1 7 23 8 20 -10 -4 17 22 -14 -9 16 -16 19 -19 -5 -2 -13 -12 -7 -6
right_child=1 2 3 11 24 6 -8 14 9 -11 12 21 13 -15 15 -17 -18 18 -20 -21 -22 -23 -24 -25 -26
leaf_value=0.038627197322974913 0.00014916129409505325 0.022843027466385165 0.013356121680168156 0.006365167675810246 0.01525657268526562 -0.010002309952462448 -0.042454786390396931 -0.0024582917568033262 -0.033457860370178512 0.019526202211243706 -0.031501238324281026 -0.043830428434791416 0.045085522269868894 -0.018229398718331236 -0.028423349908821411 0.032845944454230225 0.040383181065010293 -0.047462816926567959 0.0045540064044899079 -0.019963728905782342 0.040923880041153431 0.0014112743861042232 0.060184445882337359 0.028523506147691221 -0.039067878334564966
leaf_weight=1709.0306534990668 234.28384342044592 432.19456705451012 288.08857636898756 2614.6507463008165 173.21056938171387 357.7327680811286 379.20520234107971 586.49067735671997 714.77055202424526 233.95977677404881 2616.5416225939989 394.34575897455215 153.03103142976761 496.10746502876282 259.5946584418416 1503.3491923138499 111.96907997131348 323.55282532423735 261.53460497409105 601.2697786539793 378.95443278551102 153.75906604528427 25.39784973859787 226.46914360672235 110.65751564502716
leaf_count=6042 1644 2608 2326 10326 450 1412 369 2007 5131 1341 12362 2065 343 2613 720 3428 223 185 226 2156 3085 561 20 957 218
internal_value=-0.000226843 -0.00508132 -0.0114718 -0.0133444 0.0322755 0.00563264 -0.0137273 0.0102701 -0.00242076 -0.0203867 -0.0221073 -0.00613033 -0.0252139 -0.00326917 0.0183219 0.0248207 -0.00764995 -0.00251666 -0.0242343 0.00143909 0.0253651 -0.0311536 -0.0306034 0.00494916 -0.0059656
internal_weight=15340.2 13347.3 8360.47 7928.28 1992.9 4986.78 963.407 4023.37 1561.97 948.73 3579.17 4349.11 3291.08 649.138 2461.4 1874.91 371.564 3801.01 585.087 3215.92 613.238 548.105 2641.94 584.202 283.868
internal_count=62818 56108 35791 33183 6710 20317 2738 17579 11201 6472 17664 15519 15338 2956 6378 4371 943 12893 411 12482 4729 2626 12382 2369 668
is_linear=0
shrinkage=0.032956


Tree=13
num_leaves=26
num_cat=0
split_feature=8 9 12 40 2 39 50 56 40 36 22 57 44 30 30 56 12 21 24 44 44 31 4 14 24
split_gain=2137.94 727.521 562.518 480.324 392.451 429.446 383.837 379.286 628.486 466.744 361.423 347.784 342.271 335.636 268.684 393.094 245.068 242.357 234.478 196.763 186.756 186.555 185.016 183.527 170.56
threshold=0.15029177640160152 0.11653222126999221 0.16893761440595598 19.093919791115116 0.24613100625558579 0.7463784111744608 1.0242046348658158 0.0022749151149877504 16.091969161757021 10.836761627413361 0.24090076867506238 0.28555053032161687 0.0091762925075388017 0.0030145141933493502 0.5109897683989516 0.20658577334148673 0.19987031287264764 557.53003765266396 -13.41492741080002 0.15965358405255217 0.0099734933489523028 -8.4090041666666639 0.16342134337645917 0.44168314166990658 14.665168253492018
decision_type=2 2 2 2 2 2 2 2 2 2 2 2 2 2 2 2 2 2 2 2 2 2 2 2 2
left_child=11 4 22 6 5 7 13 -2 9 -9 14 19 23 -4 15 -5 21 -10 -15 -1 -13 -12 -3 -6 -18
right_child=1 2 3 10 12 -7 -8 8 17 -11 16 20 -14 18 -16 -17 24 -19 -20 -21 -22 -23 -24 -25 -26
leaf_value=0.040419842207954929 0.0335496822285909 0.037391266640673271 0.012498250075507991 0.0045551062979021758 -0.012424762834276798 0.031140576571525278 0.012538694101194613 -0.028414172271027407 -0.0069258407162925122 0.026183536605450055 -0.02651314759976197 0.017171034018493007 -0.04539123660897993 0.012041799899094228 0.044356844194966445 -0.035335343110204046 -0.016851567003285869 0.02097177918630588 -0.030005084630323222 -0.019222694837892219 -0.040396291010620304 0.044173631025396759 -0.0074830809384592379 0.027105382169465082 -0.047834522052823937
leaf_weight=1586.0374218448997 418.70790314674377 336.18897715210915 240.46423368901014 2191.8760797381401 438.62852339446545 810.28159999847412 325.58795684576035 951.02509906888008 473.46043016761541 206.44975485652685 61.863433204591274 184.61656069755554 269.99411523342133 151.21704757213593 154.51587152481079 304.9848952293396 1279.4323685765266 1180.5862591266632 2892.3729685619473 62.029928922653198 90.653924107551575 114.85801140218973 141.47101064026356 179.01550300419331 226.99580973386765
leaf_count=5928 3154 1982 1962 8041 1631 1821 1675 5698 2337 1376 319 479 284 464 78 202 4621 3096 13704 83 180 717 892 634 1342
internal_value=-3.54284e-05 -0.00471605 -0.0106008 -0.0126899 0.00534067 0.00969974 -0.0215689 0.00431559 -4.56474e-05 -0.0186655 -0.0052934 0.0324424 -0.0144933 -0.0249524 0.00228921 -0.000326251 -0.0172338 0.0129866 -0.0279136 0.0381674 -0.00184362 0.0194209 0.0241092 -0.000948828 -0.0215412
internal_weight=15273.3 13350 8421.83 7944.17 4928.15 4040.51 3609.64 3230.23 2811.52 1157.47 4334.53 1923.34 887.638 3284.05 2651.38 2496.86 1683.15 1654.05 3043.59 1648.07 275.27 176.721 477.66 617.644 1506.43
internal_count=62700 56030 35999 33125 20031 17482 17805 15661 12507 7074 15320 6670 2549 16130 8321 8243 6999 5433 14168 6011 659 1036 2874 2265 5963
is_linear=0
shrinkage=0.032956


Tree=14
num_leaves=26
num_cat=0
split_feature=0 8 40 38 46 30 20 49 25 1 31 11 59 14 25 59 20 3 42 20 52 31 64 37 48
split_gain=2075.38 547.15 731.92 557.623 496.224 537.559 494.745 712.028 418.126 363.675 360.767 358.683 403.409 415.765 357.887 328.176 313.015 276.841 275.794 259.461 242.918 364.407 288.302 245.083 238.449
threshold=0.15599566482769067 0.21160772500000002 21.743790515430849 6.1736596074415239e-06 0.16721640129920376 0.5109897683989516 -6.4941348043630178 1.0640367297011581 -7.5351531444857187 0.020544167582903353 -9.529989026489309 35.552894182768924 0.0010862368219853502 0.54251021542970601 20.760954539730939 0.0059881040443974512 -28.100438282343529 0.25344031856624377 -0.20276825601029844 3.5870751285276348 -2.4431336411675422 0.39776801064537698 -0.15371552455798468 0.97843435497204456 0.00060115103324055003
decision_type=2 2 2 2 2 2 2 2 2 2 2 2 2 2 2 2 2 2 2 2 2 2 2 2 2
left_child=4 2 3 19 9 -6 -5 14 -9 -1 -4 12 13 18 -8 16 -12 -13 -3 -2 -11 22 23 -22 -20
right_child=1 11 10 6 5 -7 7 8 -10 20 15 17 -14 -15 -16 -17 -18 -19 24 -21 21 -23 -24 -25 -26
leaf_value=0.043213541138733783 -0.010386543824157211 0.020129884241086315 -0.0076831402025938503 0.010278630588491744 -0.029402240182477529 0.049669712974461086 -0.03150658383926306 0.055018579630495917 -0.0069984673397717493 0.03818229851742902 0.042686921626197735 0.028924153812457023 -0.047192574511891752 0.029152316656138707 0.057555840514726356 0.045899004549094735 0.0065889520660039891 -0.029527808364702673 -0.03756325211303941 0.034393594043172299 -0.022532777645260085 0.041956016943735686 0.033386922575956691 0.021469007062675068 -0.01530980688077724
leaf_weight=1100.2974683046341 220.04661863297224 184.60115206241608 1035.0507249832153 638.54467202723026 345.01971244812012 127.21469497680664 2317.9919558614492 168.22305612266064 391.63674135506153 499.87873416393995 296.00413608551025 303.49060821533203 504.97715651988983 211.15779268741608 49.415141224861145 330.37922096252441 2164.2909202575684 123.15285301208496 724.11438243091106 386.79874309152365 491.42648194730282 304.47814307361841 215.95023912936449 190.11617982387543 1885.900953233242
leaf_count=3697 1694 948 3805 3884 335 106 10043 314 1877 1130 1014 1454 775 873 288 274 7928 372 4682 3248 1545 2100 848 823 8636
internal_value=-5.51424e-05 -0.00643147 -0.00148031 -0.0110253 0.0231841 -0.0080571 -0.0159954 -0.0217279 0.0116831 0.0284498 0.00893033 -0.016487 -0.0199544 -0.0153679 -0.0296304 0.0150927 0.0109434 0.0120298 -0.0187386 0.0181628 0.0188901 0.0108484 0.000269307 -0.0102485 -0.0214926
internal_weight=15210.2 11935.8 7998.38 4172.66 3274.38 472.234 3565.81 2927.27 559.86 2802.15 3825.73 3937.39 3510.75 3005.77 2367.41 2790.67 2460.3 426.643 2794.62 606.845 1701.85 1201.97 897.493 681.543 2610.02
internal_count=62693 52109 34369 21348 10584 441 16406 12522 2191 10143 13021 17740 15914 15139 10331 9216 8942 1826 14266 4942 6446 5316 3216 2368 13318
is_linear=0
shrinkage=0.032956


Tree=15
num_leaves=26
num_cat=0
split_feature=8 9 12 37 30 59 17 45 57 39 20 56 31 52 24 58 49 10 10 52 28 4 47 20 34
split_gain=1966.24 736.071 490.244 451.217 551.394 674.698 561.244 535.149 355.104 354.479 488.124 432.541 433.117 327.528 375.164 284.525 280.672 245.041 183.978 164.229 147.207 144.855 110.375 100.781 100.194
threshold=0.15029177640160152 0.11653222126999221 0.16822405418342842 1.029396733426468 0.5109897683989516 8.9661605427833878e-05 -0.19689443507831331 -4.2430505758395389 0.27492560920275905 0.76217914466314596 50.088232705140491 0.0022230196044003008 3.4868431130639372 -3.1495883423858442 7.4857393462096233 25.484282295832028 1.2161098702426993 0.2009823426091342 0.097623237577971714 -5.0657910538236068 0.039288955640640159 0.16497311363717637 -1.488658101622206 -15.388568200989189 10.917888105828707
decision_type=2 2 2 2 2 2 2 2 2 2 2 2 2 2 2 2 2 2 2 2 2 2 2 2 2
left_child=8 9 21 4 5 6 -4 16 -1 11 -11 -2 13 17 -15 -7 20 -13 -10 23 -5 -3 -21 -9 -14
right_child=1 2 3 7 -6 15 -8 19 18 10 -12 12 24 14 -16 -17 -18 -19 -20 22 -22 -23 -24 -25 -26
leaf_value=0.037450657316317595 0.033326303611939327 0.034224589085782124 0.044357467079049369 0.012489696707590611 0.043486978726487227 0.0022431221185825385 -0.012634305175125912 0.0097857927821522958 0.029694402200925642 0.034169299839053868 -0.017089467880987787 0.019262701970926735 0.047744400908982659 -0.021106212217067381 0.018597655915383014 -0.036509348715540985 -0.031421943415426097 -0.01193115043564204 -0.023335682828448102 0.015162222329703405 0.046923253596158107 -0.0095669854897281713 -0.013622251424155527 -0.052144029213563599 0.0065042604104357509
leaf_weight=1591.7269439399242 395.06658298522234 329.24878043681383 196.67613784223795 216.01149087399244 162.41941487789154 229.46116103976965 3813.6367622464895 34.902240514755249 118.28102853149176 841.88331413269043 264.79959487915039 708.11178012192249 204.32575553655624 1653.3746571242809 305.76221905648708 1985.2815697193146 80.453480839729309 444.71627581119537 175.60721192508936 197.48380106687546 361.23371655493975 108.81651492416859 535.42604197561741 150.79274609684944 93.389318734407425
leaf_count=5976 2999 2023 1208 1050 106 1341 22138 129 240 2097 822 1527 979 7799 1753 2392 280 1655 459 950 366 679 2588 714 368
internal_value=-0.000181856 -0.00464337 -0.0105678 -0.0124354 -0.016332 -0.0178977 -0.00983169 0.0033544 0.0313079 0.00549138 0.0219012 0.000714963 -0.00306987 -0.00670551 -0.014905 -0.0324949 0.0260326 0.00722928 -0.00197157 -0.0128903 0.0340701 0.0233485 -0.00585868 -0.0405106 0.0348559
internal_weight=15198.9 13313.3 8401.84 7963.78 6387.48 6225.06 4010.31 1576.3 1885.62 4911.43 1106.68 3804.75 3409.68 3111.96 1959.14 2214.74 657.699 1152.83 293.888 918.605 577.245 438.065 732.91 185.695 297.715
internal_count=62638 55963 35964 33262 27185 27079 23346 6077 6675 19999 2919 17080 14081 12734 9552 3733 1696 3182 699 4381 1416 2702 3538 843 1347
is_linear=0
shrinkage=0.032956


Tree=16
num_leaves=26
num_cat=0
split_feature=8 8 40 49 61 20 30 11 59 14 60 21 25 56 11 20 10 42 57 46 3 46 3 40 1
split_gain=1933.83 565.818 650.839 436.878 522.468 470.617 467.299 360.475 388.895 372.804 344.412 366.439 328.697 307.592 380.568 305.104 302.603 263.613 251.609 233 232.249 214.167 212.99 207.247 312.039
threshold=0.15986364875912204 0.21069736884754994 18.759346935205162 1.0599716695068253 80.769170351028649 -5.9515887518451178 0.0033680727644776003 35.552894182768924 0.0010862368219853502 0.54251021542970601 -0.32850990022643073 1097.0940477167121 19.741859147293109 0.0049597941838691014 27.158566800062456 3.3835224377360213 0.097623237577971714 -0.20276825601029844 0.23531342929772167 0.0013419307561974502 0.23296460416666667 0.1426108746542005 0.25344031856624377 9.7877570742700595 0.022550878604661252
decision_type=2 2 2 2 2 2 2 2 2 2 2 2 2 2 2 2 2 2 2 2 2 2 2 2 2
left_child=16 2 3 5 -5 -2 15 8 9 17 -4 13 -8 -12 -15 -7 -1 -3 23 -19 -13 -20 -9 24 -18
right_child=1 7 10 4 -6 6 12 22 -10 -11 11 20 -14 14 -16 -17 18 19 21 -21 -22 -23 -24 -25 -26
leaf_value=0.040677461226813989 0.012015101147466121 0.019391816499683651 -0.011441769856182194 -0.015246816828424704 0.038114812680509737 -0.032412674710223272 -0.029871284445820333 0.027342927279626852 -0.044898537561741829 0.027209298249261559 0.018787107144945882 0.03190898522246808 0.05556036057438931 -0.015566611651886461 0.02200599738642478 0.034215005453956171 0.038496897100167481 0.037428170252257274 0.0079828877950185121 -0.021887338233943173 -0.025591741650614692 -0.047885481891478496 -0.024017755882747918 0.034937493619535048 -0.006620125722939102
leaf_weight=894.49148124456406 530.24316024035215 194.86650245636702 800.13149452209473 400.51678201556206 395.31758204102516 107.99782756716013 2097.6594846472144 311.03296899795532 532.7030593752861 216.6188408434391 1053.7542938888073 1067.7396387010813 49.43169130384922 1011.2964875102043 411.27560016512871 237.70217757672071 267.61501977592707 73.326254896819592 302.00321424007416 2606.1138900965452 81.623740300536156 98.142282485961914 121.37121725082397 811.55327285826206 438.19342252612114
leaf_count=2304 3329 1039 2831 1778 1866 890 9364 1464 841 909 5834 2086 291 2979 447 2016 1620 574 843 13230 85 172 373 2953 2432
internal_value=0.000199019 -0.00543785 -0.000479892 -0.010447 0.0112702 -0.0161656 -0.0221617 -0.0155139 -0.0189077 -0.0144188 0.00812061 0.0124392 -0.0278862 0.00529801 -0.0046983 0.0133755 0.0248518 -0.0175622 0.0174567 -0.0202543 0.0278117 -0.00578163 0.0129101 0.0235848 0.0105084
internal_weight=15112.7 12300.7 8244.69 3818.87 795.834 3023.03 2492.79 4056.03 3623.63 3090.93 4425.82 3625.69 2147.09 2476.33 1422.57 345.7 2812 2874.31 1917.51 2679.44 1149.36 400.145 432.404 1517.36 705.808
internal_count=62550 52226 33796 19534 3644 15890 12561 18430 16593 15752 14262 11431 9655 9260 3426 2906 10324 14843 8020 13804 2171 1015 1837 7005 4052
is_linear=0
shrinkage=0.032956


Tree=17
num_leaves=26
num_cat=0
split_feature=8 8 40 38 36 25 11 59 21 54 57 20 57 51 11 20 15 50 21 50 25 5 7 46 20
split_gain=1641.29 580.945 663.042 517.332 483.779 457.695 355.009 360.02 354.443 338.001 333.209 330.702 317.55 314.387 292.517 307.56 383.333 289.544 388.245 274.687 238.274 236.486 186.52 165.353 161.432
threshold=0.15029177640160152 0.21069736884754994 11.198225987563257 6.3348589946855336e-06 22.48340966263294 -11.30243125 35.552894182768924 0.0010862368219853502 14.483914306336784 0.4540857465463346 0.27492560920275905 -5.9515887518451178 0.23135580464518007 -5.4903002572125077 36.9600568561074 -19.551147144571427 0.036278054448594756 0.91775899099780489 244.72238957423468 1.0323325731193387 -9.6917293136058813 0.28419295878283929 0.25060695524798432 0.10855093701426521 22.613187132573529
decision_type=2 2 2 2 2 2 2 2 2 2 2 2 2 2 2 2 2 2 2 2 2 2 2 2 2
left_child=10 2 3 8 5 -5 7 9 -2 17 -1 -7 14 -14 15 -4 -17 18 -3 -19 -15 -8 -11 -12 -10
right_child=1 6 12 4 -6 11 21 -9 24 22 23 -13 13 20 -16 16 -18 19 -20 -21 -22 -23 -24 -25 -26
leaf_value=0.035302205345492402 -0.027407352111996242 0.042455497081416806 0.033664993590646161 0.036506307847443575 0.052854150136705746 0.0019323780352620218 0.028355269900978659 -0.043071841857224014 0.038937746687867203 0.01667640408758574 0.01318837940021781 -0.028755224497965901 -0.019446172612087368 0.041842609464014899 0.04792626721372592 0.018363134871808247 -0.0038883250753268045 -0.032057625547522464 -0.020070701791997127 0.016374894618364524 -0.00013663081912994689 -0.026049465820927382 -0.011642870635131993 -0.040705340436103493 -0.043430495956749013
leaf_weight=1543.4043642729521 138.76786415278912 163.49998451024294 517.25760489702225 147.84484727680683 102.94941464066505 468.63260217010975 318.61041259765625 524.4355129301548 382.6002557054162 489.74859833717346 204.25131356716156 2045.9607301354408 817.83382749557495 187.84304070472717 233.69782985001802 1562.202342569828 1819.6300058588386 1462.9195549190044 313.49852785468102 138.84374716132879 663.688033670187 118.5089111328125 520.1133508682251 87.812234997749329 27.117762066423893
leaf_count=5989 1140 1045 2289 611 649 2771 1516 843 3232 1881 533 9510 2449 482 322 3778 7503 8727 1310 934 2467 349 1910 161 219
internal_value=7.54893e-06 -0.004063 0.000551542 -0.0112076 -0.0170065 -0.0197216 -0.0144475 -0.0178412 0.0180131 -0.013548 0.0291965 -0.0230372 0.0072683 -0.004861 0.0121677 0.0100159 0.00639221 -0.0211445 0.00139313 -0.0278538 0.00915149 0.0135863 0.00209301 -0.00307598 0.0334183
internal_weight=15001.7 13166.2 9116.03 3313.87 2765.39 2662.44 4050.18 3613.06 548.486 3088.62 1835.47 2514.59 5802.15 1669.36 4132.79 3899.09 3381.83 2078.76 476.999 1601.76 851.531 437.119 1009.86 292.064 409.718
internal_count=62620 55937 37422 18132 13541 12892 18515 16650 4591 15807 6683 12281 19290 5398 13892 13570 11281 12016 2355 9661 2949 1865 3791 694 3451
is_linear=0
shrinkage=0.032956


Tree=18
num_leaves=26
num_cat=0
split_feature=0 40 38 1 34 44 45 55 3 56 11 63 37 42 30 53 14 23 45 39 14 33 36 11 15
split_gain=1608.51 473.529 722.948 520.325 491.008 411.996 395.504 465.963 604.501 363.97 355.03 432.085 373.655 325.382 302.182 294.82 287.993 255.173 324.065 264.508 321.273 245.69 244.77 307.211 223.959
threshold=0.15242055179480687 18.759346935205162 5.2883739306458102e-06 0.044180933931520762 21.08739793346577 0.10198697197827741 -7.2603319274446028 -0.28832106245417571 0.20715383479601093 0.17815739159730384 -22.16887699932802 19.910295067271324 1.1311085685922275 -0.1868802032399435 0.5109897683989516 0.76818432667401326 0.45093658268346298 0.17316017813450477 2.6176132323553714 -0.6270554664868645 -0.41753333333333326 0.71942166177118427 -6.3482919239269107 27.158566800062456 0.025054277023486605
decision_type=2 2 2 2 2 2 2 2 2 2 2 2 2 2 2 2 2 2 2 2 2 2 2 2 2
left_child=5 2 -2 17 6 15 7 -4 -9 13 11 -8 -12 -5 -7 24 -15 18 21 -20 -21 -3 -19 -24 -1
right_child=1 3 4 9 -6 14 10 8 -10 -11 12 -13 -14 16 -16 -17 -18 22 19 20 -22 -23 23 -25 -26
leaf_value=0.039050836319653476 0.019889798210991641 -0.028246655840655482 -0.0493006384528068 0.021092845423460436 0.050218399636328404 -0.031191312816731431 0.057867847567307916 0.037300377123222955 -0.022295288892651866 -0.042127446175123678 -0.03042821981132331 -0.014648894536837178 0.033632885888259079 -0.017005824595487915 0.04917410755651859 -0.0082400085138240164 0.013330018049857241 -0.050275001880867094 0.04679917145683659 -0.02264474746439327 0.0087059985852559682 0.022796478834631116 -0.030703314384831426 0.036275001648526622 0.018292124541056016
leaf_weight=1315.468087553978 645.71839690208435 107.79801037162542 167.61214250326157 405.31399028748274 113.32060931622982 238.46068668365479 113.19556538015604 423.86391896009445 326.75035524368286 342.25798606872559 2952.6679063662887 411.13755529373884 101.73641320317984 1734.6693578138947 63.829787254333496 239.75676149129868 422.09121587872505 146.25327121466398 120.46558375656605 591.23697713017464 886.25988661497831 1854.2942742109299 152.85003913193941 143.49362778663635 992.36377842724323
leaf_count=4046 5338 126 61 1928 662 323 870 1720 1482 301 16078 1658 725 7488 61 1425 1544 108 435 2750 4240 5308 336 267 3549
internal_value=-7.75311e-05 -0.00529944 -0.012753 0.000373183 -0.0173274 0.0222047 -0.0190374 0.000257489 0.0113611 -0.0102442 -0.0239871 0.00106477 -0.0282869 -0.00597424 -0.0141439 0.0265205 -0.0110664 0.0080777 0.011012 -6.69843e-06 -0.00384425 0.0199826 -0.0155039 0.00173749 0.0301333
internal_weight=15012.9 12163 5256 6906.98 4610.28 2849.88 4496.96 918.226 750.614 2904.33 3578.74 524.333 3054.4 2562.07 302.29 2547.59 2156.76 4002.65 3560.05 1597.96 1477.5 1962.09 442.597 296.344 2307.83
internal_count=62829 53425 28594 24831 23256 9404 22594 3263 3202 11261 19331 2528 16803 10960 384 9020 9032 13570 12859 7425 6990 5434 711 603 7595
is_linear=0
shrinkage=0.032956


Tree=19
num_leaves=26
num_cat=0
split_feature=8 8 40 56 13 36 25 20 46 11 63 9 53 63 37 11 59 14 57 13 32 36 25 3 2
split_gain=1559.68 570.888 614.952 473.739 435.628 407.794 448.967 327.915 318.034 560.34 439.68 353.663 481.643 323.809 294.708 294.377 345.785 310.079 287.798 260.074 258.541 240.926 220.924 220.689 174.954
threshold=0.15029177640160152 0.21069736884754994 11.68677826399083 0.0027751278327387504 0.70339121951978079 22.48340966263294 -10.918033741906699 -5.9515887518451178 0.16721640129920376 28.89082729576948 94.409010662114596 0.14811267191719488 0.21992999687900247 53.000242435776336 1.0407001191566247 35.552894182768924 0.0010862368219853502 0.54251021542970601 0.27492560920275905 -10.974357976226043 0.10681340241423906 -5.9776136028166666 -1.0000000180025095e-35 0.25344031856624377 0.19686174808671664
decision_type=2 2 2 2 2 2 2 2 2 2 2 2 2 2 2 2 2 2 2 2 2 2 2 2 2
left_child=18 2 3 4 19 6 -5 -8 11 24 -11 12 22 21 -15 16 17 20 -1 -2 -3 -13 -4 -17 -10
right_child=1 15 8 5 -6 -7 7 -9 9 10 -12 13 -14 14 -16 23 -18 -19 -20 -21 -22 -23 -24 -25 -26
leaf_value=0.034471386614445668 0.031643093957602529 -0.030674289833779247 0.034973407486664734 0.031919225148981496 0.03656907992761893 0.05104297182087255 0.001603157912374181 -0.029507251666562435 -0.0021826151310447052 0.037557457207452113 -0.033810485300276159 0.029499381156451274 -0.0053832432783868572 -0.035527779435315265 0.033336921234384011 0.026993675360531148 -0.041696840794516882 0.02532959178094869 -0.00089419407964850899 -0.029965379397314924 -0.009119824418614763 -0.00047719942545250269 0.01370964763206166 -0.025399293155307666 -0.045942071059511896
leaf_weight=1540.3680931925774 101.828976303339 870.2929255887866 1240.4261654242873 170.58768853545189 393.45781204849482 91.367599539458752 458.18118464201689 1866.6801166385412 136.49577297270298 318.53792208433151 132.08310359716415 397.58044362068176 710.54480630159378 392.12575883418322 80.890531949698925 302.47257328033447 528.2238764166832 214.37876170873642 298.23891520500183 270.93304585665464 1978.0220044925809 1082.7446564882994 929.6798183247447 121.97832012176514 363.54968045651913
leaf_count=6010 734 5811 2491 596 3343 592 2718 8399 121 332 45 1838 2821 721 97 1454 850 907 704 2280 9070 6059 4228 376 245
internal_value=0.000311602 -0.00366317 0.000888401 -0.0103397 0.0124126 -0.0170806 -0.0195891 -0.0233774 0.00739717 -0.0100221 0.0166174 0.0108239 0.0181628 -1.69788e-06 -0.0237177 -0.0140194 -0.0170872 -0.0128338 0.0287366 -0.0131062 -0.0157119 0.00758428 0.0258717 0.011919 -0.034018
internal_weight=14991.7 13153.1 9137.7 3353.04 766.22 2586.82 2495.45 2324.86 5784.66 950.666 450.621 4833.99 2880.65 1953.34 473.016 4015.37 3590.92 3062.69 1838.61 372.762 2848.31 1480.33 2170.11 424.451 500.045
internal_count=62842 56128 37660 18662 6357 12305 11713 11117 18998 743 377 18255 9540 8715 818 18468 16638 15788 6714 3014 14881 7897 6719 1830 366
is_linear=0
shrinkage=0.032956


Tree=20
num_leaves=26
num_cat=0
split_feature=8 9 53 12 44 40 50 14 60 44 30 56 42 37 21 60 0 27 40 30 5 51 14 6 54
split_gain=1482.86 550.771 458.973 433.74 358.427 327.134 302.408 283.508 272.441 257.728 256.095 237.507 225.214 244.741 210.935 210.126 190.072 223.27 218.121 189.178 188.006 295.859 186.397 175.484 166.731
threshold=0.15029177640160152 0.11653222126999221 0.086490416476437473 0.16893761440595598 0.076985280750947807 18.759346935205162 1.029418757735447 0.047114477813115757 -0.25337832468723781 0.013677278364979251 0.0030145141933493502 0.0022230196044003008 -0.36192857649841997 0.99360880247292749 1334.0949358227754 -0.32154687787626918 0.20569722830256046 0.98960216641695531 391.8503853809799 0.5109897683989516 0.21577150966155492 -1.40192964921888 0.0066413222826125504 0.040775124034395607 0.40931236338131799
decision_type=2 2 2 2 2 2 2 2 2 2 2 2 2 2 2 2 2 2 2 2 2 2 2 2 2
left_child=8 2 12 -3 7 6 10 11 9 22 -5 -4 13 -2 20 -7 17 -17 -18 -12 -14 -22 -1 -9 -25
right_child=1 3 4 5 -6 15 -8 23 -10 -11 19 -13 14 -15 -16 16 18 -19 -20 -21 21 -23 -24 24 -26
leaf_value=-0.018807875736501341 -0.043396609792403236 0.021869775263900687 0.029369759673604934 0.011570182760034763 -0.036188176112199127 -0.019866778541872208 0.014526775372409996 0.031306445721540767 0.034420264070740073 -0.044013018054191388 -0.024814325940088464 -0.013289796970490916 0.019866181113057376 0.050554445263962106 0.042227719366891452 0.0087348888232862496 -0.013031242773406816 -0.037078083989603952 0.034956340096538169 0.060668295064309499 -0.030912934711043619 0.034416821641057721 0.039525911910070592 -0.01934262481727524 0.018023017472184995
leaf_weight=90.88087697327137 124.45666677504778 465.53041430562735 158.38523814082146 237.38787063211203 330.40229225158691 813.8898983001709 277.51351138949394 394.17337739467621 1448.3085447326303 95.090079367160797 2900.6320715248585 1300.2754901945591 1319.8370708376169 38.984630279242992 357.57127767801285 1776.1680955514312 1476.5833017528057 122.85527062416077 109.8783486187458 27.72136252373457 213.49568926542997 115.38347696512938 169.59709225594997 223.35494530200958 307.21688520908356
leaf_count=380 100 2850 1271 1958 266 2891 1498 1389 5919 183 14107 7113 5252 159 661 4949 6120 693 771 21 967 820 195 967 1010
internal_value=7.08975e-05 -0.00378936 0.00497367 -0.00900301 -0.00406003 -0.0108612 -0.0184298 0.000403425 0.0280771 0.00222214 -0.0213215 -0.00864525 0.0162703 -0.0208612 0.0193017 -0.00479754 -0.00127529 0.0057579 -0.009693 -0.0239901 0.014313 -0.00796689 0.019177 0.0146722 0.00228799
internal_weight=14895.6 13091.7 4883.54 8208.16 2713.81 7742.63 3443.25 2383.41 1803.88 355.568 3165.74 1458.66 2169.73 163.441 2006.29 4299.37 3485.49 1899.02 1586.46 2928.35 1648.72 328.879 260.478 924.745 530.572
internal_count=62510 55833 19975 35858 12016 33008 17584 11750 6677 758 16086 8384 7959 259 7700 15424 12533 5642 6891 14128 7039 1787 575 3366 1977
is_linear=0
shrinkage=0.032956


Tree=21
num_leaves=26
num_cat=0
split_feature=8 40 37 8 56 61 62 20 57 21 0 56 42 14 40 61 57 58 51 56 21 21 25 27 25
split_gain=1335.79 436.897 493.922 483.705 424.146 401.04 319.768 375.739 316.835 309.398 282.42 279.29 345.137 253.852 243.797 241.606 215.345 211.382 202.121 197.834 380.668 185.515 181.718 176.029 244.13
threshold=0.15986364875912204 19.890394090026135 1.0708414979162677 0.20614455418075608 0.0021163124711460505 476.71443057805044 0.26830070019440339 -5.9515887518451178 0.23135580464518007 1097.0940477167121 0.088519456234028973 0.17815739159730384 -0.1868802032399435 0.54251021542970601 1.0758220106676186 56.043152879467762 0.27492560920275905 51.625828637152807 -5.4903002572125077 0.0049597941838691014 499.44777081992214 203.81933179928282 14.042776823453673 0.2802994359426027 -9.5723878737183874
decision_type=2 2 2 2 2 2 2 2 2 2 2 2 2 2 2 2 2 2 2 2 2 2 2 2 2
left_child=10 2 4 8 15 6 7 -6 9 19 -1 12 17 22 -8 -2 23 -5 -10 -3 -21 -4 -14 -12 -25
right_child=1 3 21 11 5 -7 14 -9 18 -11 16 -13 13 -15 -16 -17 -18 -19 -20 20 -22 -23 -24 24 -26
leaf_value=0.039872354999153287 0.030554059707300161 0.021317775320055462 0.041640763628832962 0.032534371856557213 -0.0051265713175693709 0.045894718652413485 0.051169940212298176 -0.030395141193340205 -0.017563019840923698 0.033165045165482153 -0.002918244850203206 -0.037038709239731876 -0.009643771569105208 0.014658058484603963 -0.0072697705974422112 -0.025421904141923846 -0.0092258817825219188 -0.018888440012315467 0.0099528097892366101 -0.036408612314153425 0.0098312364743610731 -0.00094084134121006952 -0.033197427590016725 -0.0014009261136610769 0.032019364988395187
leaf_weight=653.34637698531151 321.55723783373833 717.65656623244286 231.85237007588148 360.88053154200315 852.01268565654755 103.0325511097908 86.31025492399931 2561.5662351697683 652.18017840385437 747.19486245512962 305.52663610875607 338.52322006225586 1449.732611477375 361.24965988844633 709.05938398838043 112.52757196873426 333.70835341513157 113.71445918083191 520.91399312019348 251.90909880399704 823.4883770942688 212.71967221051455 471.20199091732502 303.8257102444768 1083.9140801355243
leaf_count=2161 2682 4311 1908 1778 5427 572 129 14119 1976 1404 2512 301 6064 1342 1708 899 882 292 1879 1556 1061 546 2335 683 4150
internal_value=6.50527e-06 -0.00469228 -0.0118938 0.000798531 -0.0150057 -0.0181318 -0.0197068 -0.0240907 0.00881757 0.015358 0.0210377 -0.00882144 -0.00534752 -0.0106657 -0.000886886 0.0160248 0.0149545 0.0202029 -0.00534588 0.00792696 -0.00101755 0.0212978 -0.0154319 0.019722 0.0247055
internal_weight=14679.6 11999.3 5190.64 6808.65 4746.07 4311.98 4208.95 3413.58 3713.34 2540.25 2680.32 3095.3 2756.78 2282.18 795.37 434.085 2026.97 474.595 1173.09 1793.05 1075.4 444.572 1920.93 1693.27 1387.74
internal_count=62677 52289 27990 24299 25536 21955 21383 19546 12187 8332 10388 12112 11811 9741 1837 3581 8227 2070 3855 6928 2617 2454 8399 7345 4833
is_linear=0
shrinkage=0.032956


Tree=22
num_leaves=26
num_cat=0
split_feature=19 9 53 60 14 40 30 2 55 45 45 44 11 14 55 44 13 42 37 33 55 20 45 3 30
split_gain=1286.77 641.978 455.63 399.16 315.303 306.482 255.069 250.178 317.858 358.117 252.361 244.525 235.543 219.325 217.911 216.708 211.311 202.78 204.927 198.975 198.196 193.323 192.723 189.44 173.965
threshold=0.14526275982852907 0.12764775000000003 0.091443617407667765 -0.36807140484225026 0.54251021542970601 11.68677826399083 0.0032421654275810504 0.21669509945424742 -0.39893005949441984 0.92254631166474421 -7.062441029725691 0.0035959680108671004 34.45976505482502 -0.3768034726388057 -0.32511633959406333 0.089792442423285754 0.27875649381941497 -0.36192857649841997 0.99433849054699885 0.98876468817076868 -0.23668460595059587 53.216992219221943 8.0173606796304018 0.17392407065493506 0.19689577159093333
decision_type=2 2 2 2 2 2 2 2 2 2 2 2 2 2 2 2 2 2 2 2 2 2 2 2 2
left_child=3 2 17 -1 11 6 22 8 10 20 -7 16 24 -11 -13 23 -4 18 -2 -8 -10 -6 -3 -5 -9
right_child=1 5 4 15 21 7 19 12 9 13 -12 14 -14 -15 -16 -17 -18 -19 -20 -21 -22 -23 -24 -25 -26
leaf_value=-0.024255418006909515 -0.041330742883438951 0.023821526111794857 -0.0091924285392572507 0.035255255011455024 0.039176890717395094 -0.050934811946233234 -0.026708679132327523 -0.010979164419885947 -0.00049989411911456182 -0.036516246038224162 0.022483156281285121 0.013992312613333883 0.014521737374816159 0.0031356175622928974 -0.032022467795265325 -0.0071537794272339347 0.016711464394976644 0.018482168701551584 0.046477446972446712 0.003280226006613228 0.029506293664003227 -0.012898801202993977 -0.03450577239678855 0.011498092883806692 -0.03348618694906743
leaf_weight=182.4604697227478 119.32223451137543 232.74967870116234 1100.8809314146638 1528.4913763776422 265.48712253570557 184.88103243708611 2009.9978055432439 1856.5230415090919 349.77240383625031 230.34094732999802 69.548197060823441 135.56457197666168 322.53639303892851 439.69131872057915 626.66317158937454 190.66982448101044 495.31151964515448 2155.3549834489822 37.341632962226868 272.73165560513735 754.50230398774147 108.75306797027588 82.837896183133125 479.89459796249866 466.54394356906414
leaf_count=567 95 1938 5881 6069 634 71 10571 8635 311 1297 145 122 1366 2491 1788 301 3281 8236 159 1781 3492 336 702 2004 468
internal_value=0.000339179 -0.00394873 0.00508454 0.022511 -0.00402541 -0.0102146 -0.0192872 -0.00516909 0.00353686 0.00847978 -0.0308586 -0.00848626 -0.0118443 -0.0105204 -0.0238329 0.0263981 -0.00115019 0.0158499 -0.020282 -0.0231258 0.0200078 0.0240478 0.00846663 0.0295849 -0.0155084
internal_weight=14698.9 12317.3 5044.68 2381.52 2732.66 7272.66 2598.32 4674.34 2028.74 1774.31 254.429 2358.42 2645.6 670.032 762.228 2199.06 1596.19 2312.02 156.664 2282.73 1104.27 374.24 315.588 2008.39 2323.07
internal_count=62741 53800 20532 8941 12042 33268 14992 18276 7807 7591 216 11072 10469 3788 1910 8374 9162 8490 254 12352 3803 970 2640 8073 9103
is_linear=0
shrinkage=0.032956


Tree=23
num_leaves=26
num_cat=0
split_feature=8 30 31 15 38 54 20 13 48 19 64 49 15 24 12 47 27 24 21 14 55 31 25 12 44
split_gain=1278.93 480.02 432.905 381.408 376.467 469.029 453.578 412.22 404.472 354.119 314.938 512.587 378.497 288.627 253.171 234.665 207.755 186.187 214.864 176.041 142.464 122.379 128.551 97.1187 91.8857
threshold=0.15029177640160152 0.5109897683989516 3.7138494654618857 0.044504699713616556 7.8488163173302538e-06 0.32121972906594382 3.5870751285276348 13.065915598874158 0.014164238753651951 0.18947624103397812 -0.24911723469701438 1.0547625489830301 0.038802512310996455 -14.313438560437042 0.16683586674185522 -7.0366651285669102 0.49584865861586708 14.239517409018193 49.943915423040849 -0.022962760211186196 -0.29345303117911697 -0.23822075806972162 6.3893351892226002 0.16604789374875173 0.14096934909704081
decision_type=2 2 2 2 2 2 2 2 2 2 2 2 2 2 2 2 2 2 2 2 2 2 2 2 2
left_child=13 2 4 -3 6 8 17 -8 14 -4 11 -7 -12 16 -6 -9 -1 18 -2 21 -10 22 23 -15 -21
right_child=1 3 9 -5 5 10 7 15 20 -11 12 -13 -14 19 -16 -17 -18 -19 -20 24 -22 -23 -24 -25 -26
leaf_value=0.020865118925949406 -0.028756729111626439 0.048559216194146208 0.031443736625940508 -0.038612104930633155 0.018943466944215937 -0.021783182879755388 0.034005579441180968 0.042128560547607635 0.019600931850819799 -0.0061529588104748045 0.029499660249768127 0.011204530751719528 -0.00090100044796238615 0.015371582007514036 -0.023227845783660311 -0.027544129782098793 -0.05831594383429365 -0.042644105656469145 0.011798256716744596 0.038980743495541988 -0.006157364443617073 0.03418392719534967 0.027020660309504254 -0.040117560384036799 -0.0040274499538276495
leaf_weight=72.262702912092209 226.9724276214838 308.3428201675415 623.20213993638754 65.613604545593262 160.95539035648108 1449.940603017807 761.02150822430849 67.263200670480728 302.8929877281189 482.14840960502625 607.93819968402386 789.75354409217834 1651.9954785108566 51.166456870734692 3634.1829556971788 230.1399482190609 70.41334930062294 168.17587661743164 375.79181289672852 1134.6092305481434 1004.812521211803 160.90493096411228 96.336067192256451 100.99459573626518 56.502597093582153
leaf_count=294 1898 290 3313 88 1084 1368 6202 628 639 2071 1853 1271 6273 314 20469 1855 152 1012 1779 3228 3884 1431 572 613 64
internal_value=3.92115e-05 -0.00353863 -0.00463689 0.0332186 -0.00654137 -0.00915166 0.00715838 0.0211576 -0.0159904 0.0150509 -0.00139471 -0.0101512 0.00728382 0.0265294 -0.021436 -0.0117214 -0.0183092 -0.0120628 -0.00348891 0.0305331 -0.000183481 0.0118621 -0.00264884 -0.0214733 0.0369392
internal_weight=14654.3 12911.1 12537.2 373.956 11431.8 9602.47 1829.36 1058.42 5102.84 1105.35 4499.63 2239.69 2259.93 1743.19 3795.14 297.403 142.676 770.94 602.764 1600.51 1307.71 409.402 248.497 152.161 1191.11
internal_count=62645 55977 55599 378 50215 36841 13374 8685 26076 5384 10765 2639 8126 6668 21553 2483 446 4689 3677 6222 4523 2930 1499 927 3292
is_linear=0
shrinkage=0.032956


Tree=24
num_leaves=26
num_cat=0
split_feature=8 59 9 53 59 37 0 11 25 42 63 46 64 30 57 30 14 56 56 27 42 39 21 21 15
split_gain=1182.78 471.443 450.03 335.613 313.206 572.124 542.193 499.085 457.787 444.686 272.446 272.103 321.455 263.298 244.237 243.218 231.564 220.859 212.091 180.508 271.639 164.761 153.629 148.153 140.61
threshold=0.14951358410074969 0.016295213301080903 0.11653222126999221 0.062376586797836607 8.1408862669489883e-05 1.0137151250000003 0.16828907888723213 27.653000750100585 -1.0638586455555472 -0.20276825601029844 32.021632723322483 0.099452036208739714 -0.33922303975665563 0.5109897683989516 0.24332262472054303 0.12272161292795918 0.38221598741384172 0.0022230196044003008 0.080343574478455207 0.49070906354676541 -0.24255303966787653 0.61579470280361337 1272.163251170804 528.49212628105568 0.035999176198288858
decision_type=2 2 2 2 2 2 2 2 2 2 2 2 2 2 2 2 2 2 2 2 2 2 2 2 2
left_child=14 2 3 19 6 10 -4 -7 -9 -8 23 16 21 -12 -1 -11 17 -5 -16 22 -21 -13 -2 -6 -22
right_child=1 -3 4 11 5 7 9 8 -10 15 13 12 -14 -15 18 -17 -18 -19 -20 20 24 -23 -24 -25 -26
leaf_value=0.032861466384175898 0.016726715935973489 0.038815935371206346 0.029865127206769169 0.028062487196837457 -0.022921375735736532 -0.032921110046038857 0.02390874764326225 0.035069701297439346 -0.042595734579065653 -0.011759804249163093 -0.033679936534333696 0.043772830971325415 -0.036440167421521966 0.04550396303273848 0.022190542831792871 0.059756167179430469 0.02420424141509709 -0.0054698547324854166 -0.030240603632484795 -0.030331231814768544 0.037490214467775639 -0.016935230308512531 0.045770784071217679 0.035495602195704148 -0.0072777570784938773
leaf_weight=1298.7992828413844 645.43314611911774 280.96092224121094 460.45844662189484 238.9858095869422 83.412023447453976 261.58254408836365 440.07827396690845 482.33018188923597 98.740835256874561 4174.336891785264 1736.6100868135691 99.254680708050728 451.06732648611069 46.229452833533287 215.77176570892334 51.582717090845108 448.64106434583664 1937.7806530371308 135.97552800178528 186.40517383813858 191.05631981790066 93.814806923270226 285.53424042463303 106.63367805629969 126.08578123152256
leaf_count=5569 3735 379 2958 1951 697 757 2796 368 77 24914 2394 48 443 18 551 414 1453 10569 264 145 443 116 566 582 569
internal_value=2.57686e-06 -0.00335224 -0.0042913 0.00378637 -0.00907565 -0.0179053 -0.00422434 0.00482329 0.021835 -0.00759259 -0.0276114 -0.00204498 -0.0212262 -0.0316088 0.0262674 -0.0108767 0.00266563 -0.00178013 0.00190114 0.0170715 0.00117172 0.0143207 0.0256637 0.0098658 0.0197156
internal_weight=14577.6 12927 12646.1 4704.06 7942 2815.54 5126.46 842.654 581.071 4666 1972.89 3269.54 644.137 1782.84 1650.55 4225.92 2625.41 2176.77 351.747 1434.51 503.547 193.069 930.967 190.046 317.142
internal_count=62776 56392 56013 20038 35975 4893 31082 1202 445 28124 3691 14580 607 2412 6384 25328 13973 12520 815 5458 1157 164 4301 1279 1012
is_linear=0
shrinkage=0.032956


Tree=25
num_leaves=26
num_cat=0
split_feature=5 26 2 44 53 37 13 7 34 20 58 30 59 52 11 21 24 13 42 54 46 2 49 12 60
split_gain=1112.67 558.177 563.585 375.637 490.539 429.368 589.158 413.755 353.608 440.493 405.896 347.615 301.393 284.924 280.823 271.173 262.238 253.274 245.496 226.89 202.641 218.118 255.213 192.492 185.619
threshold=0.14901357101046978 0.063757607872629116 0.24682010124204426 0.0034671602833386502 0.026805522662896656 1.0087582300480549 26.829505335533565 0.23114406112293898 -7.3966246268614055 4.7771335835549982 13.050159787153877 0.0036709446101829504 0.016295213301080903 4.9790609453003531 33.607329495163704 518.09385418650049 -12.356348457900337 -11.560412223854579 -0.32509119729704622 0.2642509909668968 0.20074414841140917 0.19651187567566628 0.92108094666602092 0.19834652412868728 -0.22848122299767357
decision_type=2 2 2 2 2 2 2 2 2 2 2 2 2 2 2 2 2 2 2 2 2 2 2 2 2
left_child=16 3 14 7 15 12 -7 8 10 17 -2 -11 13 -6 20 -5 -1 -10 -17 -9 24 22 -22 -21 -3
right_child=1 2 -4 4 5 6 -8 19 9 11 -12 -13 -14 -15 -16 18 -18 -19 -20 23 21 -23 -24 -25 -26
leaf_value=-0.0057805723985795386 -0.023859580801866204 0.00055358051004876095 -0.017668512879654558 -0.045167699705257004 -0.035018885174935968 -0.024124837687945804 0.035464133873236312 -0.030965788391421351 -0.004689182089316301 0.023967007782613684 0.038068633728161667 -0.0019745994099495271 0.049704591687421008 0.0091944598625051215 0.034117644236773201 -0.039092937414249698 0.035050807330787422 -0.034786913115741322 0.040727227103926372 0.056414492795476258 -0.026274973651750105 -0.037643232433164621 0.049998656218243245 -0.0093602421212562355 0.019481013222530784
leaf_weight=200.92128306627274 146.57152059674263 898.09714744985104 793.63809967041016 62.309170976281166 1813.2957506924868 442.60714923590422 302.89170098304749 718.1793766617775 714.81396427750587 828.8860717639327 524.99553975462914 1732.4495127722621 50.71784496307373 173.13987117260695 576.54043102264404 48.277036070823669 1132.7980804219842 527.57203508913517 290.4223271459341 51.988226622343063 94.62174853682518 195.77950918674469 94.570629864931107 579.44086435437202 1506.586251989007
leaf_count=677 1196 2527 2441 534 5018 1687 190 4681 3764 6723 3240 9650 66 651 904 27 4516 4612 1782 347 85 124 43 2182 4875
internal_value=0.000224445 -0.00268128 0.00730279 -0.0072918 -0.0163932 -0.0213039 9.66293e-05 -0.00231588 0.00250814 -0.00138584 0.0245412 0.00642487 -0.0291327 -0.0311632 0.0131928 0.0176593 0.0288998 -0.017483 0.02929 -0.0183051 0.00886039 -0.0133204 0.0118965 -0.00388567 0.0124144
internal_weight=14502.1 13168.4 4159.83 9008.56 3183.66 2782.65 745.499 5824.9 4475.29 3803.72 671.567 2561.34 2037.15 1986.44 3366.2 401.009 1333.72 1242.39 338.699 1349.61 2789.66 384.972 189.192 631.429 2404.68
internal_count=62542 57349 10999 46350 9955 7612 1877 36395 29185 24749 4436 16373 5735 5669 8558 2343 5193 8376 1809 7210 7654 252 128 2529 7402
is_linear=0
shrinkage=0.032956


Tree=26
num_leaves=26
num_cat=0
split_feature=5 32 2 40 56 49 25 20 49 36 60 24 57 52 11 20 12 44 5 64 11 25 44 52 63
split_gain=1055.17 516.107 501.228 351.586 622.855 377.308 304.968 280.07 309.202 287.518 252.67 239.991 229.284 226.67 225.291 286.736 218.669 214.202 187.827 249.225 205.655 169.4 375.038 199.588 168.251
threshold=0.14901357101046978 0.49480859860164 0.24682010124204426 21.743790515430849 0.0022912344051444502 1.0940235884479979 14.042776823453673 -5.9515887518451178 0.94677814489781853 21.792765869841155 -0.36807140484225026 -11.769346683650561 0.22342786659758254 -10.43098194651315 13.275381603171866 3.3835224377360213 0.22429213054305344 0.0091762925075388017 0.21523132169788572 -0.44223636672189187 34.948972569106253 0.21248436240967628 0.0037950863302736505 0.46716054382416278 59.260695603642567
decision_type=2 2 2 2 2 2 2 2 2 2 2 2 2 2 2 2 2 2 2 2 2 2 2 2 2
left_child=11 3 10 4 14 7 13 8 -6 -9 -3 12 -1 -5 15 -2 -7 -4 19 -15 -20 24 -23 -24 -12
right_child=1 2 17 6 5 16 -8 9 -10 -11 21 -13 -14 18 -16 -17 -18 -19 20 -21 -22 22 23 -25 -26
leaf_value=0.021960348742244264 -0.0086113766435604085 -0.0088919130567795615 -0.0055154332289351227 0.040818657050663336 0.026470216955914762 0.029651150630093062 -0.021613218630072352 -0.02940749562896856 -0.017404586175038268 0.033126908150176666 0.013602803135917508 0.034718583639245078 -0.044739945493448133 -0.025466366440798586 -0.027314085717140012 0.040026871956180099 -0.019046813899256904 -0.041791564269653858 -0.014135542589815161 0.012210083747719085 0.017992868709326596 0.019246371750312748 -0.042485600369425121 0.007310832327374739 0.034049619351787228
leaf_weight=158.88111650943756 199.45465217530727 516.51879787445068 646.96817541122437 167.23487186431885 232.08314623683691 259.72027313709259 619.33565521240234 2564.3733628243208 695.46134722232819 81.83817958086729 1018.4061929732561 1082.1198211982846 85.476833760738373 213.31124997138977 112.73497182130814 385.17283986508846 162.07564526796341 242.68252229690552 1096.7700035944581 1749.6929679438472 268.86217975616455 749.41084741055965 208.67155921459198 149.74117428064346 767.33946478366852
leaf_count=551 1539 1675 2391 1081 1661 1175 2953 13641 4131 424 3329 4444 220 87 993 3372 687 390 3679 7199 819 4146 976 423 650
internal_value=5.96917e-05 -0.00277539 0.00658352 -0.00734418 -0.0135092 -0.0185248 -0.000312553 -0.0220038 -0.00641425 -0.0274649 0.0123306 0.0280614 -0.00143472 0.0034648 0.0152174 0.0234429 0.010938 -0.0154373 0.00157952 0.00810794 -0.00780386 0.0161203 0.00599071 -0.0217082 0.0223992
internal_weight=14434.3 13107.9 4299.74 8808.12 4692.91 3995.55 4115.21 3573.76 927.544 2646.21 3410.09 1326.48 244.358 3495.87 697.362 584.627 421.796 889.651 3328.64 1963 1365.63 2893.57 1107.82 358.413 1785.75
internal_count=62636 57421 13980 43441 27623 21719 15818 19857 5792 14065 11199 5215 771 12865 5904 4911 1862 2781 11784 7286 4498 9524 5545 1399 3979
is_linear=0
shrinkage=0.032956


Tree=27
num_leaves=26
num_cat=0
split_feature=8 59 51 19 38 40 45 7 38 13 11 45 60 11 46 21 13 14 57 44 51 63 36 45 11
split_gain=1070.36 414.596 383.903 343.469 327.814 419.322 475.199 334.027 297.573 440.684 355.92 287.599 257.99 246.326 210.356 205.991 148.42 141.661 104.191 106.587 74.3849 91.946 90.7465 71.775 92.7437
threshold=0.15029177640160152 0.016295213301080903 4.7290423830348933 0.19049870250363068 6.0959981845709857e-06 8.5615370182589263 22.241486635165867 0.23114406112293898 0.050884959160546209 33.745598610812841 27.158566800062456 -10.377931544677862 -0.25337832468723781 1.1440636156645789 0.099452036208739714 186.67737158382604 -8.8071670009979304 -1.0000000180025095e-35 0.29031892310483493 0.0085495566576821516 12.401920033493303 28.065588796262301 -7.6623615902965012 5.0808422158702333 -19.568045058568526
decision_type=2 2 2 2 2 2 2 2 2 2 2 2 2 2 2 2 2 2 2 2 2 2 2 2 2
left_child=12 2 4 -4 7 6 11 13 10 -10 -7 -6 14 16 17 -15 -2 -1 -14 -20 22 -22 -5 24 -9
right_child=1 -3 3 20 5 8 -8 23 9 -11 -12 -13 18 15 -16 -17 -18 -19 19 -21 21 -23 -24 -25 -26
leaf_value=-0.017862927365872899 0.013964429715996976 0.036921457566237693 0.030759796653986839 -0.047109788243482387 0.023880003859800814 -0.0062623145392969575 0.053180563409184492 -0.04614611294535171 -0.027426399056745737 0.031654821894825054 0.011300841275499659 -0.02359772150393499 0.033521032035562316 0.043440609062806695 -0.04354748721150601 0.0043554949499879933 -0.026546388592177641 0.034221526828478073 0.023543683150986882 -0.049524824079498667 0.039458707056266459 -0.031415062409062347 0.0076011780364324934 -0.037813508605451664 0.055557156750745358
leaf_weight=89.942521251738071 232.75066870450974 268.61869430541992 605.51983144134283 35.181138142943382 145.48851243406534 4163.3773631677032 95.854557484388351 16.398375004529953 992.46901643276215 158.45464634895325 1791.9815210253 2702.4976945966482 1241.8035729154944 418.79295875132084 92.191584467887878 225.27927647531033 168.83897776156664 151.12573047727346 59.809640817344189 33.054663844406605 22.186845511198044 153.49150875210762 395.84480585157871 168.60804651677608 21.893938824534416
leaf_count=384 1231 365 2986 106 674 19633 658 64 584 98 3594 15376 5734 3665 168 1974 1396 202 174 61 98 572 1624 1189 155
internal_value=-0.000293409 -0.00353357 -0.00440401 0.0132158 -0.0062945 -0.00827595 -0.0187333 0.00959947 -0.00394239 -0.0192773 -0.000976761 -0.0211668 0.0245309 0.0171712 -0.00140553 0.0297903 -0.00308432 0.014793 0.0310044 -0.00264665 -0.0043096 -0.0223373 0.0030632 -0.0285929 0.0119517
internal_weight=14451.5 12783.5 12514.9 1212.22 11302.7 10050.1 2943.84 1252.56 7106.28 1150.92 5955.36 2847.99 1667.93 1045.66 333.26 644.072 401.59 241.068 1334.67 92.8643 606.704 175.678 431.026 206.9 38.2923
internal_count=62765 56042 55677 5386 50291 40617 16708 9674 23909 682 23227 16050 6723 8266 754 5639 2627 586 5969 235 2400 670 1730 1408 219
is_linear=0
shrinkage=0.032956


Tree=28
num_leaves=26
num_cat=0
split_feature=5 9 53 46 14 37 59 30 17 36 10 3 58 21 33 52 24 38 25 48 46 60 38 42 21
split_gain=1018.61 560.945 396.182 316.001 332.136 302.893 418.106 535.825 448.296 411.287 313.466 280.887 272.158 259.453 238.172 239.428 223.66 222.686 225.302 202.274 193.252 191.316 162.595 175.789 152.968
threshold=0.14901357101046978 0.11653222126999221 0.086490416476437473 0.20074414841140917 0.42280427401587062 1.0182489225833231 8.9661605427833878e-05 0.5109897683989516 -0.19689443507831331 2.2017910861610028 0.23052286274862119 0.21894317787289277 22.897596275028935 52.014844426092957 0.88987309226667921 -0.99149396606325213 -12.356348457900337 6.3348589946855336e-06 21.466458754107169 0.0091560146494689531 0.0042329731707147506 -0.20858655851998442 0.032539748420012553 -0.29245331255918922 528.49212628105568
decision_type=2 2 2 2 2 2 2 2 2 2 2 2 2 2 2 2 2 2 2 2 2 2 2 2 2
left_child=16 2 14 4 17 6 8 12 -3 11 13 -7 24 -10 -2 -16 21 -4 -19 -14 -11 -1 23 -13 -8
right_child=1 5 3 -5 -6 9 7 -9 10 20 -12 22 19 -15 15 -17 -18 18 -20 -21 -22 -23 -24 -25 -26
leaf_value=-0.04417731749355458 0.023929652637339423 0.042574730495370257 0.021213170575760772 -0.034576166926551868 0.026570803691578746 0.032019577975834823 -0.023479080239700464 0.042876900232170619 -0.024116242873236982 0.0015916313823785011 -0.023420884460088207 0.048663594782671425 -0.039591577253176649 0.0027230918706907647 -0.01313403614564243 0.022198084758475657 0.033514873989974894 -0.011774776152383638 0.027547298846266517 -0.015446331422639079 -0.028245905879909255 0.021026107926090207 -0.049819764014057862 -0.015657923719787723 0.040786851122020303
leaf_weight=78.355463743209839 1447.8393343538046 197.80407857894897 324.39650249481201 297.14798736572266 463.38826624304056 606.90381532907486 71.231921344995499 121.44061279296875 477.5469149723649 529.49984651058912 1056.1808046549559 70.93719669431448 1212.8516105115414 2147.7334469184279 487.18114537000656 362.77644392848015 1109.6799704581499 1767.3654196634889 173.12177281081676 548.55074346810579 424.1337164118886 127.2279349565506 73.55292809009552 128.938546217978 90.623353354632854
leaf_count=225 4223 1191 2744 241 1195 1694 606 102 4065 3079 5857 421 1699 12489 2254 2083 4542 9089 921 770 1787 440 85 590 534
internal_value=3.1258e-05 -0.00274898 0.00548925 -0.00234623 0.00117233 -0.00840176 -0.0120246 -0.0240816 -0.00566622 0.00330071 -0.00826615 0.0195361 -0.0283243 -0.00216436 0.0158035 0.00195227 0.0276688 -0.00403095 -0.00825753 -0.0320816 -0.0116901 -0.00389304 -0.00818326 0.0072635 0.0125244
internal_weight=14396.4 13081.1 5323.22 3025.42 2728.27 7757.93 5923.96 2044.7 3879.27 1833.97 3681.46 880.332 1923.26 2625.28 2297.8 849.958 1315.26 2264.88 1940.49 1761.4 953.634 205.583 273.429 199.876 161.855
internal_count=62926 57719 22750 14190 13949 34969 27313 3711 23602 7656 22411 2790 3609 16554 8560 4337 5207 12754 10010 2469 4866 665 1096 1011 1140
is_linear=0
shrinkage=0.032956


Tree=29
num_leaves=26
num_cat=0
split_feature=0 46 11 2 12 53 28 31 64 20 14 24 63 16 45 59 9 56 40 46 31 42 21 46 23
split_gain=902.791 391.989 326.561 503.291 312.969 313.709 384.487 364.809 336.002 284.08 275.134 265.2 259.859 252.541 237.469 230.242 228.751 190.694 199.68 202.349 174.866 172.779 161.092 253.399 245.958
threshold=0.15599566482769067 0.10855093701426521 34.948972569106253 0.18209632380240406 0.22472924999999996 0.2436171321148716 0.045804859716616658 2.6848522190825101 -0.33348521252133073 50.088232705140491 -0.011641939377242798 -8.8919389020636643 1163.184885952144 0.19812889572893053 0.3199796287128765 0.0093289636901157519 0.16816176810508218 0.0018885408001727503 23.874495598635043 0.15325074575137648 0.050960859072915907 -0.16878139683396562 905.79606992099184 0.077973439646400314 0.11976520641867718
decision_type=2 2 2 2 2 2 2 2 2 2 2 2 2 2 2 2 2 2 2 2 2 2 2 2 2
left_child=1 10 4 -4 5 6 8 -7 13 21 20 15 17 -2 -13 -3 -10 -6 -19 -20 -1 -5 23 -8 -24
right_child=2 11 3 9 12 7 22 -9 16 -11 -12 14 -14 -15 -16 -17 -18 18 19 -21 -22 -23 24 -25 -26
leaf_value=-0.0021865972976311044 -0.049293537553037371 -0.031495006716859432 -0.040272863189584597 0.044018061290344593 0.02242201037262511 -0.022540870438807887 0.011080531849110562 0.034384137484474483 0.026907060627554599 -0.014552472032407773 0.032114593430159877 0.033339780737917969 0.026911204349096357 0.014518650510517227 -0.039401430779849651 0.03379601999237284 -0.0061221746349087317 -0.025966651037316591 -0.0060640340866557237 -0.034157192914006429 0.0302170038615261 0.010128045193575682 0.030833094096176208 -0.020824784676401413 -0.012013426760987888
leaf_weight=564.97511722147465 304.02566171437502 363.93210914731026 160.07952006161213 468.52600836753845 142.85955309122801 1093.4995395094156 1454.7910445332527 136.99822163581848 261.30097537487745 175.04758644104004 1406.7453790977597 246.20534669607878 168.38021850585938 86.10369848459959 60.077546216547489 69.281761169433594 1739.5414307937026 1421.2053729966283 1909.8332986459136 325.38137722760439 265.26417957246304 251.50381414592266 722.91657692193985 331.33840274810791 181.70949643850327
leaf_count=3262 136 347 42 1152 1109 7741 9282 1012 1308 575 4194 262 615 283 148 69 11500 6769 6879 233 2298 984 1895 331 202
internal_value=0.000213546 0.016364 -0.00402818 0.0134257 -0.00582053 -0.00126112 0.00235468 -0.0161864 -0.00726069 0.0230545 0.0232385 -0.00443367 -0.0130726 -0.0352087 0.0190114 -0.0210138 -0.0018004 -0.0148495 -0.0163099 -0.0101634 0.00818374 0.0322028 0.0108985 0.00515573 0.0222238
internal_weight=14311.5 2976.48 11335 1055.16 10279.9 6312.23 5081.73 1230.5 2390.97 895.077 2236.98 739.497 3967.66 390.129 306.283 433.214 2000.84 3799.28 3656.42 2235.21 830.239 720.03 2690.76 1786.13 904.626
internal_count=62628 10580 52048 2753 49295 33690 24937 8753 13227 2711 9754 826 15605 419 410 416 12808 14990 13881 7112 5560 2136 11710 9613 2097
is_linear=0
shrinkage=0.032956


Tree=30
num_leaves=26
num_cat=0
split_feature=7 40 50 61 60 56 31 7 38 24 24 49 52 61 30 24 44 64 11 42 27 50 3 26 27
split_gain=841.127 364.047 405.082 363.695 360.426 341.06 300.74 277.073 404.821 306.202 255.263 291.319 223.824 205.229 198.939 249.421 445.7 233.989 158.634 154.31 150.762 141.038 240.151 138.425 130.295
threshold=0.16109750977693413 18.759346935205162 1.0447292716661094 449.36674312190934 -0.40911996354737684 0.0022230196044003008 -9.529989026489309 0.20247465014858837 0.015366588505479803 13.869575901486373 -12.503411685352052 0.93772963220701955 -9.4839049008507388 66.176588765909273 0.5109897683989516 -10.61665859777805 0.0039621663458011503 -0.33922303975665563 -16.459942326054097 0.0062952521840761505 0.48001466108947621 0.98288455915282824 0.21786407751832679 0.018501995823334606 0.2802994359426027
decision_type=2 2 2 2 2 2 2 2 2 2 2 2 2 2 2 2 2 2 2 2 2 2 2 2 2
left_child=6 2 3 5 -3 13 20 14 9 12 23 -12 -9 -2 15 16 -6 -17 -8 24 -1 -10 -23 -7 -20
right_child=1 4 -4 -5 7 10 18 8 21 -11 11 -13 -14 -15 -16 17 -18 -19 19 -21 -22 22 -24 -25 -26
leaf_value=0.00808699461333332 0.025546690266857346 -0.016208217723449474 0.027710420478480262 0.045552824034666407 0.035420572226647802 -0.030227526032992575 -0.014748723492426237 0.037914966590800299 -0.041123104360620173 -0.024866442192729658 0.00059843285125165606 -0.023157447512668908 0.0041210853175402459 -0.023570374073966595 0.047170401979350317 0.035290777552306689 -0.017645393702982935 0.0087960747153801935 -0.0028641118064214517 0.040583552409757438 -0.044678431068981311 0.051116854921484906 -0.033630986570809651 0.020501279102881957 0.025287244507848115
leaf_weight=133.5506985783577 353.68943957239389 1052.0110168457031 291.92797476053238 114.84712266921997 232.45201531052589 72.846354298293591 105.59585376083851 234.22488299012184 336.83113005757332 368.18765999376774 678.61537948250771 3223.4381751194596 2267.2785671502352 124.33146745711565 169.27625274658203 558.07694528996944 653.43384870141745 1030.1945307478309 224.4171302691102 578.49181287735701 104.09710210561752 55.896037377417088 100.53098242729902 283.57086153328419 870.45655972510576
leaf_count=601 3037 3784 2100 698 1399 459 726 1433 328 2014 4052 16655 10723 1003 162 485 419 4729 1894 1838 206 34 144 914 2859
internal_value=-2.07035e-05 -0.00327973 -0.00994772 -0.0122176 0.00157957 -0.0136252 0.0196923 0.00469669 -0.00157895 0.00316375 -0.0165882 -0.0190266 0.00729551 0.0127548 0.0126788 0.0103057 -0.00370331 0.0181176 0.0243433 0.0268156 -0.0150913 -0.0291354 -0.0032505 0.0100921 0.0195189
internal_weight=14218.3 12201.7 5143.27 4851.34 7058.39 4736.49 2016.61 6006.38 3362.95 2869.69 4258.47 3902.05 2501.5 478.021 2643.43 2474.16 885.886 1588.27 1778.96 1673.37 237.648 493.258 156.427 356.417 1094.87
internal_count=62696 54572 28918 26818 25654 26120 8124 21870 14676 14170 22080 20707 12156 4040 7194 7032 1818 5214 7317 6591 807 506 178 1373 4753
is_linear=0
shrinkage=0.032956


Tree=31
num_leaves=26
num_cat=0
split_feature=8 59 51 19 38 54 26 58 7 20 13 59 49 31 55 20 21 61 10 60 4 54 45 61 23
split_gain=873.692 420.496 342.861 316.78 297.859 355.585 452.132 393.653 355.447 295.081 257.532 249.438 239.415 220.302 203.321 184.374 162.415 144.293 122.008 136.162 120.846 100.145 98.8129 96.156 95.9876
threshold=0.15029177640160152 0.016295213301080903 4.7290423830348933 0.18947624103397812 7.8488163173302538e-06 0.32775038806348628 0.075272278890743408 36.553494170878785 0.23114406112293898 3.5870751285276348 -26.155978177817797 3.5550042635361119e-06 0.94551787019284173 -9.6877109977216964 -0.28832106245417571 15.130606130513824 52.014844426092957 89.425186835483871 0.097623237577971714 -0.25337832468723781 0.079574265405385966 0.4540857465463346 29.524730089282709 12.803050313296664 0.18932817475569907
decision_type=2 2 2 2 2 2 2 2 2 2 2 2 2 2 2 2 2 2 2 2 2 2 2 2 2
left_child=13 2 4 -4 8 6 12 10 9 16 -7 -9 -6 20 -8 -11 -2 -5 -15 24 -1 23 -19 -10 -20
right_child=1 -3 3 17 5 7 14 11 21 15 -12 -13 -14 18 -16 -17 -18 22 19 -21 -22 -23 -24 -25 -26
leaf_value=0.010536358441274218 -0.026125217851598943 0.039813521021963144 0.030034479322243776 0.021048909671110456 -0.0031077942774463438 -6.7526849096404001e-06 0.029571104058992246 0.020655654461865899 0.042035870048379755 0.037022086861123661 0.024998419058693124 -0.013475931363568143 -0.022654544559695757 0.037927002526343186 -0.003322040653021358 0.0071360401041362306 0.0098844681883353425 -0.018430197195807869 0.0070853477154267279 0.024699296819848268 -0.047506608382068584 0.017433495290417982 0.035419852738815129 -0.037681063071144584 -0.051558919855064368
leaf_weight=91.926505282521248 238.12847846746445 243.25685119628906 590.40720392763615 183.51758432388306 857.43006610870361 1061.1388291716576 284.34439182281494 260.35485363006592 16.968864493072033 546.78858694434166 772.63286298513412 2132.0320701599121 3303.7463547736406 621.23408494144678 718.09091335535049 380.39337281882763 315.38280142843723 408.88090538978577 99.242314770817757 671.62148886173964 66.615734755992889 51.14927464723587 40.010292530059814 255.39817238599062 42.823957502841949
leaf_count=399 2045 368 2955 760 5421 4025 474 972 140 4803 2641 2554 18470 1950 2117 3098 1502 1611 249 3864 148 182 145 1806 64
internal_value=-0.000137527 -0.00303268 -0.00387438 0.0126899 -0.00568455 -0.00804099 -0.0138423 -0.000951594 0.00657743 0.0134158 0.0105345 -0.00975629 -0.0186281 0.0228552 0.00602281 0.0247762 -0.00562117 -0.00351856 0.0269276 0.0185032 -0.013957 -0.0246804 -0.0135805 -0.0326151 -0.0107644
internal_weight=14253.5 12660.1 12416.8 1222.82 11194 9389.77 5163.61 4226.16 1804.21 1480.69 1833.77 2392.39 4161.18 1593.46 1002.44 927.182 553.511 632.409 1434.92 813.688 158.542 323.516 448.891 272.367 142.066
internal_count=62763 56089 55721 5471 50250 36674 26482 10192 13576 11448 6666 3526 23891 6674 2591 7901 3547 2516 6127 4177 547 2128 1756 1946 313
is_linear=0
shrinkage=0.032956


Tree=32
num_leaves=26
num_cat=0
split_feature=8 59 51 11 2 38 2 49 9 52 20 19 0 6 42 61 9 38 59 60 13 25 38 20 36
split_gain=810.244 303.835 276.232 313.245 445.316 348.818 356.855 391.074 294.907 263.775 254.423 249.564 211.35 210.42 165.206 146.474 145.161 197.345 264.663 213.924 126.546 122.857 108.731 115.361 99.833
threshold=0.15986364875912204 0.016295213301080903 4.7290423830348933 34.948972569106253 0.18209632380240406 0.050884959160546209 0.19958892509029399 0.91353110351973943 0.14811267191719488 -2.4431336411675422 50.088232705140491 0.18553554346288251 0.088519456234028973 0.022848730366178703 -0.12100314859988613 89.425186835483871 0.043102357819855754 0.015366588505479803 0.0079201897061704028 -0.11928038179399718 35.248083552306205 -0.65432696859657102 7.0521293566486417e-06 21.198190504923236 -11.781274939595564
decision_type=2 2 2 2 2 2 2 2 2 2 2 2 2 2 2 2 2 2 2 2 2 2 2 2 2
left_child=12 2 3 5 -5 8 7 -7 9 -2 14 -4 -1 -10 -6 -13 21 20 19 24 -18 -14 23 -23 -19
right_child=1 -3 11 4 10 6 -8 -9 13 -11 -12 15 16 -15 -16 -17 17 18 -20 -21 -22 22 -24 -25 -26
leaf_value=0.035085966796354048 0.013546941552144389 0.034273921816662792 0.029998838961432465 -0.037830879769514589 0.042350590503563754 -0.046699932854114647 -0.038445541083114286 0.047849069374528361 0.021727536577595762 -0.005000173935031881 -0.014366130351162732 0.02202453628368415 0.021965468340408981 -0.012272001298742868 -0.0013017998076091887 -0.011069927050915467 0.026728495105959177 0.019527669241951803 0.030998220814100783 0.029840095749920716 -0.036442836756773268 0.037088023064272994 -0.036784083887405228 -0.074954359409990748 -0.039713680629449979
leaf_weight=568.74894900619984 1290.0923235416412 228.0654296875 460.07365515828133 154.5129384174943 463.97296091169119 76.432954296469688 688.8040346801281 122.99547956883907 205.82337480038404 2346.5052007734776 151.57365989685059 205.62095385044813 99.630410753190517 4652.2278596833348 118.03069519996643 489.8360530808568 1008.6875852942467 35.28490537405014 190.39535903930664 79.290009565651417 35.044948488473892 49.416124008595943 154.92812334746122 11.750866189599035 227.26650556176901
leaf_count=2142 4662 333 2301 38 1269 86 418 66 865 12361 508 884 880 26200 497 1917 5120 18 143 124 6 480 935 110 355
internal_value=0.000298237 -0.00332995 -0.00408265 -0.00580151 0.0128985 -0.00757235 -0.0272147 0.0115734 -0.00551629 0.00158082 0.0236108 0.0111894 0.0174801 -0.0108285 0.0335071 -0.0012721 0.0121752 0.0162603 -7.23611e-05 -0.0174073 0.0245833 -0.0082059 -0.0221441 0.0149315 -0.0317195
internal_weight=14115 11654.6 11426.5 10271 888.09 9382.88 888.232 199.428 8494.65 3636.6 733.577 1155.53 2460.44 4858.05 582.004 695.457 1891.69 1575.97 532.237 341.841 1043.73 315.726 216.095 61.167 262.551
internal_count=62718 52405 52072 46970 2312 44658 570 152 44088 17023 2274 5102 10313 27065 1766 2801 8171 5766 640 497 5126 2405 1525 590 373
is_linear=0
shrinkage=0.032956


Tree=33
num_leaves=26
num_cat=0
split_feature=1 59 59 23 10 63 26 50 22 24 13 21 24 14 60 19 27 51 55 17 14 52 11 31 62
split_gain=733.786 345.802 350.76 507.357 376.782 302.318 380.165 502.262 430.853 506.065 277.44 255.803 252.164 240.413 238.423 210.615 192.779 187.894 281.784 182.572 223.144 147.042 145.986 118.774 119.339
threshold=0.022267601701074252 0.016295213301080903 4.4680373970059082e-05 0.061251421416847605 0.18447348978827668 36.062236472597448 0.061842554670933907 0.99933828229359645 0.22976068509640574 -0.84188636041742193 26.829505335533565 499.44777081992214 -12.356348457900337 0.54251021542970601 -0.45979740272351399 0.18309364214948656 0.49584865861586708 0.16011089183072458 -0.12594193580541427 -0.23764199554478396 -0.53574999999999984 10.142489470092816 34.948972569106253 -10.041038324665797 0.43582677955036075
decision_type=2 2 2 2 2 2 2 2 2 2 2 2 2 2 2 2 2 2 2 2 2 2 2 2 2
left_child=12 2 3 4 17 11 7 21 9 -8 -9 -4 16 15 -5 -6 -1 18 -2 -13 -21 -7 -10 -14 -25
right_child=1 -3 5 14 13 6 8 10 22 -11 -12 19 23 -15 -16 -17 -18 -19 -20 20 -22 -23 -24 24 -26
leaf_value=0.019502305926861589 -0.024880419257419618 0.034116755812890878 -0.019971177557031764 -0.014356193875708752 0.0010289199916329018 -0.034454042633265416 0.012122343970450949 -0.028595924100833787 -0.034093400773339028 -0.04270523572820166 0.040368956432785465 -0.021732150406362349 -0.021302168923633583 0.019754312958277988 0.025933131925279945 -0.013571108083791628 -0.04522823076153417 0.025715510856043105 0.020545253959860694 -0.011921017507397866 0.044532002816165324 0.0098860937521525992 0.0085637745222828764 0.034538836546874105 -0.0213650610929021
leaf_weight=107.26718013733625 269.64934200048447 268.75064086914062 228.17840157449245 187.06179189682007 1599.9360382854939 1514.0113985165954 1339.1002628803253 97.329347461462021 546.62952482700348 211.0148731470108 178.59405764937401 85.281265422701836 46.701897978782654 343.11872828751802 1067.0064363330603 3257.6798525378108 92.336946196854115 641.4479660987854 327.79320465028286 99.604148015379906 317.1832827180624 85.524813033640385 103.3209285736084 977.71347596496344 42.839861981570721
leaf_count=326 2209 386 1896 705 10496 2158 1042 247 1188 322 89 89 202 1367 6456 19283 204 4790 2041 403 1798 279 217 4380 73
internal_value=-0.000445894 -0.00281999 -0.00361612 0.000747227 -0.00298804 -0.0106006 -0.0140992 -0.0249981 -0.0048032 0.00464208 0.0160305 0.00891966 0.0234695 -0.00687893 0.0199185 -0.00876289 -0.0104971 0.0133399 3.72999e-05 0.02206 0.0310432 -0.0320797 -0.0273101 0.0298251 0.0321784
internal_weight=14035.1 12768.2 12499.5 7693.69 6439.63 4805.77 4075.53 1875.46 2200.07 1550.12 275.923 730.247 1266.86 5200.73 1254.07 4857.62 199.604 1238.89 597.443 502.069 416.787 1599.54 649.95 1067.26 1020.55
internal_count=62646 57461 57075 47347 40186 9728 5542 2773 2769 1364 336 4186 5185 31146 7161 29779 530 9040 4250 2290 2201 2437 1405 4655 4453
is_linear=0
shrinkage=0.032956


Tree=34
num_leaves=26
num_cat=0
split_feature=6 9 53 14 44 57 26 37 36 59 30 17 63 0 2 44 24 47 48 47 13 36 31 47 39
split_gain=699.973 391.064 404.373 268.917 256.899 237.716 226.679 218.586 292.799 288.592 428.718 384.326 277.161 272.355 241.139 234.098 220.208 211.233 207.784 202.468 187.718 182.411 169.178 166.23 154.537
threshold=0.019396222223709954 0.11653222126999221 0.086490416476437473 0.54251021542970601 0.0032454208134962506 0.29031892310483493 0.075272278890743408 1.0311442399602979 2.2017910861610028 8.9661605427833878e-05 0.5109897683989516 -0.19689443507831331 32.317395833333329 0.16781652666945021 0.24916665450564621 0.0035113936840101504 7.9164362847052532 0.048754842928768555 0.0094210756912529517 -6.8083148972221821 0.38408145539841426 -4.2844213080829467 2.5057097889014988 -12.285526165087665 0.68181512054099092
decision_type=2 2 2 2 2 2 2 2 2 2 2 2 2 2 2 2 2 2 2 2 2 2 2 2 2
left_child=5 2 6 4 20 -1 17 9 14 11 12 -3 -11 -13 19 -10 -15 21 -14 23 22 -2 -4 -9 -21
right_child=1 7 3 -5 -6 -7 -8 8 15 10 -12 13 18 16 -16 -17 -18 -19 -20 24 -22 -23 -24 -25 -26
leaf_value=0.026727359087147528 -0.027189046557851437 0.040374642143314217 -0.010431029210278555 0.023701494249838372 -0.021832267520314318 -0.013705898849222943 0.028008481487121956 0.045655430687220534 0.0042609415231329439 0.012578288516286576 0.036750786874130102 0.023968076498433265 -0.036174865561154047 -0.0053184446537781135 -0.033611138886198141 -0.032891821551592045 -0.025235488104382139 0.023396221497242763 -0.012060775596386557 0.010002423183690773 0.017041933371716556 0.0072134640606510165 0.040696941102009318 -0.046472068866209623 0.047853934205678815
leaf_weight=1264.1988422870636 257.03071746230125 193.67915678024292 1058.9852107837796 347.3581702709198 857.18600837141275 179.99461579322815 908.67907619476318 30.612750172615051 491.84272017329931 202.63609226047993 134.90006828308105 283.20983619987965 1159.9337867870927 2832.618648506701 80.842217177152634 293.61364398151636 765.43403146415949 471.84221873432398 584.59229446202517 179.08806946873665 508.50732862204313 476.85669078677893 74.56961377710104 65.708444893360138 340.58884006738663
leaf_count=5380 823 1241 5916 931 2457 522 2221 349 2764 1354 110 2004 1639 17211 229 1128 4773 2986 781 1126 3518 2166 507 213 302
internal_value=-4.24679e-05 -0.00253373 0.00467043 -0.00343861 -0.00721654 0.0216836 0.015585 -0.00721218 0.00414766 -0.00994725 -0.0199269 -0.00484551 -0.0238659 -0.00710925 0.019688 -0.0096447 -0.0095598 0.00621089 -0.0281027 0.0267146 0.000419354 -0.00485025 -0.00704351 -0.0170677 0.0348423
internal_weight=14044.5 12600.3 4961.02 2846.61 2499.25 1444.19 2114.41 7639.3 1482.3 6157 2082.06 4074.94 1947.16 3881.26 696.84 785.456 3598.05 1205.73 1744.53 615.998 1642.06 733.887 1133.55 96.3212 519.677
internal_count=62651 56749 21525 13329 12398 5902 8196 35224 6111 29113 3884 25229 3774 23988 2219 3892 21984 5975 2420 1990 9941 2989 6423 562 1428
is_linear=0
shrinkage=0.032956


Tree=35
num_leaves=26
num_cat=0
split_feature=5 9 53 23 46 13 59 59 49 45 17 47 7 63 13 46 59 38 14 51 58 50 5 52 21
split_gain=709.901 431.868 348.565 222.546 309.985 273.939 219.849 250.905 469.608 433.291 364.502 270.863 257.338 249.82 200.076 193.517 224.186 193.456 244.819 185.665 183.545 180.561 160.025 139.443 138.74
threshold=0.14901357101046978 0.11653222126999221 0.063126526352071763 0.083234499133475817 0.10855093701426521 -18.23978093015447 0.016295213301080903 8.1408862669489883e-05 1.0547625489830301 -3.9465644069004546 -0.19689443507831331 -6.8083148972221821 0.18364968805420942 28.48318983011594 30.500500000000006 0.12392456805667047 0.0093289636901157519 6.3348589946855336e-06 0.43176235193282109 -1.0066104338380066 10.241891124807845 0.86705643416023259 0.16969846666431687 -5.2080181433666262 528.49212628105568
decision_type=2 2 2 2 2 2 2 2 2 2 2 2 2 2 2 2 2 2 2 2 2 2 2 2 2
left_child=15 2 21 4 17 -5 7 10 13 11 -3 -10 -12 24 -7 -1 -17 -4 -19 -15 -14 -2 -23 -24 -9
right_child=1 6 3 5 -6 14 -8 8 9 -11 12 -13 20 19 -16 16 -18 18 -20 -21 -22 22 23 -25 -26
leaf_value=0.03027034372240061 0.029394942680045746 0.033196935635402172 0.0201720852753066 -0.013749653737075098 -0.035712327312286185 0.027508199572994038 0.032211784419938265 -0.018476371058796823 -0.0320861311166891 -0.024663091498203046 0.021730324967222513 0.034138331266393207 -0.027654803897201725 -0.033454844790048378 -0.013981713383253392 -0.028791154450413619 0.041681474674014202 -0.011817581740217797 0.022853625185658019 0.0010284289161196227 -0.005751394449635577 -0.024934969981900298 -0.015348714336801688 0.022178611014741098 0.044889669828559978
leaf_weight=982.83770758658648 766.50473467260599 272.92350348830223 360.53602010011673 356.66007804870605 338.91686272621155 737.0115247964859 148.26099014282227 70.589064165949821 79.234122902154922 339.30410803854465 336.66276581585407 419.07010455429554 466.7684755474329 1469.4071466326714 151.81721138954163 140.04467105865479 74.502055168151855 1417.4253656864166 261.37561970949173 191.63872869312763 3744.9058507010341 140.49153207987547 137.39505916833878 486.93357161432505 78.65457409620285
leaf_count=4893 2439 1846 3101 1335 346 2588 158 622 109 860 2442 272 3953 1871 185 253 57 8421 886 533 21728 299 653 2379 524
internal_value=-0.000171601 -0.00244677 0.00491927 -0.000652264 -0.00656207 0.0106296 -0.00743173 -0.00822173 -0.0163709 0.00403058 -0.0037443 0.0235764 -0.00596596 -0.0258083 0.0204157 0.0240842 -0.00426037 -0.0017065 -0.0064119 -0.0294776 -0.00818329 0.0180979 0.00675861 0.0139115 0.0149739
internal_weight=13969.9 12772.5 5155.07 3623.74 2378.25 1245.49 7617.42 7469.16 2647.9 837.608 4821.26 498.304 4548.34 1810.29 888.829 1197.38 214.547 2039.34 1678.8 1661.05 4211.67 1531.32 764.82 624.329 149.244
internal_count=62753 57550 22632 16862 12754 4108 34918 34760 4791 1241 29969 381 28123 3550 2773 5203 310 12408 9307 2404 25681 5770 3331 3032 1146
is_linear=0
shrinkage=0.032956


Tree=36
num_leaves=26
num_cat=0
split_feature=5 32 53 56 52 56 45 37 54 14 52 2 2 11 36 44 42 13 11 36 25 12 54 35 33
split_gain=700.187 358.701 363.772 304.394 258.068 246.876 279.151 275.613 385.372 342.496 321.666 269.577 238.396 354.212 238.041 200.766 193.618 173.887 219.203 173.086 151.287 145.446 213.671 135.876 194.173
threshold=0.14901357101046978 0.34129034859694812 0.077798091201818423 0.0067429458332095007 6.4193960452576375 0.0024558952830552004 16.224508234573459 1.0087582300480549 0.32775038806348628 -0.11109399365491444 -6.7643098334833516 0.18577280286266215 0.23037104166666669 27.158566800062456 2.5614105284192341 0.076985280750947807 -0.22444569706220763 13.065915598874158 1.5341848964500282 24.262355262987683 0.10398301027319816 0.21398048839472852 0.42549307626765681 0.17569426882560793 0.69009064744107129
decision_type=2 2 2 2 2 2 2 2 2 2 2 2 2 2 2 2 2 2 2 2 2 2 2 2 2
left_child=15 4 23 -4 5 6 17 9 11 16 -11 -9 13 19 -10 -1 -7 18 -2 -5 -15 -6 -23 24 -3
right_child=1 2 3 12 21 7 -8 8 14 10 -12 -13 -14 20 -16 -17 -18 -19 -20 -21 -22 22 -24 -25 -26
leaf_value=0.029005298813910542 -0.0012052076759718866 -0.046834078907199962 0.0086953349006923079 -0.019759134951755044 0.025219027920522465 0.034991672984516539 -0.046596830890287329 0.059364074684508217 0.037475294703336715 0.032971359016514407 -0.031475660786556524 -0.020854157085380052 -0.024637344288648836 0.030460101297698432 -0.015441950309526054 -0.015819685356033234 -0.010558243836789976 -0.019395707767258019 0.034287817218836066 0.022445991692172686 -0.033537519575530195 -0.012831177755745058 0.022033842921826675 0.024002664467528783 0.010168298240845752
leaf_weight=1036.7376651614904 374.19869247078896 67.347266614437103 1418.5679205656052 752.92632614076138 325.7654002904892 107.69800847768784 105.41582649946213 48.188597127795219 342.37171090394258 87.869915217161179 1716.8110210523009 655.66111379861832 841.53098940849304 360.79808131605387 125.8476906940341 120.73465204238892 1557.3610975369811 178.49286793172359 380.98003731667995 122.09471817314625 44.517446421086788 547.97967840731144 292.05105267465115 864.56420493125916 1397.5780690312386
leaf_count=4898 2632 103 7914 2091 1539 830 734 303 744 563 7477 4525 2300 351 468 250 9833 1627 3432 383 98 2148 1089 2921 3421
internal_value=-0.000208921 -0.00244306 0.00353447 -0.00312034 -0.00756768 -0.0104659 0.0040522 -0.013716 0.000101123 -0.0183825 -0.0283256 -0.0153061 -0.01102 -0.00206066 0.0232501 0.0243225 -0.00759791 0.00980276 0.0167163 -0.0138562 0.023383 0.00655312 -0.000700999 0.0136465 0.00752562
internal_weight=13874.1 12716.6 5869.93 3540.44 6846.69 5680.9 1039.09 4641.81 1172.07 3469.74 1804.68 703.85 2121.87 1280.34 468.219 1157.47 1665.06 933.672 755.179 875.021 405.316 1165.8 840.031 2329.49 1464.93
internal_count=62674 57526 19582 13137 37944 33168 8425 24743 6040 18703 8040 4828 5223 2923 1212 5148 10663 7691 6064 2474 449 4776 3237 6445 3524
is_linear=0
shrinkage=0.032956


Tree=37
num_leaves=26
num_cat=0
split_feature=5 9 53 14 24 26 52 24 37 45 59 30 17 3 47 10 63 63 21 57 2 48 21 44 54
split_gain=659.778 365.797 314.094 207.66 222.766 204.521 207.323 198.436 188.967 320.315 287.877 416.744 323.959 272.913 249.44 248.961 262.853 204.495 181.244 178.04 172.057 163.574 152.137 148.321 195.934
threshold=0.14901357101046978 0.11653222126999221 0.086490416476437473 0.54251021542970601 6.6253224475245966 0.075272278890743408 0.5650028701191373 -11.626944651335732 1.0087582300480549 0.42223021072024186 8.9661605427833878e-05 0.5109897683989516 -0.19689443507831331 0.21606639159634577 -6.8083148972221821 0.23007091106360419 12.740893615527165 29.925937029815859 1160.5121285426505 0.19948962109325677 0.24756566666666663 0.0091560146494689531 2036.6617406572518 0.0018431183449778004 0.011645243217670952
decision_type=2 2 2 2 2 2 2 2 2 2 2 2 2 2 2 2 2 2 2 2 2 2 2 2 2
left_child=7 2 5 4 23 6 -2 19 10 13 12 17 -3 14 -10 16 -14 -12 -15 -1 -20 -19 -5 -4 -25
right_child=1 8 3 22 -6 -7 -8 -9 9 -11 11 -13 15 18 -16 -17 -18 21 20 -21 -22 -23 -24 24 -26
leaf_value=0.022950352588562629 -0.0062213935200286204 0.038212544323088606 0.0047433868359258299 0.031366568229443705 0.012901620938909956 0.024966071329002606 0.021518351577011902 0.030344120608799194 -0.02842959170693185 -0.011271172505303382 0.01275320174692011 0.042476001808071949 -0.031508326941518172 -0.033549042569198516 0.03557548447660052 -0.020912486962231747 0.0026307752081718861 -0.035405016250530177 0.03599001375215681 -0.034138989232808406 -0.018194466264665948 -0.012781695711498153 -0.031443034793951934 -0.044570585458906888 -0.010995789334933392
leaf_weight=128.07499612122774 731.9480214715004 181.20933079719543 503.64152406901121 281.10089159011841 549.50980219244957 1000.9822468757629 486.54533486068249 942.75451742485166 74.425561994314194 1052.5748480558395 145.45313696563244 106.20992469787598 275.67876897007227 161.29138314723969 559.77057667821646 982.50366754084826 2151.6206324473023 1065.1078034713864 137.23614877462387 109.27653490751982 117.53248280286789 516.52390379458666 48.588017463684082 220.38158935308456 1298.1115417256951
leaf_count=552 3108 1119 3467 774 3373 2451 2964 4364 171 5612 1080 90 2318 463 1535 5633 13280 1621 789 261 419 753 137 2027 4340
internal_value=8.81864e-06 -0.00219056 0.00460405 -0.00253473 -0.0056933 0.0139338 0.00486125 0.0235679 -0.00681304 0.00157309 -0.0100639 -0.0206871 -0.00463736 0.0144447 0.02804 -0.00692228 -0.0012548 -0.0245877 -0.00629088 -0.00335707 0.011012 -0.0280262 0.0220606 -0.0107493 -0.0158877
internal_weight=13828.1 12647.9 5120.81 2901.33 2571.64 2219.48 1218.49 1180.11 7527.14 2102.83 5424.31 1833.29 3591.01 1050.26 634.196 3409.8 2427.3 1727.08 416.06 237.352 254.769 1581.63 329.689 2022.13 1518.49
internal_count=62701 57524 22641 14118 13207 8523 6072 5177 34883 8989 25894 3544 22350 3377 1706 21231 15598 3454 1671 813 1208 2374 911 9834 6367
is_linear=0
shrinkage=0.032956


end of trees

feature_importances:
gaze_x_min=34
yaw_q25=33
mar_max=32
roll_energy=29
mar_q25=29
mar_variance=29
ear_mean=28
yaw_energy=28
mar_energy=28
yaw_max=27
yaw_coefficient_of_variation=26
yaw_min=25
pitch_q25=24
pitch_max=24
mar_min=24
gaze_y_q75=22
face_velocity_x_max=22
left_ear_min=21
mar_mean=21
ear_q75=20
pitch_min=20
roll_min=20
relative_ear_q75=20
pitch_q75=17
roll_max=17
ear_q25=16
ear_max=16
face_velocity_x_min=16
right_ear_max=15
relative_ear_max=15
gaze_x_energy=15
pitch_energy=15
head_motion_median=15
gaze_y_max=13
gaze_x_max=13
relative_ear_mean=13
gaze_y_median=12
right_ear_q75=11
gaze_y_q25=11
ear_energy=10
left_ear_mean=10
left_ear_q25=9
relative_ear_min=9
gaze_y_variance=9
roll_q25=9
roll_q75=8
head_motion_q25=8
right_ear_mean=7
gaze_y_mean_absolute_change=7
pitch_mean=6
left_ear_energy=5
gaze_y_energy=5
relative_ear_q25=5
right_ear_energy=4
left_ear_max=4
relative_ear_std=4
ear_min=3
gaze_y_range=3
face_velocity_x_maximum_absolute_change=3
left_ear_q75=2
right_ear_q25=2
left_ear_coefficient_of_variation=2

parameters:
[boosting: gbdt]
[objective: binary]
[metric: binary_logloss]
[tree_learner: serial]
[device_type: gpu]
[data_sample_strategy: bagging]
[data: ]
[valid: ]
[num_iterations: 38]
[learning_rate: 0.032956]
[num_leaves: 26]
[num_threads: 2]
[seed: 42]
[deterministic: 0]
[force_col_wise: 1]
[force_row_wise: 0]
[histogram_pool_size: -1]
[max_depth: 7]
[min_data_in_leaf: 48]
[min_sum_hessian_in_leaf: 0.001]
[bagging_fraction: 0.885837]
[pos_bagging_fraction: 1]
[neg_bagging_fraction: 1]
[bagging_freq: 1]
[bagging_seed: 42]
[bagging_by_query: 0]
[feature_fraction: 0.750401]
[feature_fraction_bynode: 1]
[feature_fraction_seed: 42]
[extra_trees: 0]
[extra_seed: 12879]
[early_stopping_round: 0]
[early_stopping_min_delta: 0]
[first_metric_only: 0]
[max_delta_step: 0]
[lambda_l1: 0.00398736]
[lambda_l2: 0.729561]
[linear_lambda: 0]
[min_gain_to_split: 0]
[drop_rate: 0.1]
[max_drop: 50]
[skip_drop: 0.5]
[xgboost_dart_mode: 0]
[uniform_drop: 0]
[drop_seed: 17869]
[top_rate: 0.2]
[other_rate: 0.1]
[min_data_per_group: 100]
[max_cat_threshold: 32]
[cat_l2: 10]
[cat_smooth: 10]
[max_cat_to_onehot: 4]
[top_k: 20]
[monotone_constraints: ]
[monotone_constraints_method: basic]
[monotone_penalty: 0]
[feature_contri: ]
[forcedsplits_filename: ]
[refit_decay_rate: 0.9]
[cegb_tradeoff: 1]
[cegb_penalty_split: 0]
[cegb_penalty_feature_lazy: ]
[cegb_penalty_feature_coupled: ]
[path_smooth: 0]
[interaction_constraints: ]
[verbosity: -1]
[saved_feature_importance_type: 0]
[use_quantized_grad: 0]
[num_grad_quant_bins: 4]
[quant_train_renew_leaf: 0]
[stochastic_rounding: 1]
[linear_tree: 0]
[max_bin: 255]
[max_bin_by_feature: ]
[min_data_in_bin: 3]
[bin_construct_sample_cnt: 200000]
[data_random_seed: 42]
[is_enable_sparse: 1]
[enable_bundle: 1]
[use_missing: 1]
[zero_as_missing: 0]
[feature_pre_filter: 1]
[pre_partition: 0]
[two_round: 0]
[header: 0]
[label_column: ]
[weight_column: ]
[group_column: ]
[ignore_column: ]
[categorical_feature: ]
[forcedbins_filename: ]
[precise_float_parser: 0]
[parser_config_file: ]
[objective_seed: 16083]
[num_class: 1]
[is_unbalance: 0]
[scale_pos_weight: 1]
[sigmoid: 1]
[boost_from_average: 1]
[reg_sqrt: 0]
[alpha: 0.9]
[fair_c: 1]
[poisson_max_delta_step: 0.7]
[tweedie_variance_power: 1.5]
[lambdarank_truncation_level: 30]
[lambdarank_norm: 1]
[label_gain: ]
[lambdarank_position_bias_regularization: 0]
[eval_at: ]
[multi_error_top_k: 1]
[auc_mu_weights: ]
[num_machines: 1]
[local_listen_port: 12400]
[time_out: 120]
[machine_list_filename: ]
[machines: ]
[gpu_platform_id: -1]
[gpu_device_id: -1]
[gpu_use_dp: 0]
[num_gpu: 1]

end of parameters

pandas_categorical:[]
