tree
version=v4
num_class=1
num_tree_per_iteration=1
label_index=0
max_feature_idx=64
objective=binary sigmoid:1
feature_names=ear_q25 ear_energy ear_max ear_q75 ear_min right_ear_q75 right_ear_energy left_ear_mean ear_mean left_ear_min left_ear_q25 yaw_q25 right_ear_max yaw_min gaze_x_min left_ear_energy left_ear_q75 gaze_y_max right_ear_q25 right_ear_mean yaw_max yaw_energy left_ear_max gaze_y_energy pitch_min pitch_q25 gaze_y_mean_absolute_change relative_ear_min relative_ear_std gaze_y_maximum_absolute_change mar_max roll_min gaze_y_range relative_ear_q25 pitch_mean left_ear_coefficient_of_variation pitch_max relative_ear_q75 mar_energy gaze_x_max roll_energy gaze_y_skewness gaze_y_q75 gaze_zone_DOWN_ratio mar_min pitch_q75 mar_q25 roll_q75 gaze_y_variance relative_ear_max relative_ear_mean roll_q25 roll_max yaw_coefficient_of_variation gaze_x_energy gaze_y_median mar_mean face_velocity_x_max head_motion_q25 mar_variance face_velocity_x_min pitch_energy face_velocity_x_maximum_absolute_change head_motion_median gaze_y_q25
feature_infos=[0.0083788665102635003:0.53426916666666657] [0.0001053598312003:0.33898250533923679] [0.013122694053442401:0.94432899999999997] [0.011354431499396999:0.63031089898914883] [0.0048849248210039997:0.48403637783778369] [0.0082456895987575995:0.75684150227522151] [5.3888082153394137e-05:0.3910681323291606] [0.0037319213193970002:0.94061893452023282] [0.0101193441715519:0.57937634034183838] [0.0011081493149321:0.82408618276344969] [0.0027795385822535:0.8884914990821362] [-87.843300373000943:73.507337130643464] [0.013234227082079299:0.98308852865291363] [-89.774900000000002:62.8095] [-1:1] [1.6531427333967638e-05:0.88843152539043957] [0.0041891400210005997:1] [-1:1] [0.0029259164066249999:0.50203549999999708] [0.0067838864630141004:0.60122328888888876] [-70.784000000000006:87.575816391662684] [0.063257490955190995:6907.0026891481102] [0.0067012442580384997:1] [0.00016523901273689999:1] [-89.507599999999996:38.334277891088441] [-87.309804166666652:86.312994946873161] [0:0.45660373594923448] [0.026842127098321199:2] [0:0.74229964469904808] [0:1.4991343277644875] [0.0011399662296383999:1.3423096081488179] [-81.511291666666992:48.235916666666398] [0:2] [0.048528922273789098:2] [-61.736225344218802:80.03774960538091] [0.0050290396128386001:2.0636835551228767] [-49.695900000000002:88.705299999999994] [0.065762077908081501:2] [6.4433433417140966e-07:1.3798279971418801] [-1:1] [0.0029115302989455001:5953.747457625218] [-5.4772255750518157:5.4772255750516621] [-1:1] [0:1] [0.0003495423824181:0.92497590143312736] [-57.753962298138696:87.664887499999992] [0.00054670663290629995:1.1174343223860543] [-47.933061977707233:79.883406250000007] [0:0.78836205873355447] [0.076002416292304295:2] [0.058609162951181702:2] [-59.952112027056941:75.843437499999993] [-41.161024773834384:87.296250000000015] [0.00099300849989080006:4608.71739949332] [0.0001081769432244:1] [-1:1] [0.00075653638626249999:1.1629250188169586] [-0.11059357930213699:4.4320190274300622] [0.45304110495033117:2905.8114905420061] [6.2241968573166812e-09:0.23936123927464559] [-5.6957546391733542:0.058923189295330303] [0.024791535688210801:6625.3556408159457] [0:3.4675460904739666] [0.67736477706958764:3341.9565788710379] [-1:1]
tree_sizes=3464 3493 3507 3485 3491 3499 3500 3495 3514 3497 3470 3499 3492 3488 3489 3474 3485 3507 3492 3264 3508 3490 3495 3514 3488 3497 3488 3480 3486 3495 3501 3489 3493 3497

Tree=0
num_leaves=31
num_cat=0
split_feature=0 9 40 53 22 64 46 14 34 52 60 1 60 12 50 44 30 5 25 36 56 1 40 29 25 25 61 12 46 13
split_gain=4384.14 1638.11 967.621 919.793 670.795 610.027 582.782 684.748 514.651 512.415 466.801 463.702 461.988 361.586 356.71 352.575 347.038 319.65 301.362 398.492 300.591 289.832 290.151 247.464 238.857 215.8 208.599 206.321 155.349 139.064
threshold=0.15242055179480687 0.13103783048676856 24.931512081553809 0.086490416476437473 0.23489852375186257 -0.30215263776272694 0.16721640129920376 0.38221598741384172 -5.7240558855051153 -2.272840165164296 -0.36022951262695485 0.028923161469109254 -0.14868289060956116 0.19552117253583393 0.85003870916533597 0.10198697197827741 0.5109897683989516 0.20868275058459332 -11.471722679446554 -4.6068683842040601 0.0022594487685250503 0.021648297999690206 10.970820296499339 0.12951672712296122 14.980675299537054 -7.8821182342479821 62.394991625714333 0.31227202758723516 0.040310154790479058 33.112872548120912
decision_type=2 2 2 2 2 2 2 2 2 2 2 2 2 2 2 2 2 2 2 2 2 2 2 2 2 2 2 2 2 2
left_child=10 3 5 14 12 8 7 20 -3 17 28 -11 16 -6 29 21 -4 -7 -16 -20 -5 -12 26 -14 -15 -17 -23 -9 -1 -2
right_child=1 2 4 6 13 9 -8 27 -10 11 15 -13 23 24 18 25 -18 -19 19 -21 -22 22 -24 -25 -26 -27 -28 -29 -30 -31
leaf_value=0.024070330071654499 0.05796175822029128 -0.11408027992178051 -0.027552614595982058 0.05870588697489082 0.048876936728317527 0.063689876081234054 -0.093718295116516512 0.089150698599437347 -0.012791133770935877 0.043094035064359791 0.1088189215513224 -0.0569631360155528 0.022788910853058876 -0.034621316754626 0.10857194609273241 -0.047430599639663028 0.11886321494416298 -0.048901180116714509 -0.048178328781579634 0.034737469258465076 -0.027519650462249627 -0.013706424105169233 0.088296382269661439 0.088909623105657198 -0.096551414474742137 0.077151209412963828 0.07882486526989553 -0.0041995600508394791 -0.078622662245438041 0.11401665077043331
leaf_weight=195.95668387413025 448.25967380404472 858.941536270082 742.78739094734192 165.45872011780739 160.91175270080566 264.9368142336607 283.05362319946289 338.23404565453529 236.4733921661973 184.87399718910456 1109.6228222772479 2257.9982939139009 556.04442554712296 1139.6719297915697 141.8998928964138 122.40020720660686 64.638230681419373 143.21303054690361 281.10658168792725 894.97456362843513 1504.4671282172203 234.65192039310932 668.4468606710434 335.23283845186234 288.27358011901379 87.902914598584175 145.53392757475376 117.903244972229 74.88486123085022 258.94368743896484
leaf_count=589 1856 160 2007 1290 873 1561 258 796 481 1244 3869 14051 3257 4153 390 141 27 910 693 4369 7845 1231 1666 506 1526 142 758 365 196 149
internal_value=0.000448693 -0.0155552 -0.0333864 0.0135345 -0.00902689 -0.0536759 -0.011848 -0.000931912 -0.0922277 -0.0388522 0.0711904 -0.0493848 0.0175264 -0.0374131 0.0437252 0.0798333 -0.0157758 0.0241737 0.0250243 0.0149088 -0.0189637 0.0871529 0.0641924 0.0476888 -0.0471484 0.00469179 0.0217618 0.0650394 -0.0044004 0.0785417
internal_weight=14307.7 11668.3 7234 4434.3 3287.56 3946.44 2409.12 2126.06 1095.41 2851.02 2639.4 2442.87 1698.7 1588.86 2025.18 2368.56 807.426 408.15 1317.98 1176.08 1669.93 2158.26 1048.63 891.277 1427.95 210.303 380.186 456.137 270.842 707.203
internal_count=57359 48767 30756 18011 12349 18407 10554 10296 641 17766 8592 15295 5797 6552 7457 7807 2034 2471 5452 5062 9135 7524 3655 3763 5679 283 1989 1161 785 2005
is_linear=0
shrinkage=1


Tree=1
num_leaves=31
num_cat=0
split_feature=0 40 38 7 61 46 49 11 57 62 61 15 46 59 36 11 6 40 61 36 11 13 55 64 31 53 13 38 14 12
split_gain=3897.67 1207.32 1195.85 972.697 775.959 603.844 590.57 506.131 502.619 488.74 473.58 435.77 381.755 366.823 356.402 344.592 286.132 339.885 306.478 267.039 261.566 420.183 259.501 208.793 198.653 162.75 144.069 142.208 120.547 112.538
threshold=0.15599566482769067 21.259535559134282 5.2883739306458102e-06 0.20247465014858837 449.36674312190934 0.1426108746542005 1.0854531165943146 -8.6171420823851506 0.39847946678146379 0.23289821850431097 84.106264540587844 0.053432881893301414 0.16721640129920376 0.0068103092055294004 -8.4274178553591046 33.148387047590489 0.017144335619319651 10.970820296499339 53.624472600046651 17.445307969963661 13.736639201800505 0.53499770131006263 -0.44022827644409018 -0.44223636672189187 -8.4090041666666639 0.76818432667401326 -11.857480585534146 0.020711249275046303 -0.070748239877970936 0.19987031287264764
decision_type=2 2 2 2 2 2 2 2 2 2 2 2 2 2 2 2 2 2 2 2 2 2 2 2 2 2 2 2 2 2
left_child=8 2 20 9 6 11 7 -4 12 15 -8 14 16 -14 -5 23 -1 18 -18 -13 21 26 -11 -3 -24 -19 -2 28 -10 -22
right_child=1 3 4 5 -6 -7 10 -9 27 22 -12 19 13 -15 -16 -17 17 25 -20 -21 29 -23 24 -25 -26 -27 -28 -29 -30 -31
leaf_value=0.10511179829150409 0.0713920138319942 -0.038621425453626644 -0.025464024648625332 0.092255227470156451 0.10327277741218367 -0.10018651852398029 -0.038944608673814225 -0.073177803080806292 -0.030675060627314243 -0.098594307395505135 0.077797413802945331 -0.015317635467197917 -0.054400943259860127 0.073813515993134571 6.538694999394843e-05 0.098036101767582512 -0.016963338579402614 0.09161425337880176 0.075158363318452687 -0.071011105597043878 0.085947833553898928 0.10061364419932725 -0.02874883613797671 0.044559989489017994 0.033010897124396206 -0.007301956253317826 -0.045541316691315968 -0.096138298279947895 0.071909765082534716 -0.089005466670649583
leaf_weight=919.63682312518358 53.850208796560764 126.28967678546906 1149.2900405004621 168.03738647699356 122.28096523880959 296.41818809509277 314.94726455211639 2884.9046612307429 113.19427648931742 93.66644024848938 216.15631571412086 821.55917129665613 167.16274762153625 161.89584159851074 1932.4135335311294 451.93449068069458 303.23669343441725 843.28733444958925 237.71946708112955 519.02143144607544 16.514326579868793 330.62877718359232 321.87880864739418 933.5824271440506 477.25107917189598 66.224413812160492 137.40224504470825 66.592321753501892 67.042603932321072 69.365792073309422
leaf_count=3360 351 114 6455 795 656 277 1324 12353 430 100 849 3442 205 111 8063 613 1611 2098 1226 2316 155 2721 843 3300 1304 323 1113 168 190 562
internal_value=0.000123298 -0.0159365 -0.0372051 0.00240134 -0.0476065 -0.0170013 -0.0516569 -0.0595888 0.0624667 0.0325563 0.00859247 -0.00982416 0.0700586 0.00869359 0.00745757 0.0536113 0.0785753 0.0617249 0.0235456 -0.0368955 0.0429969 0.0591723 -0.00310518 0.0346371 0.00813279 0.0844117 -0.0125325 -0.0205311 0.00756111 -0.0551084
internal_weight=14383.4 11437.4 5295.34 6142.05 4687.58 3737.45 4565.3 4034.19 2945.99 2404.6 531.104 3441.03 2699.16 329.059 2100.45 1511.81 2370.1 1450.47 540.956 1340.58 607.761 521.881 892.796 1059.87 799.13 909.512 191.252 246.829 180.237 85.8801
internal_count=57428 47706 26539 21167 21637 14893 20981 18808 9722 6274 2173 14616 8934 316 8858 4027 8618 5258 2837 5758 4902 4185 2247 3414 2147 2421 1464 788 620 717
is_linear=0
shrinkage=0.0607864


Tree=2
num_leaves=31
num_cat=0
split_feature=0 35 11 37 59 30 1 2 39 36 1 38 42 57 20 61 60 56 40 30 60 46 14 12 40 42 57 36 46 37
split_gain=3501.18 1147.62 834.053 809.065 774.66 913.823 701.297 550.229 512.892 489.735 471.354 361.224 357.659 331.94 314.754 288.113 283.671 271.038 435.317 255.31 212.515 210.755 204.466 202.295 209.503 249.883 207.561 176.325 151.628 134.322
threshold=0.15599566482769067 0.11430420089253655 34.948972569106253 1.0311442399602979 7.4490466615239516e-05 0.5109897683989516 0.044054587398532859 0.24364462375398677 0.72948315956595644 -5.9776136028166666 0.022550878604661252 0.00021651083501790001 -0.20515426839729317 0.28555053032161687 56.240322407240562 89.425186835483871 -0.20209724386223887 0.0022230196044003008 17.231367730209957 0.0053696241762564512 -0.063450169773094436 0.049035787609355959 0.44168314166990658 0.24899035875537287 7.9814695135926046 -0.11315784908069589 0.23135580464518007 9.057964816481638 0.013973116847050052 0.83777571836567344
decision_type=2 2 2 2 2 2 2 2 2 2 2 2 2 2 2 2 2 2 2 2 2 2 2 2 2 2 2 2 2 2
left_child=10 3 7 4 6 20 9 17 15 -2 13 22 -8 -1 -4 19 -10 -3 -19 -5 -6 -15 -9 24 25 27 -26 -12 -25 -28
right_child=1 2 14 8 5 -7 12 11 16 -11 23 -13 -14 21 -16 -17 -18 18 -20 -21 -22 -23 -24 28 26 -27 29 -29 -30 -31
leaf_value=0.094127174308463984 0.068793864276266464 0.066420358755833117 0.090129379504476248 0.025096407513791615 -0.083704160883839654 0.096942144369328437 0.055884707512780657 -0.025093848475082826 -0.0082360916475615192 -0.011467766671122617 -0.056781611375810497 -0.084011917670535799 -0.056032674867081897 0.054523923009408178 -0.037393488596085364 0.031090612752985868 0.097764731228526192 -0.026269870733650589 0.028497842655559498 -0.073055019439422261 -0.00099744454852282644 -0.081504672465305433 0.073409663201400244 0.043955683129093648 0.074610992724691461 0.065658199686957727 -0.067245844003725533 0.067061941082628237 -0.09264629692063843 0.035888786294912309
leaf_weight=1294.705721475184 340.46642524003983 312.26012973487377 559.47043132781982 137.74152905493975 1867.3094181120396 115.58493041992188 111.83817979693413 475.87410891056061 132.08140635490417 1596.0362051948905 204.83974734693766 406.69265246391296 1777.3835679963231 119.67834544181824 81.754828453063965 305.24136567115784 316.64916777610779 910.88997446745634 1302.5917768105865 336.83615212887526 122.32476481795311 64.373570442199707 92.665524482727051 49.07231792807579 687.83142690360546 158.60809346288443 62.589578352868557 53.188670955598354 76.136870265007019 179.47602527588606
leaf_count=4496 2161 2320 963 1023 2530 82 656 1763 272 10374 861 885 9223 301 258 1943 318 5778 4623 1556 762 168 324 199 1680 864 160 306 100 567
internal_value=7.47514e-05 -0.0153195 0.0101457 -0.0300524 -0.0393522 -0.0689641 -0.0230515 -0.00153071 0.014841 0.00265521 0.0590353 -0.0403023 -0.0493964 0.0832718 0.0738566 -0.0149538 0.0665852 0.0134438 0.00595915 -0.0445704 -0.0786206 0.00686955 -0.0089966 0.0346664 0.0415395 0.00571026 0.0575828 -0.0311856 -0.0391402 0.00915153
internal_weight=14252.2 11301.7 4142.2 7159.49 5930.94 2105.22 3825.72 3500.97 1228.55 1936.5 2950.5 975.232 1889.22 1478.76 641.225 779.819 448.731 2525.74 2213.48 474.578 1989.63 184.052 568.54 1471.74 1346.53 416.637 929.897 258.028 125.209 242.066
internal_count=57516 47814 16914 30900 25788 3374 22414 15693 5112 12535 9702 2972 9879 4965 1221 4522 590 12721 10401 2579 3292 469 2087 4737 4438 2031 2407 1167 299 727
is_linear=0
shrinkage=0.0607864


Tree=3
num_leaves=31
num_cat=0
split_feature=9 8 12 37 30 59 53 17 36 14 46 63 5 42 11 53 57 46 6 20 3 39 44 4 9 39 14 58 47 44
split_gain=2984.09 1095.9 900.362 742.471 685.537 918.597 658.639 611.768 609.398 535.604 360.911 340.118 325.356 385.077 347.313 284.596 270.493 242.475 216.474 191.312 178.941 179.225 168.415 166.182 133.356 131.837 123.452 96.1476 95.3917 69.8399
threshold=0.11653222126999221 0.15029177640160152 0.16683586674185522 1.0311442399602979 0.5109897683989516 8.1408862669489883e-05 0.095438676006173714 -0.19689443507831331 -3.2898738490515318 0.54251021542970601 0.18022511332957428 28.48318983011594 0.16389284330735687 -0.21274013335160294 35.552894182768924 0.27238683333580715 0.25151053519868816 0.10855093701426521 0.040927013591935554 59.554884514217626 0.24022005262864088 0.72948315956595644 0.0028621652915291006 0.16342134337645917 0.04812371205758826 0.86257051089781933 0.0096878454598157519 11.972428028265556 -0.05434196954852314 0.15965358405255217
decision_type=2 2 2 2 2 2 2 2 2 2 2 2 2 2 2 2 2 2 2 2 2 2 2 2 2 2 2 2 2 2
left_child=1 16 23 4 5 7 12 -4 20 10 15 -7 13 -3 18 -8 29 26 -14 -11 21 -5 28 -2 -15 -24 -18 -25 -10 -1
right_child=2 6 3 8 -6 11 9 -9 22 19 -12 -13 14 24 -16 -17 17 -19 -20 -21 -22 -23 25 27 -26 -27 -28 -29 -30 -31
leaf_value=0.088321004009398518 0.077386058872356583 -0.095503047886462689 0.083553287133578583 0.014631250902651197 0.097654365973584012 0.016033896032260905 0.017496920310927654 -0.029513765671526047 0.03701771333698714 0.084884583808102418 -0.089281417131178084 -0.079249371388537646 0.047677137090142339 -0.044651248326228549 0.10023113513306001 -0.031018906135149963 -0.0038854925379826462 -0.084224464361625173 -0.0078860335740046032 -0.036814126194747075 -0.048683055829373656 0.09618596448585616 -0.06670961190834071 -0.10605908170016572 0.079071239179641747 0.020877789750619158 0.089465887899543475 0.025151753931624481 -0.019499120221806141 0.0042008640552607338
leaf_weight=1277.1790194958448 353.74509117007256 134.44917517155409 185.47662268579006 140.79339534044266 131.98073968291283 148.03927439451218 819.28354449570179 3628.7275223359466 187.53608743101358 281.7065803706646 233.03273618221283 2102.3609164953232 1211.806329458952 44.527708396315575 386.67980164289474 981.60251374542713 89.443189330399036 63.355776906013489 329.37158408761024 57.198052406311035 49.471428453922272 341.02858483791351 330.47513598948717 27.627180442214012 113.66947295516729 78.36640603095293 125.66078268736601 77.711545869708061 266.84802278876305 37.585915088653564
leaf_count=4687 2258 56 1127 850 92 1042 4337 20681 1152 622 181 2484 4994 209 496 5118 384 150 1760 161 185 238 1451 219 379 175 169 415 1448 57
internal_value=-0.000784287 0.0309603 -0.0251803 -0.0301803 -0.0391983 -0.042183 0.0158896 -0.024007 0.00989075 -0.00637728 -0.018169 -0.0729795 0.0396807 -0.0200164 0.0487451 -0.00894845 0.0743941 0.0199339 0.0358035 0.0643248 0.0610852 0.0723883 -0.0216324 0.057449 0.0442207 -0.0499166 0.0507166 -0.00954361 0.00383927 0.0859184
internal_weight=14236.7 6186.55 8050.19 7591.1 6196.59 6064.6 4593.33 3814.2 1394.52 2372.82 2033.92 2250.4 2220.5 292.646 1927.86 1800.89 1593.22 278.46 1541.18 338.905 531.293 481.822 863.226 459.084 158.197 408.842 215.104 105.339 454.384 1314.76
internal_count=57577 23760 33817 30925 25426 25334 18313 21808 5499 10419 9636 3526 7894 644 7250 9455 5447 703 6754 783 1273 1088 4226 2892 588 1626 553 634 2600 4744
is_linear=0
shrinkage=0.0607864


Tree=4
num_leaves=31
num_cat=0
split_feature=0 40 38 22 32 37 60 21 61 57 38 19 61 54 53 6 53 21 13 40 36 56 30 52 63 60 61 55 46 51
split_gain=2689.05 1003.87 972.422 780.006 668.801 467.86 407.851 384.636 380.585 377.9 336.55 382.656 303.092 277.529 242.174 240.421 234.418 233.769 324.873 227.818 326.747 223.85 204.003 269.915 197.143 186.47 174.436 159.746 149.828 137.643
threshold=0.15398130000452429 21.743790515430849 5.6157547640862088e-06 0.23373804257122741 0.50359701540845114 1.0708414979162677 -0.21223554341387238 1148.6025242411306 449.36674312190934 0.27492560920275905 0.00014686519623160004 0.18786451545705113 67.222711930727655 0.48447956156525979 0.03713478688306731 0.019396222223709954 0.081970160737395256 18.260554218467608 12.788139620785996 9.5762071087145149 9.3710213607278607 0.0048543317342113002 0.5109897683989516 3.2637044195846978 211.7346106744852 -0.40911996354737684 84.106264540587844 -0.11798102824115318 0.057797610502716805 -2.9923844399496944
decision_type=2 2 2 2 2 2 2 2 2 2 2 2 2 2 2 2 2 2 2 2 2 2 2 2 2 2 2 2 2 2
left_child=9 2 17 6 5 8 22 21 -4 15 11 25 16 -13 -12 -1 -6 -2 -19 20 27 -8 23 -3 -9 -5 -7 -17 -11 -16
right_child=1 3 4 10 12 26 7 24 -10 28 14 13 -14 -15 29 19 -18 18 -20 -21 -22 -23 -24 -25 -26 -27 -28 -29 -30 -31
leaf_value=0.084492618448680668 -0.035884025534133078 -0.055075789114833386 -0.058791898327365401 -0.030080298716839472 0.025499003097825535 -0.017516330555752094 0.047244926865679313 0.084010853231437144 0.08949112773529469 0.026756635426460666 0.061616802144412113 -0.040286952737455424 0.071499985155223683 0.013685730441097957 -0.072688527789002144 -0.059788270600925668 -0.059417839399323616 0.075348677190938462 -0.051376894931182478 0.063141671253747048 0.094915681896133391 -0.0027794470874346142 0.095203072038528305 0.01266110526928133 0.0029662594839598802 0.053791207582831312 0.08482669516047292 0.072774604335424195 -0.050705646734496124 -0.0053235640931528824
leaf_weight=1159.3053191304207 131.29233764857054 368.35016693919897 3699.524060100317 123.53485989570618 258.2173011302948 131.94159100949764 595.52354389429092 726.85838532447815 64.724675565958023 308.11142301559448 64.71058389544487 996.01147985458374 224.40832245349884 544.06068408489227 623.60199486464262 192.25202621519566 223.90907761454582 452.10412901639938 89.229285068809986 751.14603066444397 98.980692476034164 742.03167694807053 66.062270402908325 529.12943754345179 130.89739871025085 468.2047826051712 114.71106307208538 40.309482172131538 131.20681524276733 136.69440523535013
leaf_count=4333 1071 877 17477 460 631 638 3642 1367 320 981 244 4364 907 1915 1563 945 1073 3619 749 1567 678 1738 50 1906 344 2193 587 232 305 542
internal_value=0.00033661 -0.0124392 -0.0315637 0.00441715 -0.0413129 -0.0509182 0.0254185 0.0398867 -0.0562326 0.0551522 -0.0180196 -0.00525844 0.013213 -0.0212215 -0.0509749 0.0652522 -0.0139552 0.0367951 0.0544365 0.0446255 0.00264805 0.0195008 -0.00754829 -0.0151526 0.0716506 0.0362727 0.0301432 -0.0367217 0.00359535 -0.0605866
internal_weight=14187 11505.7 5390.06 6115.67 4717.44 4010.9 3158.85 2195.31 3764.25 2681.31 2956.82 2131.81 706.535 1540.07 825.007 2241.99 482.126 672.626 541.333 1082.69 331.542 1337.56 963.542 897.48 857.756 591.74 246.653 232.562 439.318 760.296
internal_count=57318 48277 27072 21205 21633 19022 9924 7091 17797 9041 11281 8932 2611 6279 2349 7755 1704 5439 4368 3422 1855 5380 2833 2783 1711 2653 1225 1177 1286 2105
is_linear=0
shrinkage=0.0607864


Tree=5
num_leaves=31
num_cat=0
split_feature=9 8 12 53 59 37 59 17 36 14 42 21 39 63 12 55 44 21 44 46 25 14 0 16 20 61 24 58 30 61
split_gain=2383.82 831.686 703.211 616.284 585.834 595.354 633.96 561.356 445.035 434.896 327.502 302.466 299.868 299.709 295.659 233.188 230.792 198.754 191.803 183.247 166.449 139.281 115.629 109.562 104.089 101.145 93.7864 83.8354 57.6144 46.4578
threshold=0.11653222126999221 0.14951358410074969 0.16683586674185522 0.085416085916372661 0.016295213301080903 1.0311442399602979 8.1408862669489883e-05 -0.19689443507831331 2.2017910861610028 0.54251021542970601 -0.36192857649841997 1379.2422869485654 0.68181512054099092 32.317395833333329 0.25635593815213131 -0.28832106245417571 0.0035113936840101504 2036.6617406572518 0.15965358405255217 0.0088064290919864525 -10.586088667957506 -0.0086254227820796985 0.16828907888723213 0.17888914450774876 32.183178649270154 64.281151366895884 -13.237789326740657 11.972428028265556 0.18033350279944013 60.354352604674723
decision_type=2 2 2 2 2 2 2 2 2 2 2 2 2 2 2 2 2 2 2 2 2 2 2 2 2 2 2 2 2 2
left_child=1 18 22 10 5 6 7 -4 12 14 23 20 -7 -8 15 -5 -10 -11 21 -16 -12 24 28 -3 25 -1 -23 -24 -2 -29
right_child=2 3 4 9 -6 8 13 -9 16 17 11 -13 -14 -15 19 -17 -18 -19 -20 -21 -22 26 27 -25 -26 -27 -28 29 -30 -31
leaf_value=0.015544886483932163 0.077829093889727863 -0.097661227183741525 0.08284110141439413 0.059739801044443944 0.086233941494905195 -0.0052689423977959823 0.0096266464089826698 -0.026159174944779189 -0.00057430074982074036 0.076837885230941663 0.093439325713234767 0.094668569452439608 0.075557741027774988 -0.068684260434725669 -0.018822349245066282 -0.0092466822916052981 -0.074192980564119659 -0.05219783278164411 -0.03737145906964958 -0.090110184067545451 0.028513345126016654 0.021962458415167925 -0.10082073442132822 0.004878800787719538 -0.053954992723597044 0.079984790896665645 0.089710954391787334 -0.0040531684656299784 -0.034784354672784207 0.087716174341651423
leaf_weight=158.24173326045275 311.77913326770067 72.712876528501511 183.12232504785061 206.14446848630905 170.00105256587267 288.45694563537836 198.06070820242167 3582.0537656471133 445.33340663462877 310.53475284576416 163.67690405249596 409.34864677488804 411.02096921205521 2034.1392287015915 281.19899553060532 1465.2438943982124 242.90435748547316 51.095422744750977 60.510381698608398 253.27801662683487 1325.8554284721613 82.179327636957169 23.397627733647823 81.227898627519608 37.228735968470573 209.04505607485771 975.69781555235386 59.464709237217903 17.511107906699181 30.567830294370651
leaf_count=1115 2136 20 1126 612 145 1560 1237 20481 2458 714 335 507 354 2287 1099 8505 1029 138 111 267 6181 183 188 222 109 1427 2371 277 75 169
internal_value=0.00103823 0.0295139 -0.0208346 0.0166701 -0.0251987 -0.0277685 -0.0360701 -0.0208492 0.00810895 -0.0031815 0.0414944 0.0484082 0.0422424 -0.0617353 -0.0133137 -0.000725216 -0.0265864 0.0585667 0.0684651 -0.0526484 0.035672 0.0728539 0.0535913 -0.0436882 0.0424489 0.052271 0.0844589 0.000649853 0.0718037 0.0273651
internal_weight=14141 6143.22 7997.81 4620.32 7555.09 7385.09 5997.38 3765.18 1387.72 2567.5 2052.82 1898.88 699.478 2232.2 2205.87 1671.39 688.238 361.63 1522.9 534.477 1489.53 1462.39 442.72 153.941 404.516 367.287 1057.88 113.43 329.29 90.0325
internal_count=57438 23916 33522 18600 30677 30532 25131 21607 5401 11335 7265 7023 1914 3524 10483 9117 3487 852 5316 1366 6516 5205 2845 242 2651 2542 2554 634 2211 446
is_linear=0
shrinkage=0.0607864


Tree=6
num_leaves=31
num_cat=0
split_feature=0 9 40 53 20 56 14 15 57 38 5 44 50 21 45 64 44 5 11 3 40 61 54 61 58 12 20 21 61 53
split_gain=2235.61 898.254 605.986 531.034 397.508 397.185 470.629 329.168 326.987 294.796 301.189 278.88 262.546 238.538 209.244 204.638 200.67 195.729 204.666 186.879 202.654 233.198 169.681 161.983 150.825 142.977 134.559 106.491 100.684 99.2296
threshold=0.15242055179480687 0.12764775000000003 23.328579849343598 0.086490416476437473 39.082135372925357 0.20658577334148673 0.3969737234287764 0.053432881893301414 0.43316971944530519 4.5546124994229423e-06 0.17366131283020417 0.10198697197827741 0.8486671903916857 1160.5121285426505 16.808734155773188 -0.45731199526260552 0.0035539335240481504 0.16969846666431687 -29.635108333333331 0.15567086757329918 9.5762071087145149 61.428182757075099 0.34113912645380967 49.585976785844373 52.760887966422523 0.21509981193149266 53.216992219221943 1320.508230602961 65.258164369255809 0.69225369541979964
decision_type=2 2 2 2 2 2 2 2 2 2 2 2 2 2 2 2 2 2 2 2 2 2 2 2 2 2 2 2 2 2
left_child=8 3 4 12 9 6 16 13 11 23 -11 19 27 15 25 -4 -5 18 -14 -1 21 -21 -19 -3 -15 -9 -8 -2 -13 -22
right_child=1 2 7 5 -6 -7 26 14 -10 10 -12 28 17 24 -16 -17 -18 22 -20 20 29 -23 -24 -25 -26 -27 -28 -29 -30 -31
leaf_value=0.086196111170626089 0.043410980712381655 0.061439900534746308 -0.067675540111400007 -0.004310000984204739 -0.083548354990039403 -0.07353921659146008 0.078027119704856124 0.037730817632409604 -0.027594840119163515 0.0035102669986411543 -0.047655916312388344 0.045784822148680702 0.074945724034628639 0.047941900453180294 -0.078945173058700399 0.00032473421361513656 -0.061280394680025323 0.011493574611080935 -0.07585399802799779 -0.018813148220967423 0.074093450489963852 0.072432612633719223 0.064953101318311252 -0.036224004473767842 -0.015612168104832952 -0.030814154607977932 -0.0031211708282971439 0.091687391717703251 -0.04005538786927941 -0.002967892705212442
leaf_weight=870.70733045786619 394.49813563376665 180.67818377912045 183.57005262374878 1329.7694632932544 681.35124683380127 305.33008575439453 314.50305681675673 138.03827608376741 177.77769494056702 522.11931272596121 2285.8076177090406 80.128261364996433 43.129508972167969 605.17207798361778 289.35689187049866 1470.0156426429749 275.44405074417591 731.69229960441589 140.81428042054176 270.14109138399363 731.58630976080894 167.21962673217058 313.05435657501221 95.680289894342422 178.46002307534218 598.81505715101957 99.270538330078125 296.76827752590179 134.90020594745874 67.393027141690254
leaf_count=2891 1727 1478 162 7472 311 299 757 738 596 2736 12975 143 154 1699 1531 6169 1393 4023 355 1453 2034 917 873 759 355 2258 317 225 168 352
internal_value=-0.00027918 -0.0116289 -0.0246607 0.0105678 -0.0415377 -0.00897369 0.000803692 -0.00630821 0.0518047 -0.032247 -0.0381427 0.0578874 0.0342217 0.00585255 -0.0351803 -0.00723937 -0.0140992 0.0173511 -0.0404056 0.0646158 0.0493935 0.0161093 0.0275322 0.027623 0.0334678 -0.0179591 0.0585748 0.0641796 -0.00804075 0.0675952
internal_weight=13973.2 11473.3 7229.06 4244.27 3765.64 2324.32 2018.99 3463.43 2499.85 3084.29 2807.93 2322.08 1919.96 2437.22 1026.21 1653.59 1605.21 1228.69 183.944 2107.05 1236.34 437.361 1044.75 276.358 783.632 736.853 413.774 691.266 215.028 798.979
internal_count=57320 48766 31171 17595 18259 10238 9939 12912 8554 17948 15711 7958 7357 8385 4527 6331 8865 5405 509 7647 4756 2370 4896 2237 2054 2996 1074 1952 311 2386
is_linear=0
shrinkage=0.0607864


Tree=7
num_leaves=31
num_cat=0
split_feature=0 9 40 53 22 38 60 61 39 12 38 39 12 61 44 59 60 33 24 55 8 50 61 40 59 46 25 47 21 44
split_gain=1960.83 712.085 497.649 435.17 398.212 336.875 299.911 294.371 299.6 293.355 270.566 376.023 261.092 259.268 235.051 225.148 279.226 200.168 195.279 171.74 163.009 148.12 147.3 140.08 131.627 131.069 125.522 110.505 108.627 108.56
threshold=0.15242055179480687 0.12764775000000003 21.743790515430849 0.059252513252751805 0.23287322939766283 5.2883739306458102e-06 -0.36022951262695485 424.17987271989676 0.038368083731164009 0.19552117253583393 6.3348589946855336e-06 0.76217914466314596 0.29165274519920487 101.39319586999805 0.10198697197827741 0.016295213301080903 -0.14868289060956116 0.89732545203934466 14.665168253492018 -0.3666916415208194 0.13727339161602617 1.0447292716661094 65.258164369255809 10.970820296499339 0.0037993662343568002 0.11588927643968787 -3.1273012191773959 -5.5442567133891281 14.483914306336784 0.013677278364979251
decision_type=2 2 2 2 2 2 2 2 2 2 2 2 2 2 2 2 2 2 2 2 2 2 2 2 2 2 2 2 2 2
left_child=6 3 5 17 15 22 29 8 -7 21 28 13 -13 -12 20 16 -4 26 -11 -19 -8 -6 -3 25 -16 -22 -2 -21 -5 -1
right_child=1 2 4 10 9 7 14 -9 -10 18 11 12 -14 -15 24 -17 -18 19 -20 27 23 -23 -24 -25 -26 -27 -28 -29 -30 -31
leaf_value=0.010897292441200893 0.084973661697634567 0.045226650550517125 -0.017446233804727231 -0.039555438607758737 0.066012944673913498 -0.022868349707275262 0.082202238121002122 0.087633868665850406 -0.061610795346820783 -0.025813958965759613 -0.043043936875627756 0.05506714615779993 -0.021686897839532298 0.0035594685105757367 -0.059077151341138452 0.097445713527611624 0.032801875426908239 -0.051374374862617138 -0.087155575522647286 -0.028625848775967806 0.032509943961691871 -0.070723407461776897 -0.042096345414193256 0.064645764009738524 0.041432539882617428 -0.071782257198280658 0.035100050033305248 0.044446835717332517 0.061139928080517769 -0.078980718746430673
leaf_weight=210.50420808792114 363.25282149016857 240.58990011364222 770.90738318115473 45.460887461900711 171.22441193461418 1199.1457317769527 909.60573276877403 61.07781083136797 1918.5475099906325 1416.2755168527365 1117.7494458779693 453.65778325498104 255.83974075317383 728.33536695688963 92.962250709533691 113.80647277832031 868.64942290633917 124.47473531961441 221.53617788851261 96.625469699501991 382.80353187769651 34.931627660989761 101.03375731408596 681.87813777476549 98.972062110900879 49.980776630342007 384.75919281691313 361.7130513638258 293.12378028035164 64.536889553070068
leaf_count=632 424 1965 1963 376 900 7572 3056 306 7085 5045 5392 1117 788 2999 207 72 3857 177 1340 508 2408 233 770 2034 86 38 1810 1889 2156 163
internal_value=0.000747748 -0.00997778 -0.0217116 0.00979 -0.00581014 -0.0379579 0.049575 -0.0441219 -0.0467145 -0.0255286 -0.00343976 -0.010207 0.0273936 -0.0246608 0.0570038 0.0149283 0.00917712 0.0385531 -0.0341314 0.0118327 0.0630984 0.0427473 0.0193811 0.0474839 -0.00727097 0.0204077 0.0593539 0.0290297 0.0475875 -0.0102797
internal_weight=13834 11342.7 7117.73 4224.99 3597.33 3520.39 2491.24 3178.77 3117.69 1843.97 2894.17 2555.58 709.498 1846.08 2216.2 1753.36 1639.56 1330.83 1637.81 582.813 2024.27 206.156 341.624 1114.66 191.934 432.784 748.012 458.339 338.585 275.041
internal_count=57368 48744 31108 17636 13410 17698 8624 14963 14657 7518 12828 10296 1905 8391 7829 5892 5820 4808 6385 2574 7536 1133 2735 4480 293 2446 2234 2397 2532 795
is_linear=0
shrinkage=0.0607864


Tree=8
num_leaves=31
num_cat=0
split_feature=9 3 12 49 14 53 59 59 17 10 55 44 33 63 60 21 38 52 38 46 62 21 17 20 5 22 48 4 58 31
split_gain=1768.31 688.926 602.776 553.61 557.077 501.886 491.919 572.321 469.654 386.688 336.42 443.148 271.144 262.285 257.803 244.366 234.858 217.62 203.3 181.35 170.508 167.709 178.169 143.789 139.769 136.404 133.134 105.592 110.857 93.5004
threshold=0.11653222126999221 0.16292294774047147 0.16822405418342842 1.0547625489830301 0.14912567420037706 0.07587648221325656 8.1408862669489883e-05 0.0093289636901157519 -0.19689443507831331 0.23052286274862119 -0.32511633959406333 0.020548363106014652 0.89633941827842067 28.48318983011594 -0.20209724386223887 92.287350101555305 0.0017096170065482501 -0.99149396606325213 5.2883739306458102e-06 0.18022511332957428 0.23289821850431097 1288.7699201575717 -0.077518959542014695 -19.029805993801244 0.19153956500748567 0.22738808470847088 0.010937722577507051 0.162540441545831 11.972428028265556 -9.6877109977216964
decision_type=2 2 2 2 2 2 2 2 2 2 2 2 2 2 2 2 2 2 2 2 2 2 2 2 2 2 2 2 2 2
left_child=1 19 27 6 15 12 8 13 -4 -10 20 18 21 -8 24 -5 -16 26 -12 29 -7 22 -3 -17 -6 -13 -14 -2 -29 -1
right_child=2 5 3 4 14 10 7 -9 9 -11 11 25 17 -15 16 23 -18 -19 -20 -21 -22 -23 -24 -25 -26 -27 -28 28 -30 -31
leaf_value=-0.0018401969336807912 0.063887986586338999 -0.021955180066846294 0.077596197427373365 0.044615915886976006 -0.069930439277597109 0.082983159042471638 0.01721547795818875 0.046772862370539181 -0.0094338004444128633 -0.054248598540988173 0.05695623286483905 -0.023854025134195125 -0.058869786916057959 -0.070265519350338576 0.0045620744591165548 -0.0075077959595094557 0.087335409589253524 0.047605797069374581 -0.0034031306692342425 -0.0033263747454933307 -0.020730021775075037 0.085468255663258025 0.052478228824375805 -0.061694248303061319 0.020119131704383349 -0.096137930391137563 0.012814040432271684 -0.094424244079707662 0.033489137069602735 0.080988717026240831
leaf_weight=53.19998250156641 355.92254580557346 144.50197719782591 178.78582787513733 145.29196556657553 88.34160753339529 243.92523773759604 135.62016907334328 186.75321197509766 2276.5444364622235 1034.5490453392267 228.93502067029476 163.28128432482481 186.4218919351697 1880.238638818264 180.69114896655083 290.83139133453369 423.54318454861641 290.32289910316467 2040.9676518216729 117.5209846496582 76.846744932234287 450.76280748844147 663.04622376710176 479.09035401046276 225.07563070207834 236.56382612884045 196.07076381891966 33.723571725189686 93.435857452452183 935.39547584950924
leaf_count=223 2331 433 1151 1125 42 636 988 171 13904 5604 1837 258 780 2139 916 1103 336 1581 10540 168 210 494 2555 2479 573 215 926 270 535 3053
internal_value=-0.000157484 0.0247104 -0.0188753 -0.0231013 0.00595338 0.0149652 -0.032456 -0.0549464 -0.0182564 -0.0234413 -0.000634332 -0.00770437 0.0391174 -0.0643777 0.0394119 -0.0275969 0.0626031 0.00796089 0.00269386 0.0680496 0.0581419 0.0557684 0.0391546 -0.0412411 -0.00532191 -0.0666759 -0.0221497 0.0469186 -0.000632198 0.0765324
internal_weight=14036.2 6027.76 8008.44 7525.36 1832.87 4921.65 5692.49 2202.61 3489.88 3311.09 2990.52 2669.75 1931.13 2015.86 917.652 915.214 604.234 672.816 2269.9 1106.12 320.772 1258.31 807.548 769.922 313.417 399.845 382.493 483.082 127.159 988.595
internal_count=57576 23909 33667 30531 6574 20465 23957 3298 20659 19508 13696 12850 6769 3127 1867 4707 1252 3287 12377 3444 846 3482 2988 3582 615 473 1706 3136 805 3276
is_linear=0
shrinkage=0.0607864


Tree=9
num_leaves=31
num_cat=0
split_feature=0 40 38 1 36 26 50 60 42 0 46 46 24 13 46 46 13 13 59 53 53 59 47 13 5 57 26 18 38 46
split_gain=1621.76 641.695 737.836 609.568 503.754 428.644 430.897 320.638 273.385 264.295 250.628 235.415 277.301 231.542 495.788 311.504 209.721 370.843 179.085 166.312 164.248 158.585 205.741 153.482 122.825 98.3898 117.583 99.9779 89.02 76.9571
threshold=0.15242055179480687 21.743790515430849 6.0959981845709857e-06 0.044667046673233561 23.242592161567689 0.065641536510319856 1.0057110481983498 -0.21223554341387238 -0.3851688607171207 0.088519456234028973 0.16721640129920376 0.089922634200267915 14.665168253492018 26.829505335533565 0.067399649975075818 0.049035787609355959 13.065915598874158 0.70339121951978079 0.0053080793509890012 0.76818432667401326 0.086490416476437473 0.016295213301080903 4.1538636683711667 -12.161097544883988 0.19124572923724942 0.18043416634450191 0.069714973306451475 0.13838491277479961 7.0521293566486417e-06 0.0044599163083525002
decision_type=2 2 2 2 2 2 2 2 2 2 2 2 2 2 2 2 2 2 2 2 2 2 2 2 2 2 2 2 2 2
left_child=9 2 16 7 5 6 -4 21 29 -1 19 12 -10 14 -9 -15 17 23 -12 25 -7 22 -3 -2 -18 27 -27 -11 -21 -5
right_child=1 3 4 8 -6 20 -8 13 11 10 18 -13 -14 15 -16 -17 24 -19 -20 28 -22 -23 -24 -25 -26 26 -28 -29 -30 -31
leaf_value=0.077223544023094351 0.054634085565814158 -0.031933149097439391 -0.052748042786790933 0.10805147766710031 0.081060891452646319 0.03186528083175999 0.012128332205494573 0.041196709583529452 -0.0092535977596173279 0.071118034986444673 -0.066481711716014968 -0.078729705049080639 -0.077894157316014678 -0.011604282423319977 -0.034190775418925061 0.087095119253611505 0.077605567931551267 0.079821596033269035 0.034016608071156036 0.069240726859600102 -0.035047183220802088 0.081696266732937589 0.018755399912680527 -0.042739647615884793 -0.087167613140656394 -0.029289177985348479 0.042774238702852713 0.020938378440630147 -0.038972738815031126 -0.0085798694896457809
leaf_weight=658.58861692249775 86.940348438918591 689.62395256757736 3441.1137498691678 75.560629852116108 134.51018432527781 402.33235987275839 424.83369624614716 1192.9545886516571 1809.9936592951417 700.87581450492144 148.65549612045288 261.21501133590937 246.7786321491003 154.79997611045837 441.26301717758179 497.42965412139893 20.839820668101311 392.75265949964523 116.53594493865967 35.36251076310873 203.9134980365634 73.198041915893555 517.6106932759285 189.32250536978245 78.738465614616871 108.33283075690269 363.24169015884399 186.08528988808393 130.43617970496416 28.756243698298931
leaf_count=2006 551 2079 16970 707 737 654 2251 6496 6992 3185 217 332 1410 513 376 382 195 3319 108 301 646 70 1918 1555 645 345 728 910 734 96
internal_value=-0.000565783 -0.0102334 -0.0254793 0.00345066 -0.0346781 -0.0381665 -0.0456181 0.0194308 -0.0200795 0.0443066 0.0321772 -0.0244161 -0.0175035 0.0330673 0.0208374 0.0636773 0.0296441 0.0418964 -0.0223344 0.0416642 0.00935021 -0.00492255 -0.010201 -0.0120595 -0.0525026 0.048677 0.026208 0.0606052 -0.0157757 0.075994
internal_weight=13812.6 11364.5 5375.3 5989.18 4606.7 4472.19 3865.95 3566.88 2422.3 2448.11 1789.53 2317.99 2056.77 2286.45 1634.22 652.23 768.594 669.016 265.191 1524.33 606.246 1280.43 1207.23 276.263 99.5783 1358.54 471.575 886.961 165.799 104.317
internal_count=57428 48894 27523 21371 21258 20521 19221 11834 9537 8534 6528 8734 8402 7767 6872 895 6265 5425 325 6203 1300 4067 3997 2106 840 5168 1073 4095 1035 803
is_linear=0
shrinkage=0.0607864


Tree=10
num_leaves=31
num_cat=0
split_feature=0 41 31 30 37 38 18 57 0 13 13 38 30 30 3 21 61 63 13 14 38 21 14 52 45 38 14 36 56 33
split_gain=1434.22 570.82 347.667 345.962 338.291 410.054 295.288 279.769 240.198 236.205 194.122 181.399 189.043 181.169 161.209 255.61 139.598 131.447 131.39 126.965 123.393 118.07 95.3945 71.3725 60.5068 59.8478 70.3128 59.7729 51.266 64.0053
threshold=0.15599566482769067 1.2831364255191058 4.0248588447431279 0.5109897683989516 1.0441528324221045 0.00052656234406530007 0.18872818589391332 0.43316971944530519 0.095266314414094208 -1.43338036483623 33.745598610812841 0.036661642840289853 0.44689676261680561 0.017565863166553505 0.23341205878884907 538.43637625321753 77.51393031722867 11.220460062738796 33.112872548120912 0.0035733396005861004 0.060139754340851809 8.0716373484884958 -0.30437521381380822 15.46089446945752 18.79841523724658 0.020711249275046303 -0.058804763456077595 -0.48678759593207765 0.20658577334148673 0.89732545203934466
decision_type=2 2 2 2 2 2 2 2 2 2 2 2 2 2 2 2 2 2 2 2 2 2 2 2 2 2 2 2 2 2
left_child=7 2 3 4 5 -2 17 8 -1 -6 13 18 20 21 15 -15 -8 -4 19 -10 -13 -3 -23 -19 -18 26 -9 -16 29 -12
right_child=1 10 6 -5 9 -7 16 25 11 -11 28 12 -14 14 27 -17 24 23 -20 -21 -22 22 -24 -25 -26 -27 -28 -29 -30 -31
leaf_value=0.075917430957789439 -0.017087767653698349 -0.057515634097443286 -0.080569079003809371 0.063914165586862012 -0.029556162229103265 -0.048857225600444129 0.043835794426952158 -0.038438755757224108 0.026688683720388927 0.027111891527164773 0.086901461901774002 0.010650886456532924 0.049991776179085567 -0.057783628756515847 -0.089275708882207344 0.030089436058571409 -0.064440655393773263 0.072109020706924237 -0.035633846927395192 0.06426117362146351 -0.079097621758864423 0.0093624065965013745 0.046432221000471417 -0.003061364448719624 0.030804852646186959 -0.083965133054109797 0.052467645584540881 -0.016681574035380221 0.091303598930328064 -0.013910722688733824
leaf_weight=675.2422224059701 4341.6461496725678 57.73229843378067 24.840657494962215 173.69257533550262 419.50996677577496 2294.7973749339581 78.274271726608276 97.697908632457256 598.70286708325148 770.03260482102633 43.497138760983944 102.61596894264221 144.2880859375 173.68596185743809 111.19085290282965 410.78660187870264 177.95453423261642 361.84954825788736 73.650190748274326 749.25344851613045 125.57614326477051 430.59076254814863 634.98426143825054 53.532942533493042 28.339800000190735 54.531495332717896 45.852055080235004 67.478593476116657 148.64857053756714 49.288158632814884
leaf_count=2137 26072 479 190 145 2032 4088 345 376 4047 3047 66 104 122 1100 51 946 760 1719 43 2470 159 1829 4010 189 99 142 151 280 65 184
internal_value=-0.000487619 -0.0103034 -0.0171882 -0.0208409 -0.0227253 -0.0280756 0.0231153 0.0394432 0.045019 0.00712363 0.0179227 0.0333746 -0.00438237 0.0113467 -0.0115042 0.00395369 -0.02512 0.0542899 0.0432659 0.0475866 -0.0387926 0.0268694 0.0314622 0.0624278 -0.05132 -0.0300133 -0.00933328 -0.0619623 0.069196 0.0335265
internal_weight=13519.8 10852.4 8724.47 7999.68 7825.99 6636.44 724.792 2667.41 2469.33 1189.54 2127.88 1794.09 372.48 1886.45 763.142 584.473 284.569 440.223 1421.61 1347.96 228.192 1123.31 1065.58 415.382 206.294 198.081 143.55 178.669 241.434 92.7853
internal_count=57447 47696 38686 35384 35239 30160 3302 9751 9082 5079 9010 6945 385 8695 2377 2046 1204 2098 6560 6517 263 6318 5839 1908 859 669 527 331 315 250
is_linear=0
shrinkage=0.0607864


Tree=11
num_leaves=31
num_cat=0
split_feature=9 2 13 61 5 40 38 25 50 20 46 52 31 59 26 5 46 31 13 14 13 27 61 18 63 36 60 13 62 59
split_gain=1397.66 496.212 488.582 467.499 449.574 405.737 285.39 271.752 255.014 255.525 243.672 236.345 226.125 218.389 185.435 180.766 219.077 166.568 155.98 154.593 149.396 136.841 135.356 130.597 121.436 111.651 96.3912 85.6146 83.5466 74.8966
threshold=0.11653222126999221 0.24613100625558579 7.6406071207324251 69.295385114053559 0.15339814780239289 18.759346935205162 4.6348557906564059e-06 14.042776823453673 1.0242046348658158 -5.9515887518451178 0.0088064290919864525 -10.43098194651315 -9.181957102651241 0.016295213301080903 0.062755210415457521 0.14656315665313116 0.0022095975526863505 -9.6877109977216964 31.845402016723487 0.34328432843284323 -4.2564811337729562 0.49070906354676541 64.281151366895884 0.1775403978505368 42.907029842590127 -5.4282661282752303 -0.27668960251071451 0.9666703522506167 0.18458179843610853 1.8353289794846081e-05
decision_type=2 2 2 2 2 2 2 2 2 2 2 2 2 2 2 2 2 2 2 2 2 2 2 2 2 2 2 2 2 2
left_child=1 2 3 15 24 6 22 11 9 -8 19 26 29 -13 18 -1 -17 21 -4 -3 -9 -16 27 -14 -2 -10 -7 -6 -22 -5
right_child=4 10 14 12 5 7 8 20 25 -11 -12 13 23 -15 17 16 -18 -19 -20 -21 28 -23 -24 -25 -26 -27 -28 -29 -30 -31
leaf_value=0.047015872120169964 0.066407542812617792 -0.021357808524012804 0.038935299465701678 0.014692255296459697 -0.0089421741329213881 -0.024983539055529743 -0.015232716059926694 -0.071397385232357863 0.093326607821210814 -0.057298327738721289 -0.070140110901646749 -0.007961818570969649 0.067892519431965642 0.0737380176774656 0.060813658876286966 0.028292560329001883 -0.044001353646092214 0.064027544486705307 -0.024133847348893865 0.049276303496137971 0.067682047343821633 -0.04658888011558885 -0.051586599658378959 0.015288121151797401 -0.015859023860125044 -0.0041022492116730772 0.087812456864517538 0.076639658771121888 -0.030877026580695952 -0.041389904327042731
leaf_weight=131.19934787601233 293.43372848629951 347.31764313578606 550.9941611289978 310.64148944616318 63.077899366617203 34.393817901611328 720.43970745801926 343.54720459878445 55.51823415607214 2060.8885955512524 260.5229572057724 3256.6379983872175 606.77279279381037 125.13652485609055 79.519528307020664 195.01354645937681 747.63612899929285 1699.2232381999493 196.21385169029236 170.27403321862221 48.077304795384407 96.630005709826946 64.372404769062996 245.0573847219348 85.433266371488571 194.72227761894464 146.33420205116272 136.01677191257477 91.782134473323822 122.2765765786171
leaf_count=908 1954 1294 3549 1226 497 118 4245 1878 191 9217 423 11052 3598 95 542 1452 5245 2604 178 641 180 199 521 1386 190 1101 973 1152 334 438
internal_value=0.000229121 0.02289 0.0299419 0.00986452 -0.0166772 -0.0200105 -0.0358446 -0.00711257 -0.0411183 -0.0464061 -0.0222447 -0.00130704 0.0346014 -0.00492989 0.0479938 -0.0197324 -0.0290393 0.0581961 0.0223693 0.00189984 -0.0498586 0.00192486 0.0248065 0.0527741 0.0478595 0.0176327 0.0663381 0.049563 0.00310338 -0.0011725
internal_weight=13479.1 5759.29 4981.18 2358.6 7719.81 7340.95 3295.04 4045.91 3031.57 2781.33 778.115 3562.5 1284.75 3381.77 2622.58 1073.85 942.65 1875.37 747.208 517.592 483.407 176.15 263.467 851.83 378.867 250.241 180.728 199.095 139.859 432.918
internal_count=57381 23683 21325 14253 33698 31554 16924 14630 14754 13462 2358 12238 6648 11147 7072 7605 6697 3345 3727 1935 2392 741 2170 4984 2144 1292 1091 1649 514 1664
is_linear=0
shrinkage=0.0607864


Tree=12
num_leaves=31
num_cat=0
split_feature=0 9 11 40 46 0 64 13 57 3 42 64 36 5 36 38 25 9 64 25 10 13 36 27 41 1 1 39 61 61
split_gain=1176.44 470.1 341.237 315.498 311.962 280.025 276.794 318.845 247.524 245.405 265.864 253.234 285.184 220.187 211.782 238.187 172.686 220.391 169.542 257.838 156.742 154.853 115.958 108.346 125.294 101.571 97.3665 88.859 82.8287 81.8108
threshold=0.15599566482769067 0.13103783048676856 34.948972569106253 18.759346935205162 0.15325074575137648 0.095266314414094208 -0.30215263776272694 29.944568098647576 0.14679236167562618 0.21128237741069353 -0.36192857649841997 -0.45731199526260552 1.2732479788898823 0.18111115890339061 -9.1128621314885638 7.6574340658474742e-06 -6.5837827093276209 0.16099233223429879 -0.20039904158838362 -6.5837827093276209 0.16679287171161014 19.963309754664852 -4.2844213080829467 0.28651108664587738 2.5041584096682343 0.033258331049987558 0.055988122359940606 0.40848155675733294 81.891275758607449 60.354352604674723
decision_type=2 2 2 2 2 2 2 2 2 2 2 2 2 2 2 2 2 2 2 2 2 2 2 2 2 2 2 2 2 2
left_child=5 2 4 6 14 -1 16 13 23 11 27 -5 -13 -8 -2 -16 -3 -18 19 -10 -4 -21 -12 29 -25 -6 -22 -11 -20 -7
right_child=1 3 20 9 25 8 7 -9 18 10 22 12 -14 -15 15 -17 17 -19 28 21 26 -23 -24 24 -26 -27 -28 -29 -30 -31
leaf_value=0.069261601687479649 0.087420912405717158 -0.085247895532918033 -0.023303877689770242 -0.049680284926542015 -0.00610757511274894 -0.019032188786822755 0.0041650307955816146 0.088082834654065245 -0.064294356800216071 -0.045604354205639054 -0.05818985872921683 0.046801094105664701 -0.0091412806662306088 -0.038550902864114098 0.036636237875575031 -0.0058303229454623462 -0.074565298138071376 0.043737120237811546 0.0021109124212726981 -0.031836881449073623 0.0722019076131796 0.048483151102863553 -0.019250044248355615 0.06240796235124578 -0.026350214853480287 -0.075003226142010535 -0.013219095122036719 0.08755264385212079 0.063348122253748126 0.064320531630754005
leaf_weight=689.96757221221924 113.64589217305183 510.8049393594265 92.000360704958439 216.48085594177246 115.70971847325563 144.84025778621435 602.60679175704718 91.381414949893951 251.0080840587616 22.171342842280865 343.0797084197402 731.38384428620338 623.44672498106956 1713.2173135131598 615.9227082952857 2343.6312400102615 131.09469765424728 103.98638984560966 143.58650559186935 149.71499013900757 450.14277990907431 216.39595329761505 1598.7380191460252 736.58220233023167 63.630561091005802 249.82384418696165 55.22943514585495 105.36091089993715 188.77272117137909 61.700616165995598
leaf_count=2294 425 101 158 196 116 1046 4253 284 311 70 747 2611 3077 11424 4279 10933 112 249 636 615 874 204 6865 3360 277 230 188 589 501 527
internal_value=-0.000355849 -0.00923398 0.00719655 -0.0189951 -0.000172363 0.0359745 -0.0330696 -0.023037 0.0242218 -0.00680304 -0.0205535 0.0113063 0.0210634 -0.0274369 0.00614437 0.00301144 -0.0654165 -0.0222501 0.00195352 -0.0168949 0.0495857 0.0156386 -0.026141 0.0452136 0.05534 -0.0532264 0.0628633 0.0643295 0.0369284 0.00594737
internal_weight=13476.1 10829.9 4036.11 6793.75 3438.73 2646.2 3153.09 2407.21 1956.23 3640.66 2069.35 1571.31 1354.83 2315.82 3073.2 2959.55 745.886 235.081 949.478 617.119 597.373 366.111 1941.82 1006.75 800.213 365.534 505.372 127.532 332.359 206.541
internal_count=57552 47781 17203 30578 15983 9771 16423 15961 7477 14155 8271 5884 5688 15677 15637 15212 462 361 2267 1130 1220 819 7612 5210 3637 346 1062 659 1137 1573
is_linear=0
shrinkage=0.0607864


Tree=13
num_leaves=31
num_cat=0
split_feature=8 9 18 39 20 12 31 56 47 40 64 11 24 62 11 11 57 44 19 39 36 14 20 44 14 51 62 18 56 14
split_gain=1131 490.826 392.501 313.249 381.469 398.904 312.205 383.61 303.101 283.526 420.518 287.854 266.428 268.585 209.83 173.444 171.655 157.357 121.623 119.471 109.541 104.67 96.987 92.8547 66.8909 57.5358 55.2956 56.1858 62.9145 52.4407
threshold=0.15029177640160152 0.14811267191719488 0.14428809616872831 0.7463784111744608 50.088232705140491 0.18433975007371287 2.9314076541474514 0.0026823633040397002 -3.3992539336336876 27.600713703675449 -0.33348521252133073 31.632303693038917 3.0462750686791309 0.20812883840414342 27.653000750100585 2.0197221028656389 0.24332262472054303 0.012198896228300551 0.18401638407737644 -0.60864064529018069 2.4364685012456682 -0.0029407484527359498 -33.817349999999998 0.012198896228300551 0.21662432679300858 -1.0708077640941387 0.38297525645049418 0.13838491277479961 0.0025863839758706506 -0.020176031382222348
decision_type=2 2 2 2 2 2 2 2 2 2 2 2 2 2 2 2 2 2 2 2 2 2 2 2 2 2 2 2 2 2
left_child=16 3 20 6 5 -5 7 15 -9 10 -4 -12 13 -11 -7 -2 26 21 -8 -14 -3 -18 -22 24 -6 -24 27 29 -29 -1
right_child=1 2 9 4 23 14 18 8 -10 12 11 -13 19 -15 -16 -17 17 -19 -20 -21 22 -23 25 -25 -26 -27 -28 28 -30 -31
leaf_value=0.042129876531842893 0.00010862251626844608 0.078348387043149947 -0.076695375250421263 -0.076581767334772566 -0.057271101820052232 0.014158423226143049 0.071313557999851909 0.002452528029639525 -0.036769665108138408 0.033635692278200562 -0.027630443014088815 0.062716344071221453 0.044541886319174044 -0.015754242606803817 0.064768879046170735 0.063075514206183902 -0.014504178911491113 -0.062846040793162763 0.0031258618114274692 -0.041340867623320787 0.094132321785009437 0.071707293245104636 -0.068587728600760026 -0.078752933172283227 0.014631273043682252 0.015167821996251173 -0.025810250462216942 0.066131625499619637 -0.029005119966003613 0.07475176751150657
leaf_weight=238.97125079482794 307.24964871257544 174.63655912876129 675.05609342455864 100.52442043274641 71.651123002171516 445.28846449404955 265.02918243408203 1366.2057263255119 1557.9178578555584 771.75402788817883 2454.8707530647516 137.21860238164663 64.573155522346497 859.50523805618286 946.69308125972748 340.66453782469034 88.106012687087059 81.18512237071991 152.0645709335804 767.02657806873322 38.263961672782898 126.258355692029 47.354641444981098 107.73265063762665 141.6534501761198 82.57166051864624 26.324666023254395 52.297058761119843 49.738111026585102 792.29277160763741
leaf_count=1935 1763 978 326 64 256 948 1417 3721 8040 3416 16443 399 224 2546 1609 2933 399 207 637 4239 137 174 156 210 494 292 44 506 262 2595
internal_value=-0.000177342 -0.0063758 -0.0184551 0.0062663 0.0272097 0.0401383 -0.00325686 -0.00906945 -0.0184466 -0.0222359 -0.0339747 -0.0228383 -0.00666056 0.00761488 0.048588 0.0332352 0.0503948 0.00902487 0.0464818 -0.034653 0.0446874 0.0363139 0.00962816 -0.0328693 -0.00958593 -0.0154804 0.0609315 0.0629552 0.0198264 0.0672126
internal_weight=13330.7 11875.5 6072.83 5802.67 1813.54 1492.51 3989.13 3572.04 2924.12 5730 3267.15 2592.09 2462.86 1631.26 1391.98 647.914 1455.17 295.549 417.094 831.6 342.827 214.364 168.19 321.037 213.305 129.926 1159.62 1133.3 102.035 1031.26
internal_count=57370 51248 29156 22092 3581 2621 18511 16457 11761 27593 17168 16842 10425 5962 2557 4696 6122 780 2054 4463 1563 573 585 960 750 448 5342 5298 768 4530
is_linear=0
shrinkage=0.0607864


Tree=14
num_leaves=31
num_cat=0
split_feature=0 40 56 8 36 20 25 15 60 42 57 59 11 24 20 13 20 1 13 40 13 5 44 25 55 14 51 25 24 51
split_gain=1048.21 451.31 539.544 498.697 452.29 299.619 506.549 405.938 273.661 236.779 209.299 204.984 199.053 196.251 195.309 345.162 187.929 171.796 143.54 138.19 139.986 114.996 114.183 113.146 193.96 81.3819 81.3543 78.4012 77.9981 72.6846
threshold=0.15398130000452429 21.743790515430849 0.0024395856804288502 0.21131446903835169 22.48340966263294 -5.9515887518451178 -11.30243125 0.056729751921619956 -0.2825385741244491 -0.36192857649841997 0.29031892310483493 0.00021439384250810005 33.607329495163704 14.665168253492018 15.130606130513824 0.70339121951978079 -29.461666666666662 0.021306734524634253 -12.161097544883988 10.970820296499339 27.324245471020944 0.18593712747873656 0.013677278364979251 -9.3207228361546353 -0.13388097181671069 -0.070748239877970936 -5.5961069449398488 7.4721044917258501 -14.313438560437042 -3.8467997647710823
decision_type=2 2 2 2 2 2 2 2 2 2 2 2 2 2 2 2 2 2 2 2 2 2 2 2 2 2 2 2 2 2
left_child=10 2 14 8 5 7 -7 -4 26 -5 17 13 16 -11 15 18 -10 28 -2 20 27 -16 25 24 -21 -12 -3 -19 -1 -13
right_child=1 3 4 9 -6 6 -8 -9 12 11 22 29 -14 -15 21 -17 -18 19 -20 23 -22 -23 -24 -25 -26 -27 -28 -29 -30 -31
leaf_value=-0.0041131875649834358 0.055124521995948632 -0.030905999111721941 0.025613944540074873 0.065525685991744007 0.07859609452201366 0.051190718051723205 -0.049212816951166916 -0.050127923520553619 0.067331148449544159 -0.0062659252817049557 -0.018920411965455616 -0.068522672245170127 0.066582843630339603 -0.071640582822405929 0.069466711053498664 0.079949838609756366 0.013789366814165658 0.003890983921501973 -0.040068521611763587 -0.047351260963727299 -0.061669452155067639 -0.066320517670678189 -0.067342671917495142 0.05931652180061691 0.078131418405927633 0.046335442746823635 0.0074575512683681087 0.076590096694118676 0.068777695040916409 0.0024881754058194805
leaf_weight=57.971455246210098 83.95105654746294 439.37395125627518 633.16272304952145 116.69335269927979 137.54940237104893 197.95206674188375 2917.5256202593446 444.74719381332397 274.38062119483948 1527.8210181370378 144.75396784394979 401.15215441584587 399.21301996707916 190.46570837497711 28.550216853618622 351.8851468488574 2047.3958271741867 240.26662483811378 190.7421416118741 110.53608511388302 101.24625790119171 113.09352122992277 85.059205889701843 514.51803367584944 76.755603149533272 137.14066890627146 381.10127800703049 70.614103309810162 832.52272999286652 61.369410507380962
leaf_count=198 509 1550 3873 825 760 673 13257 2387 968 6154 603 868 599 1094 264 3066 7611 1680 1582 153 42 939 239 1407 275 344 1387 603 3505 235
internal_value=-0.000228249 -0.00817146 -0.0213834 0.00336718 -0.0297109 -0.033271 -0.0428273 -0.00564452 0.0176749 -0.0186865 0.0364051 -0.0232043 0.0269527 -0.0135282 0.0255543 0.0401245 0.0201278 0.0441305 -0.010936 0.0282024 0.00026005 -0.0388263 -0.00579562 0.0446011 0.004133 0.0128477 -0.0130918 0.020485 0.0640327 -0.0591067
internal_weight=13309.5 10938.1 5099.16 5838.97 4330.94 4193.39 3115.48 1077.91 3541.46 2297.5 2371.38 2180.81 2720.99 1718.29 768.222 626.578 2321.78 2004.43 274.693 1113.94 412.127 141.644 366.954 701.81 187.292 281.895 820.475 310.881 890.494 462.522
internal_count=57650 48601 27310 21291 20950 20190 13930 6260 12115 9176 9049 8351 9178 7248 6360 5157 8579 7863 2091 4160 2325 1203 1186 1835 428 947 2937 2283 3703 1103
is_linear=0
shrinkage=0.0607864


Tree=15
num_leaves=31
num_cat=0
split_feature=8 30 9 37 59 8 36 58 11 6 6 51 60 31 39 36 30 22 20 18 30 40 4 57 13 17 13 31 24 31
split_gain=953.186 454.225 426.365 367.2 620.625 467.077 301.384 280.038 269.041 258.319 258.128 312.525 192.383 182.131 170.899 123.047 119.32 102.771 99.6785 68.9049 94.9541 63.1905 69.6101 53.0289 41.7209 36.7942 27.3924 18.6563 15.993 2.55215
threshold=0.15029177640160152 0.5109897683989516 0.11653222126999221 1.029396733426468 8.9661605427833878e-05 0.20737725307183869 2.3259829508720444 25.484282295832028 35.552894182768924 0.030233318442628252 0.040927013591935554 -1.205785612418478 -0.25337832468723781 2.9314076541474514 0.72948315956595644 25.946825853000409 0.0053696241762564512 0.22091164306897323 50.088232705140491 0.13838491277479961 0.011688924547927602 6.1694581251104035 0.073450451703230904 0.29031892310483493 -3.6743515833057661 -0.037627444561547145 -22.588559674421564 -0.29852216596595144 -13.833577889917448 0.95440167744582205
decision_type=2 2 2 2 2 2 2 2 2 2 2 2 2 2 2 2 2 2 2 2 2 2 2 2 2 2 2 2 2 2
left_child=12 2 8 4 5 -4 14 -6 10 -10 13 -12 15 -2 -5 21 -8 -3 -11 23 27 -1 26 24 25 -14 -23 -21 -26 -29
right_child=1 17 3 6 7 -7 16 -9 9 18 11 -13 19 -15 -16 -17 -18 -19 -20 20 -22 22 -24 -25 28 -27 -28 29 -30 -31
leaf_value=0.042953508330377005 0.0057015506053279714 0.09293030957313464 0.01322023416578961 0.0069556709621793038 0.01310969797562392 -0.028966000119033965 0.023440827323661304 -0.057998128771299423 -0.072141160017781883 0.074554182418624035 -0.047775132740443996 0.029639911450128315 -0.038801539634133783 0.054691135933533003 0.068748200241930499 0.062673509599866686 -0.031375171501435754 0.019841879854579084 -0.0037522527615027322 0.005775434530331339 -0.07889758378387933 -0.035200069154217105 -0.077793987587632174 0.01109017745661512 0.0382710264783463 0.049044338447949413 0.042520168771262502 0.046550250424877128 0.074505012044907296 0.080972068628717073
leaf_weight=40.176060810685158 2374.8532653972507 199.00150471180677 1859.2796576917171 300.14632502198219 230.24648261070251 2026.1111543849111 205.1940088942647 1829.8484989404678 58.410161644220352 404.8068465590477 669.39008146524429 270.16919255256653 20.271685913205147 317.55277454853058 368.19438600540161 85.71468497812748 512.32497494667768 110.89387912303209 70.46935310959816 24.278464891016483 30.226967357099056 32.252061076462269 87.490583203732967 67.322776585817337 49.31489785015583 121.52062921226025 33.986410796642303 13.366035684943197 760.96652674674988 33.002689324319363
leaf_count=91 11737 199 12333 1780 1285 11148 1339 2205 35 764 2263 1392 208 1617 330 115 2377 146 245 227 122 148 195 189 156 835 164 127 3233 314
internal_value=-0.000108635 -0.0057323 -0.00769077 -0.0165142 -0.0230819 -0.00877931 0.0116603 -0.0500497 0.00783814 0.04812 0.00191417 -0.0255112 0.0473097 0.0114872 0.0410195 0.00219984 -0.0156944 0.0668384 0.0629504 0.0585641 0.0105901 -0.0246092 -0.0423354 0.063305 0.0669906 0.0364075 0.00469304 0.0491182 0.0723207 0.0715562
internal_weight=13206.8 11806.9 11497 7331.35 5945.49 3885.39 1385.86 2060.09 4165.65 533.686 3631.97 939.559 1399.89 2692.41 668.341 279.62 717.519 309.895 475.276 1120.27 100.874 193.905 153.729 1019.4 952.074 141.792 66.2385 70.6472 810.281 46.3687
internal_count=57319 51195 50850 32797 26971 23481 5826 3490 18053 1044 17009 3655 6124 13354 2110 713 3716 345 1009 5411 790 598 507 4621 4432 1043 312 668 3389 441
is_linear=0
shrinkage=0.0607864


Tree=16
num_leaves=31
num_cat=0
split_feature=8 40 38 25 8 54 45 50 21 2 38 42 14 46 13 57 60 21 11 18 46 47 47 23 36 1 47 12 14 13
split_gain=888.614 386.283 415.249 434.611 406.055 347.232 377.052 329.904 302.721 233.631 222.094 357.869 214.948 210.851 228.426 172.396 152.32 134.301 166.307 122.528 116.301 81.7644 89.3233 99.4151 74.669 72.7738 67.3171 67.2144 65.411 57.0351
threshold=0.15629937907341673 19.890394090026135 4.7059460010214338e-06 20.760954539730939 0.21038724980458859 0.34113912645380967 -10.187479459843718 1.0977068647623029 1081.7269058769868 0.24916665450564621 0.015366588505479803 -0.20276825601029844 0.45093658268346298 0.18022511332957428 -6.902062471045844 0.23957750660605417 -0.25337832468723781 18.260554218467608 13.275381603171866 0.12899542441257286 0.15325074575137648 1.4654901344731586 -2.6249889030344762 0.036721236680507911 0.38544854124300715 0.058745723743352608 2.8330892569916903 0.19987031287264764 0.0066413222826125504 -3.6743515833057661
decision_type=2 2 2 2 2 2 2 2 2 2 2 2 2 2 2 2 2 2 2 2 2 2 2 2 2 2 2 2 2 2
left_child=16 2 17 5 8 7 -7 -4 13 15 11 25 -13 14 -3 -10 20 26 -19 29 28 22 -21 -24 -11 -6 -2 -20 -1 -18
right_child=1 4 3 -5 10 6 -8 -9 9 24 -12 12 -14 -15 -16 -17 19 18 27 21 -22 -23 23 -25 -26 -27 -28 -29 -30 -31
leaf_value=-0.018768394963085373 -0.055979982644122739 -0.013155830768448729 -0.041890771360116069 0.096305822178916242 0.074574456200314318 0.081252098397183573 -0.014205244274095192 0.084396758765751256 0.060744434058370503 -0.094980673140883806 -0.063515621597079658 -0.02822540668143177 0.024926532399504438 -0.04326551251925724 0.026224502752067939 0.0081787330406055802 0.026852319280000356 0.071435367422319637 0.078090505785434167 0.045407590970526365 -0.079847050415479182 0.061414198261093275 0.041911115546736911 -0.055464205749877878 -0.0032718497700390532 -0.0098282092154213258 0.065862123384465718 -0.069025077676090105 0.041936903884558376 0.065824325826138647
leaf_weight=106.12591642141342 73.480015680193901 920.02015702426434 2954.7288546264172 106.87783014774323 206.4676550924778 178.39142382144928 1054.575185649097 78.084778822958469 926.58161148428917 47.578103832900524 312.29479026794434 1461.0729238688946 347.74312222003937 310.55279731750488 1331.391541197896 307.03747788071632 165.48339946568012 303.43814409524202 14.4678972736001 110.67790735512972 52.307729005813599 125.63322694599628 56.79157455265522 119.82686339318752 103.74360842257738 46.057730436325073 21.286871284246445 50.127162933349609 170.45116883516312 885.81553071737289
leaf_count=480 609 4741 18529 663 1220 413 2470 629 1583 42 496 6450 1252 230 4988 940 1154 2628 143 385 121 1084 477 544 383 206 178 427 302 3524
internal_value=0.00057651 -0.00580792 -0.0187391 -0.0245348 0.0040855 -0.0275715 -0.000371094 -0.0386281 0.016033 0.038925 -0.0157803 -0.00853689 -0.0180036 0.00365381 0.0101326 0.0476685 0.0402899 0.0359925 0.0525976 0.0486842 0.00290282 0.0205988 0.00268682 -0.0241278 -0.0322895 0.0591893 -0.0284415 -0.0357828 0.0186501 0.059703
internal_weight=12949.1 11156 4835.46 4372.66 6320.54 4265.78 1232.97 3032.81 3946.91 1384.94 2373.64 2061.34 1808.82 2561.96 2251.41 1233.62 1793.11 462.8 368.033 1464.23 328.885 412.93 287.296 176.618 151.322 252.525 94.7669 64.5951 276.577 1051.3
internal_count=57291 49220 26689 22704 22531 22041 2883 19158 12907 2948 9624 9128 7702 9959 9729 2523 8071 3985 3198 7168 903 2490 1406 1021 425 1426 787 570 782 4678
is_linear=0
shrinkage=0.0607864


Tree=17
num_leaves=31
num_cat=0
split_feature=5 9 53 46 40 61 53 25 59 59 42 50 63 24 39 61 51 24 2 14 22 9 38 15 44 30 11 21 47 57
split_gain=730.591 474.383 376.668 261.327 362.889 346.417 334.682 282.667 221.658 288.735 411.052 342.62 270.745 255.027 218.694 211.562 180.757 172.711 142.152 138.526 134.146 128.961 156.881 103.47 99.3203 93.9128 77.7093 99.3436 50.0672 25.8727
threshold=0.14901357101046978 0.14811267191719488 0.22874201474465597 0.16721640129920376 17.603007234006856 117.96413300586983 0.054118135966946757 2.3426081566578389 0.016295213301080903 4.959706400935836e-05 -0.19194503842096447 0.99933828229359645 35.736602414302631 6.8500841629742046 0.72948315956595644 71.291661527930657 -5.5961069449398488 -11.769346683650561 0.19958892509029399 0.37623768321443257 0.21322306546838796 0.067397500000000013 0.00027172604334630004 0.036800258647126112 0.018014550097935806 0.0062643190420088512 -5.4048855444798827 905.79606992099184 2.9610622379580747 0.30133929745684584
decision_type=2 2 2 2 2 2 2 2 2 2 2 2 2 2 2 2 2 2 2 2 2 2 2 2 2 2 2 2 2 2
left_child=17 2 3 4 5 -2 -5 -6 9 10 23 12 -11 -12 -13 20 25 21 -8 -18 28 -1 -23 -3 -22 -17 27 -19 -4 -28
right_child=1 8 15 6 7 -7 18 -9 -10 11 13 14 -14 -15 -16 16 19 26 -20 -21 24 22 -24 -25 -26 -27 29 -29 -30 -31
leaf_value=0.069586265252398846 -0.011358067444624654 -0.039926354378213937 -0.083995874169429469 0.044248658175329948 0.059276615633675075 0.066283351012841468 0.009669370599667616 0.014360190330512532 0.076831578047449986 0.0076510820078361267 -0.0063298342862276721 -0.041550200700787278 -0.063701549202502414 -0.045057759975389855 0.056534513659340584 0.016274712690464477 0.0019901988963608934 -0.0044090079709188552 -0.062648336460044987 0.062144475615232835 -0.0019309555667350777 0.059969260029975435 -0.090291108528059272 0.058363988475833739 -0.079543043594404284 -0.049802962249097943 0.076133871632874536 0.070703871765227272 -0.0051557699735845508 0.018571305283696583
leaf_weight=56.41349832713604 1274.3985747694969 43.915259286761284 251.39300434291363 237.31450617313385 1232.1348690837622 254.3539461940527 137.48778557777405 893.21525967121124 92.480377197265625 236.14196260273457 2653.9598109945655 143.10944896936417 1167.4325189441442 822.79954516142607 202.14076292514801 108.45575442910194 498.60008188337088 129.89213452488184 371.18899643421173 197.07537529617548 280.63676744699478 37.52154091745615 79.304835893213749 376.95090833306313 77.408645331859589 295.23456135392189 561.05515318736434 129.83998859673738 33.818502023816109 30.751368455588818
leaf_count=172 7017 247 1937 178 2878 1166 128 3932 98 1487 16060 578 1622 5469 250 471 2734 610 272 616 1444 334 197 2515 190 1121 2856 540 229 68
internal_value=0.000505336 -0.00374267 0.00799708 0.0174694 0.0241624 0.00157447 -0.0153101 0.0404063 -0.0163081 -0.0178392 -0.00862984 -0.0383571 -0.0516982 -0.0154994 0.0158762 -0.0159188 0.000285388 0.0497397 -0.0431099 0.0190583 -0.0435952 -0.00557537 -0.0419891 0.0480783 -0.018784 -0.0320518 0.0609905 0.0331929 -0.074669 0.0731582
internal_weight=12906.4 11881.6 6142.72 4400.09 3654.1 1528.75 745.991 2125.35 5738.93 5646.45 3897.63 1748.82 1403.57 3476.76 345.25 1742.62 1099.37 1024.78 508.677 695.675 643.257 173.24 116.826 420.866 358.045 403.69 851.539 259.732 285.212 591.807
internal_count=57416 52639 24313 15571 14993 8183 578 6810 28326 28228 24291 3937 3109 21529 828 8742 4942 4777 400 3350 3800 703 531 2762 1634 1592 4074 1150 2166 2924
is_linear=0
shrinkage=0.0607864


Tree=18
num_leaves=31
num_cat=0
split_feature=9 30 23 40 50 56 34 12 13 9 30 14 56 19 54 53 52 20 36 3 27 39 20 40 54 27 22 30 14 9
split_gain=665.696 331.271 315.618 303.264 325.215 296.216 302.788 263.981 254.183 230.2 228.766 203.491 274.364 279.393 174.716 118.277 105.885 95.984 95.917 94.1368 99.0525 91.7248 90.8913 89.3412 87.7077 67.9948 62.1945 56.8599 46.9334 40.2427
threshold=0.087852156278093355 0.5109897683989516 0.067740718509699413 18.759346935205162 1.029418757735447 0.20658577334148673 11.598835836376537 0.16893761440595598 -16.048675884113774 0.14811267191719488 0.0030145141933493502 0.52232119659179799 0.0023081129337931502 0.19820517352285852 0.0098842409930038014 0.12720570254038777 0.51369900898122467 22.613187132573529 29.290232775095692 0.23341205878884907 0.50088268763543009 0.7463784111744608 3.8836937462395951 64.294073704024569 0.2554711849050863 0.19486575282528282 0.19929093494756317 0.0056391645573383017 0.20860673262611923 0.048704847308216052
decision_type=2 2 2 2 2 2 2 2 2 2 2 2 2 2 2 2 2 2 2 2 2 2 2 2 2 2 2 2 2 2
left_child=2 3 11 4 7 6 9 24 15 -5 -9 12 17 14 -14 -4 -6 22 -8 20 25 -22 -1 -7 -2 -10 -18 -17 -29 -19
right_child=1 -3 8 5 16 23 18 10 19 -11 -12 -13 13 -15 -16 27 26 29 -20 -21 21 -23 -24 -25 -26 -27 -28 28 -30 -31
leaf_value=0.0068547115498778823 0.051522476893407894 0.061803384849708806 0.046992121870295292 0.035688274178455909 0.07834366313649084 -0.030528601746684304 -0.039609375803649718 0.023531048133810621 0.0174782182170449 0.0011792103277296036 -0.038963287761686283 0.057260888185237835 -0.044552834621507796 -0.052309867321438858 0.013610837519483984 0.030957729551650038 0.10573370797617566 -0.11380188063488783 0.0042926853310047992 -0.015512678250863032 -0.016969284008650491 0.063242758397990956 0.078375190574070649 -0.090704307373596985 -0.020400009990639605 0.065837955157974956 -0.012758273017011336 -0.043695200344561584 0.034146811242372864 0.018467503822980132
leaf_weight=92.415818464010954 184.60353258997202 232.56788635253906 130.01569899916649 1053.8549061268568 131.92325877398252 282.99759760499001 655.79689660668373 233.12936209142208 120.0635009855032 2214.7195210307837 2976.5166661515832 243.66020584106445 232.3073098435998 453.20893911272287 1059.5804448053241 61.213110156357288 18.426931567490101 17.175550848245621 255.35779142379761 75.96849799156189 127.47119726985693 89.199760518968105 227.07361391186714 134.60654410719872 94.440974324941635 1051.0282095968723 124.09211638569832 228.3247709274292 32.397403441369534 16.245382510125637
leaf_count=616 1628 205 742 2641 886 184 3177 1981 941 10083 14498 766 2091 1691 5277 338 151 144 950 222 447 117 2236 219 317 3176 791 885 68 104
internal_value=4.67835e-05 -0.00969143 0.0197014 -0.0116832 -0.0244784 -0.00120854 0.00367046 -0.0294911 0.0379972 0.0123088 -0.0344216 0.00472977 -0.0013813 -0.0112691 0.00314075 -0.00184996 0.0391914 0.0474676 -0.0273091 0.0502978 0.053904 0.0161106 0.0577233 -0.0499966 0.0271864 0.0608881 0.00282619 -0.0216108 -0.0339831 -0.0500722
internal_weight=12850.4 8593.03 4257.35 8360.47 3763.13 4597.33 4179.73 3488.69 1915.68 3268.57 3209.65 2341.67 2098.01 1745.1 1291.89 451.951 274.442 352.91 911.155 1463.73 1387.76 216.671 319.489 417.604 279.045 1171.09 142.519 321.935 260.722 33.4209
internal_count=57572 37711 19861 37506 20252 17254 16851 18424 6936 12724 16479 12925 12159 9059 7368 2033 1828 3100 4127 4903 4681 564 2852 403 1945 4117 942 1291 953 248
is_linear=0
shrinkage=0.0607864


Tree=19
num_leaves=29
num_cat=0
split_feature=8 59 31 54 46 11 26 60 9 18 57 63 10 36 24 25 53 46 64 13 31 24 24 3 40 37 24 29
split_gain=624.575 358.878 298.182 344.938 422.841 428.311 377.252 257.494 269.157 251.096 142.004 125.819 85.5557 84.8725 149.1 81.7747 57.4762 51.7116 41.0304 40.4349 37.0765 34.6279 34.2387 33.4592 65.4778 19.3237 13.383 3.80063
threshold=0.14951358410074969 0.016295213301080903 3.7138494654618857 0.35460234238763738 0.0023275936791221506 1.5341848964500282 0.074149282492012067 -0.6344089838013629 0.14811267191719488 0.18538486189058542 0.27492560920275905 11.220460062738796 0.097623237577971714 -7.6623615902965012 7.5925121183341551 10.354667344174759 0.76818432667401326 0.2312044357661999 -0.21589929634581367 -47.506111809047425 -0.45245921517764437 5.0635282065659988 -4.6995580146802887 0.16577296095348173 10.019980680608441 0.99433849054699885 -12.93304856289871 0.21791315994195337
decision_type=2 2 2 2 2 2 2 2 2 2 2 2 2 2 2 2 2 2 2 2 2 2 2 2 2 2 2 2
left_child=10 2 3 4 5 -2 -6 19 -9 11 16 22 -12 -11 -15 -13 17 23 -14 -5 21 -18 -4 26 -25 -3 -1 -22
right_child=1 25 9 7 6 -7 -8 8 -10 13 12 15 18 14 -16 -17 20 -19 -20 -21 27 -23 -24 24 -26 -27 -28 -29
leaf_value=0.032842492655349179 -0.022811238688700147 0.083362104425830086 -0.11430474611466344 -0.06879429718289172 -0.034325469517749625 0.039871859122235821 0.0096943448145766428 0.026947206318918868 -0.0061472743222501115 -0.085903623513311475 0.042964400822347017 0.071602923563612822 -0.063382901728918029 0.04304612067418892 -0.034270151821160055 0.012659213665535386 -0.081631318693427671 0.002738204884588299 0.010975017179523833 -0.025824288872159599 0.07045606740225098 0.034121611655932513 0.0085735907142566684 -0.0033519833427972196 0.065905589301486517 0.047407011110692281 0.068171323840220732 0.025290655231114526
leaf_weight=43.536992691457272 770.99425100535154 149.51166382431984 18.838480606675148 151.00962257385254 3852.1289676502347 842.509531468153 884.32475161552429 1833.4159312844276 1798.4282896071672 46.828447669744492 83.28091336786747 433.33357528597116 77.162945382297039 167.42804875969887 203.96617621183395 109.03624542057514 25.610279455780983 64.163971424102783 42.236859194934368 175.57297897338867 15.552314318716528 14.783385045826433 14.733739800751207 84.61432833969593 124.31838097423315 91.063214868307114 627.9768971838057 13.364485159516333
leaf_count=149 5039 228 141 562 21593 7398 2488 4012 4933 158 223 2361 198 737 949 446 202 99 200 547 172 120 134 643 529 105 3203 136
internal_value=0.000824826 -0.00354179 -0.00510665 -0.0081731 -0.0169519 0.00992127 -0.0261066 0.00590987 0.0105605 0.026679 0.0422424 0.0526968 -0.00419969 -0.00916733 0.000593781 0.0597721 0.051524 0.0554427 -0.0371322 -0.0457561 -0.00189336 -0.0393504 -0.0609335 0.0592804 0.0379064 0.0698585 0.0659028 0.0502427
internal_weight=12759.7 11543.1 11302.5 10308.4 6349.96 1613.5 4736.45 3958.43 3631.84 994.165 1216.6 575.942 202.681 418.223 371.394 542.37 1013.92 944.611 119.4 326.583 69.3105 40.3937 33.5722 880.447 208.933 240.575 671.514 28.9168
internal_count=57705 51831 51498 46572 36518 12437 24081 10054 8945 4926 5874 3082 621 1844 1686 2807 5253 4623 398 1109 630 322 275 4524 1172 333 3352 308
is_linear=0
shrinkage=0.0607864


Tree=20
num_leaves=31
num_cat=0
split_feature=9 53 30 49 59 17 3 2 56 63 8 26 44 44 54 51 37 34 39 39 11 31 27 44 42 34 12 11 20 53
split_gain=618.733 296.925 284.626 279.525 518.153 359.245 384.847 351.779 285.31 268.521 242.254 235.836 199.651 180.412 163.237 162.83 138.179 110.843 109.243 107.83 91.3374 84.0913 72.0829 66.508 76.4026 62.403 55.4809 45.6264 33.1181 32.8831
threshold=0.087852156278093355 0.067962627419002317 0.5109897683989516 1.0547625489830301 8.9661605427833878e-05 -0.20345162670816194 0.17207295748041593 0.24307677821063697 0.038220719908353608 28.957353737190143 0.13567419115258081 0.074149282492012067 0.0040896357587675508 0.0019747812848301001 0.0071376400603268006 -7.5048220612129493 0.93654709123210356 6.7483696477425541 0.72948315956595644 0.81334880690528555 0.25904414129253323 3.7138494654618857 0.5321463895853954 0.0091762925075388017 -0.1624110027604401 9.0551478353775767 0.22429213054305344 -14.233292309644503 15.886725417958635 0.086490416476437473
decision_type=2 2 2 2 2 2 2 2 2 2 2 2 2 2 2 2 2 2 2 2 2 2 2 2 2 2 2 2 2 2
left_child=1 16 3 4 5 29 -7 8 12 17 22 -11 -5 20 -15 -10 -1 -6 21 -16 26 25 27 24 -9 -18 -12 -3 -22 -2
right_child=2 10 -4 7 9 6 -8 23 15 11 13 -13 -14 14 19 -17 18 -19 -20 -21 28 -23 -24 -25 -26 -27 -28 -29 -30 -31
leaf_value=0.060810190338936386 0.096991931802386327 -0.0089374596123027016 0.056727497905742198 0.017894588694839089 0.074738610810046235 0.058205955306822529 -0.013993222360789067 0.031566796103254122 -0.0048995795108381915 -0.058382973251258442 0.014656578866882142 -0.0096533331638087062 -0.053377561641504194 -0.077389771278364661 -0.015644246304703367 0.073180551166212984 -0.01489085560568101 -0.032091848147113633 0.072284439103047174 0.025047077151248816 0.06086653625077753 0.066457460401891821 -0.049393371551577248 -0.072573383886090331 -0.031083962428167192 0.034679103262092961 -0.036915968689792279 0.063051912358881482 0.026977773723545834 0.035111021131080146
leaf_weight=719.02707175165415 128.01524498313665 35.641200445592403 234.16914749145508 645.01976703852415 98.410024389624596 295.3188024610281 3516.9936159998178 86.075574398040771 124.61631924659014 1576.240703471005 323.28372342139482 478.5513992831111 186.9716839119792 130.43563812971115 1047.4560652598739 472.95547162741423 317.3272298425436 56.044592946767807 129.47587645053864 311.95608592033386 192.24905881285667 82.223569370806217 24.911822654306889 110.18911838531494 428.09135007858276 132.74743790179491 100.74699199199677 360.87870040535927 241.25023177266121 43.016732551157475
leaf_count=2474 840 219 205 4333 735 2291 21773 444 137 2101 2057 568 704 1158 4285 624 1700 429 368 1017 1776 456 158 235 1619 633 388 1763 1424 322
internal_value=0.000113162 0.0193457 -0.00929785 -0.0111755 -0.0176204 -0.00452436 -0.00839456 0.00825562 0.024879 -0.0412277 0.0078605 -0.0470384 0.00185889 0.000238746 -0.0125453 0.0569057 0.0423668 0.0359922 0.0223019 -0.00630157 0.0224448 0.0100968 0.0502712 -0.0297973 -0.0205785 -0.00025164 0.00237879 0.0565784 0.0420512 0.0815522
internal_weight=12630.3 4149.61 8480.68 8246.51 6192.59 3983.34 3812.31 2053.92 1429.56 2209.25 2768.81 2054.79 831.991 2347.38 1489.85 597.572 1380.8 154.455 661.774 1359.41 857.53 532.298 421.432 624.356 514.167 450.075 424.031 396.52 433.499 171.032
internal_count=57236 19876 37360 37155 29059 25226 24064 8096 5798 3833 14245 2669 5037 12105 6460 761 5631 1164 3157 5302 5645 2789 2140 2298 2063 2333 2445 1982 3200 1162
is_linear=0
shrinkage=0.0607864


Tree=21
num_leaves=31
num_cat=0
split_feature=5 28 53 55 22 44 14 52 49 40 51 44 53 42 20 12 61 60 2 60 58 37 34 45 56 22 25 44 56 34
split_gain=532.701 377.261 467.577 232.84 290.47 272.595 254.436 232.315 207.856 187.421 167.37 157.585 151.73 147.182 165.276 190.388 145.876 131.826 122.311 112.88 112.258 102.859 90.2586 106.55 77.2156 64.6493 56.8935 51.0437 49.0462 48.7185
threshold=0.14901357101046978 0.047887334680714058 0.076854060883529154 -0.34366020094409649 0.23171084854735427 0.020548363106014652 0.36946543612157451 6.4193960452576375 0.93497157199534131 482.12412611703877 -5.3967627832766736 0.089792442423285754 0.10271786021093791 -0.33938577909418055 37.51163458345868 0.22472924999999996 36.993670367021103 -0.2825385741244491 0.19958892509029399 -0.16927464711698312 13.223318971172391 1.0587995509176413 10.552058827333207 23.310491132937596 0.10433066244016406 0.2390250178777085 -8.4516388571719911 0.15965358405255217 0.005413458614200701 1.693310967945264
decision_type=2 2 2 2 2 2 2 2 2 2 2 2 2 2 2 2 2 2 2 2 2 2 2 2 2 2 2 2 2 2
left_child=17 7 13 4 10 6 -5 8 12 11 -4 -10 19 16 15 -15 -3 24 -7 -2 -14 -6 25 28 -1 26 -9 -19 -24 -27
right_child=1 2 3 5 21 18 -8 22 9 -11 -12 -13 20 14 -16 -17 -18 27 -20 -21 -22 -23 23 -25 -26 29 -28 -29 -30 -31
leaf_value=0.024440427644766578 -0.023737343996309807 0.045713916599088897 0.075667341260934801 -0.012769756127081679 -0.062757193948206086 0.018701455563240703 0.037405402029468349 0.081089720674335827 -0.034648939783378137 0.086804315585899808 -0.0071632329408940106 0.031808251479481221 -0.092365736910653043 0.034142922193702005 0.062380171555628819 -0.0076057161221622302 -0.046423824629600395 0.055975516104612988 -0.059250593512352713 0.052446344587782939 -0.0040677263960206605 0.028113912936101947 -0.059750276818666563 0.036210192465949878 -0.078109107456742627 -0.030599815004692582 0.026387570607259346 -0.020705260384642033 0.026346661205497699 0.053325694510986531
leaf_weight=65.781092189252377 96.322235286235809 94.025419510900974 330.66516035795212 2631.2931614518166 141.6286480948329 85.459233149886131 434.77428072690964 117.62745931744576 2973.4434676989913 49.71183817833662 123.76369716227055 137.63969191908836 69.976419843733311 1385.1197130233049 462.72865229845047 569.32943306863308 193.43870373815298 775.22771540656686 564.10372318327427 280.2051804214716 218.01192869991064 67.791082851588726 129.1817961037159 100.73304319381714 45.585891701281071 82.286965742707253 175.13200959563255 33.255947589874268 29.874860972166061 36.571538433432579
leaf_count=231 346 128 396 15755 194 175 1421 537 15640 479 292 516 558 6420 566 2859 232 4397 716 1838 1178 183 514 361 117 295 763 63 128 178
internal_value=-0.000238483 -0.00377557 0.00496543 -0.00730704 0.0258417 -0.0132318 -0.00565067 -0.0175453 -0.0233335 -0.0298297 0.0531224 -0.0317049 0.00756544 0.0248357 0.0297255 0.0219825 -0.016264 0.0442745 -0.0489893 0.0329523 -0.0256258 -0.0333436 0.0154262 -0.0126155 -0.0176708 0.0331196 0.0484509 0.0528122 -0.043552 -0.00467974
internal_weight=12500.7 11580.8 7084.12 4379.48 663.849 3715.63 3066.07 4496.72 3825.31 3160.79 454.429 3111.08 664.516 2704.64 2417.18 1954.45 287.464 919.851 649.563 376.527 287.988 209.42 671.408 259.79 111.367 411.618 292.759 808.484 159.057 118.859
internal_count=57476 52668 29337 19132 1065 18067 17176 23331 20555 16635 688 16156 3920 10205 9845 9279 360 4808 891 2184 1736 377 2776 1003 348 1773 1300 4460 642 473
is_linear=0
shrinkage=0.0607864


Tree=22
num_leaves=31
num_cat=0
split_feature=19 30 9 53 37 30 42 63 60 38 13 44 55 56 44 2 44 10 21 54 44 33 9 13 14 56 30 40 13 21
split_gain=493.534 274.95 280.725 262.338 224.603 318.252 328.827 278.529 219.999 216.168 453.237 169.621 160.546 219.216 127.181 118.297 103.633 89.2493 80.6637 105.573 90.7472 88.889 72.6753 70.7824 61.5981 48.8122 22.7001 17.7593 16.9542 14.3802
threshold=0.14526275982852907 0.5109897683989516 0.090730791217025111 0.06392443432531307 1.0078430842134374 0.023622475028234603 -0.18842736736715601 28.48318983011594 -0.2825385741244491 0.0026306567070094504 25.774536562687469 0.0035113936840101504 -0.28832106245417571 0.17815739159730384 0.0091762925075388017 0.22301309128015676 0.0037950863302736505 0.090003709976392357 1160.5121285426505 0.10592841907129721 0.011000333232780152 0.8154514830228442 0.065578780006544421 -11.857480585534146 -0.078617648735296489 0.026443013651091304 0.0081107471313974014 54.112854981279305 -3.3961922522522872 1320.508230602961
decision_type=2 2 2 2 2 2 2 2 2 2 2 2 2 2 2 2 2 2 2 2 2 2 2 2 2 2 2 2 2 2
left_child=8 2 3 14 5 6 -4 -7 22 11 -11 -6 23 -14 16 -3 -2 28 19 21 -21 -19 24 -5 26 -24 -1 -20 -10 -16
right_child=1 15 4 12 9 7 -8 -9 17 10 -12 -13 13 -15 29 -17 -18 18 27 20 -22 -23 25 -25 -26 -27 -28 -29 -30 -31
leaf_value=0.018814176841688644 0.031827141206724002 0.086881372903999693 0.04843264932153523 -0.021151407079578747 0.003379145348522922 0.025426162717146213 -0.013829899438582689 -0.045976603656870896 0.028675592348005603 -0.040778133711117957 0.065958180839267383 -0.045335941677588754 7.1080964342854747e-05 -0.063938246165459081 0.050237102909761716 0.0027201709874903265 -0.038607325966015724 0.020635077594683242 0.070043005503414607 0.022493724886318026 -0.036435040557455028 0.079903293237093789 -0.0075684510121707266 0.065680789346542673 0.057361670415875053 -0.082697062569852139 -0.046351486099063186 0.026744029402749964 0.07218228901115345 0.078813677784956793
leaf_weight=30.905786797404289 499.14944039285183 170.80590471625328 350.12620514258742 43.315163120627403 1038.4232816323638 227.35142683982849 2959.517451968044 1783.2910673618317 37.863398522138596 213.22192358970642 471.23175978660583 353.73094639182091 1680.4344996213913 223.6368448138237 100.8471123278141 96.531758934259415 90.924359738826752 220.31749878823757 202.96763922274113 274.696847692132 148.35750240087509 162.55457191169262 55.225015707314014 170.29935784637928 61.292681284248829 75.721905842423439 53.404313251376152 43.142005108296871 312.39743868261576 202.40056285262108
leaf_count=157 3145 183 2309 192 6501 1810 18161 2922 317 573 500 1469 9680 235 273 151 421 1916 471 993 217 1996 197 628 121 171 214 199 1221 88
internal_value=0.000541819 -0.00427664 -0.0058411 0.00980506 -0.0122103 -0.0188275 -0.00723785 -0.0378992 0.0311743 0.0047433 0.0327028 -0.00900867 -0.00184991 -0.00745929 0.037422 0.056544 0.0209541 0.0409444 0.0320733 0.0227505 0.00181273 0.0458583 -0.0183533 0.0480663 0.0111931 -0.0511382 -0.0224877 0.0625114 0.0675192 0.0693929
internal_weight=12354.1 10675.2 10407.9 3011.01 7396.89 5320.29 3309.64 2010.64 1678.85 2076.61 684.454 1392.15 2117.69 1904.07 893.321 267.338 590.074 1402.3 1052.04 805.926 423.054 382.872 276.55 213.615 145.603 130.947 84.3101 246.11 350.261 303.248
internal_count=57431 49241 48907 14662 34245 25202 20470 4732 8190 9043 1073 7970 10735 9915 3927 334 3566 7330 5792 5122 1210 3912 860 820 492 368 371 670 1538 361
is_linear=0
shrinkage=0.0607864


Tree=23
num_leaves=31
num_cat=0
split_feature=8 17 49 37 24 53 39 24 14 12 38 31 44 1 25 57 38 24 14 27 55 44 16 31 38 42 44 22 21 44
split_gain=481.233 245.175 191.016 300.117 305.856 281.58 244.438 217.393 194.368 197.815 223.554 177.127 175.439 172.766 122.331 121.517 116.257 113.414 102.566 101.709 86.3915 103.765 82.3353 81.4409 78.7129 72.8184 72.4056 70.8066 68.6816 45.9712
threshold=0.15029177640160152 0.24283259813944558 1.0547625489830301 0.93384953143052696 -13.237789326740657 0.090177193285668658 -0.42829324860629686 -11.082188801809805 0.084148895150474565 0.28313351392789071 0.0017096170065482501 -9.3461761241007064 0.0052144798721406507 0.033643838078347858 -10.745580974230821 0.12434459645369465 2.2877019255175153e-05 -14.313438560437042 -0.011641939377242798 0.49584865861586708 -0.27429952640214689 0.12546711672833918 0.23352633413024598 -0.23822075806972162 0.015366588505479803 -0.12270387167197468 0.012198896228300551 0.44861827273391602 82.732625288772113 0.14096934909704081
decision_type=2 2 2 2 2 2 2 2 2 2 2 2 2 2 2 2 2 2 2 2 2 2 2 2 2 2 2 2 2 2
left_child=17 2 3 5 22 7 -6 -2 13 10 -10 15 -7 28 -13 -3 -15 19 23 -1 -16 -22 -5 25 27 -19 -11 -17 -4 -20
right_child=1 11 8 4 6 12 -8 -9 9 26 -12 14 -14 16 20 24 -18 18 29 -21 21 -23 -24 -25 -26 -27 -28 -29 -30 -31
leaf_value=0.03330095586413858 -0.029325216466514113 0.041039079076758564 0.085170248983456487 0.047347796499783504 0.011747089533302025 -0.005571677332099411 -0.033911527146903417 0.033418596371564115 0.0021103770260422205 -0.0043784000349890544 0.063132696994991355 0.071496691343493041 -0.063691285192388702 -0.0014796944225276077 0.057482100981132093 -0.00080445309201606578 -0.046945409202241405 -0.070847826346803325 0.059319426103179279 -0.092353857199949055 0.018230268698206337 -0.054263637576207578 -0.0097216942078702569 0.053708822841891907 -0.065077955281077945 0.01240021949001313 -0.085619488055410559 -0.063548231435414951 0.010836239671514914 -0.010303739001945533
leaf_weight=49.960815280675888 249.38823890686035 142.52146500349045 76.242707438766956 263.28095550835133 495.5933853238821 752.91361880302429 3433.2875367701054 1114.7940870374441 388.27585006505251 113.89047980308533 517.14779924601316 192.83362585306168 257.18391394615173 430.64063061028719 189.19489239901304 428.75269758701324 401.24902915209532 51.552538201212883 692.69245249778032 44.765102058649063 1014.8178534656763 78.201759271323681 144.45303635299206 123.79906680434942 120.75385349988937 153.13256742060184 62.559787034988403 78.232974052429199 114.93029909580946 36.786080211400986
leaf_count=274 456 857 673 1072 2299 4851 17406 5462 1862 438 534 527 805 2701 319 1706 2029 411 2872 140 5364 87 554 1378 400 988 120 299 572 59
internal_value=3.3849e-05 -0.00386171 -0.00842894 -0.0134399 -0.0229508 0.00393256 -0.0281514 0.0219428 0.00754639 0.0255041 0.0369774 0.014069 -0.02039 -0.0114462 0.0264039 -0.0095539 -0.023422 0.0374033 0.0431085 -0.0262246 0.0196012 0.0130247 0.0271397 0.0148786 -0.0210603 -0.00866824 -0.0333169 -0.010531 0.0406034 0.0558045
internal_weight=12213.8 11061.1 8815.83 6710.89 4336.61 2374.28 3928.88 1364.18 2104.94 1081.87 905.424 2245.31 1010.1 1023.06 1475.05 770.261 831.89 1152.69 1057.96 94.7259 1282.21 1093.02 407.734 328.484 627.74 204.685 176.45 506.986 191.173 729.479
internal_count=57515 51393 41834 32905 21331 11574 19705 5918 8929 2954 2396 9559 5656 5975 6297 3262 4730 6122 5708 414 5770 5451 1626 2777 2405 1399 558 2005 1245 2931
is_linear=0
shrinkage=0.0607864


Tree=24
num_leaves=31
num_cat=0
split_feature=8 30 40 61 56 60 33 46 25 11 11 57 56 2 14 44 13 61 31 25 56 20 42 24 31 1 40 64 57 36
split_gain=412.439 292.44 244.406 363.297 402.857 291.594 279.061 218.646 248.159 125.104 119.093 104.894 90.0597 75.8354 49.5306 46.6103 52.7329 73.1894 44.9901 44.4929 42.2835 40.6489 35.6095 33.8751 32.1305 24.8712 27.7044 9.89136 9.62075 7.73794
threshold=0.14951358410074969 0.5109897683989516 18.759346935205162 476.71443057805044 0.0022230196044003008 -0.47591745577759897 1.0158465880196517 0.16721640129920376 2.1147918371543777 13.275381603171866 33.607329495163704 0.24332262472054303 0.096432978954921769 0.22730265430618216 0.040380694412903061 0.18713103945342122 -2.0230455655796589 59.447831396679234 -7.0463252645292807 6.9347234613370707 0.072959239688204364 -18.601516666666658 -0.098357761794686638 -11.481864373660857 -8.5348561082808896 0.020950173480599157 8.9535092367728986 -0.60430037773722833 0.43316971944530519 49.394116666666669
decision_type=2 2 2 2 2 2 2 2 2 2 2 2 2 2 2 2 2 2 2 2 2 2 2 2 2 2 2 2 2 2
left_child=11 2 3 4 9 18 -6 8 -7 -2 -9 15 14 -3 22 16 17 21 20 -20 -4 -1 -13 -14 -19 27 -27 -18 -24 -5
right_child=1 13 5 29 6 7 -8 10 -10 -11 -12 12 23 -15 -16 -17 25 24 19 -21 -22 -23 28 -25 -26 26 -28 -29 -30 -31
leaf_value=0.036680426874987508 0.04152368387890621 0.078476754744884469 -0.033127147196375058 0.094957512920920181 -0.029472137753337273 0.024462482011112202 0.035513411678133475 -0.050874888159886757 -0.0030603554335126362 -0.039825333606619072 0.012660716788780543 -0.064599011883371721 -0.083268142494032651 0.012109555899184922 0.063452923863245927 -0.030283844040113896 0.034833355225429657 -0.016957361582644111 0.012694240411757172 -0.047679315419562232 -0.075917792959305189 -0.067283016771444645 0.045261641264945439 -0.0081746592793540615 0.061556025945009099 0.0096037377296517706 0.059917038967338777 0.068287483218475442 -0.0046529759961480184 0.05044420074113478
leaf_weight=20.447226569056511 479.76106458157301 193.07227104157209 465.38715489208698 101.74370953440666 3764.0830344110727 2587.6875616833568 260.74922040849924 340.72959731519222 2273.9173693135381 81.400186464190483 159.98840118944645 24.796946566551924 46.563547477126122 95.043037720024586 76.834972381591797 28.090644836425781 37.062934875488281 23.373184196650982 133.91697408258915 67.49758492410183 104.62563900649548 41.560084514319897 30.300608444958925 42.270309939980507 104.95775389671326 73.164214372634888 90.520737357437611 399.03443858027458 26.505733400583267 18.658339977264404
leaf_count=118 4292 224 1752 679 20264 9119 1676 334 11309 742 115 108 129 142 130 51 51 140 481 261 310 362 165 107 864 567 387 2529 122 74
internal_value=-0.000305405 -0.00376511 -0.00537254 -0.0157918 -0.0185314 0.00262262 -0.0252588 0.00765022 0.0115901 0.0297025 -0.0305804 0.0358161 0.00111794 0.0566332 0.0285673 0.0462963 0.0490335 0.0210946 -0.0323102 -0.00759454 -0.0410314 -0.0329833 -0.00443504 -0.0477426 0.047247 0.0578788 0.0375102 0.0654806 0.0221065 0.0882586
internal_weight=12193.7 11128.3 10840.1 4706.4 4585.99 6133.75 4024.83 5362.32 4861.6 561.161 500.718 1065.48 247.272 288.115 158.438 818.211 790.121 190.338 771.427 201.415 570.013 62.0073 81.6033 88.8339 128.331 599.782 163.685 436.097 56.8063 120.402
internal_count=57604 51774 51408 27727 26974 23681 21940 20877 20428 5034 449 5830 761 366 525 5069 5018 1484 2804 742 2062 480 395 236 1004 3534 954 2580 287 753
is_linear=0
shrinkage=0.0607864


Tree=25
num_leaves=31
num_cat=0
split_feature=5 28 53 59 3 21 12 2 58 15 24 46 58 36 54 61 20 44 60 1 24 39 24 30 60 45 11 21 16 48
split_gain=417.396 269.078 356.613 244.829 209.939 219.541 448.997 259.907 206.201 189.795 304.656 180.176 172.208 170.405 166.522 163.033 150.931 135.657 128.19 115.869 128.184 112.054 110.03 107.424 93.2691 92.7067 71.6751 104.865 69.7533 68.5241
threshold=0.14901357101046978 0.037691141573775656 0.22874201474465597 8.1408862669489883e-05 0.23213932186479366 1066.8660048455126 0.21777758333333339 0.18159315004641458 22.548453830586023 0.054542525018522102 -7.8474334823587535 0.089922634200267915 10.760230623084999 25.548337180813594 0.2642509909668968 10.39831564208057 4.7771335835549982 0.0015761362436917503 -0.76457555900099117 0.033643838078347858 -10.452031468134834 0.60025833333333334 -12.356348457900337 0.0086893123770342504 -0.17487493488108921 14.324254566586683 -5.4048855444798827 895.52535434962954 0.22797012519569082 0.011953770244858202
decision_type=2 2 2 2 2 2 2 2 2 2 2 2 2 2 2 2 2 2 2 2 2 2 2 2 2 2 2 2 2 2
left_child=22 3 4 9 5 6 -3 -7 21 10 12 -6 -2 17 23 -16 -12 25 -15 -10 -21 -5 24 -11 -1 -4 27 -24 -20 -19
right_child=1 2 13 8 11 7 -8 -9 19 14 16 -13 -14 18 15 -17 -18 29 28 20 -22 -23 26 -25 -26 -27 -28 -29 -30 -31
leaf_value=-0.061644266007609479 -0.063017248001502782 0.023816653958239165 0.018170876374365919 -0.005640575536719903 0.00060366119463196627 -0.031814663150636281 -0.02556584175255875 0.046966689903180009 -0.074664695365078457 -0.065819081689540468 -0.036040393923986488 -0.065143017485407628 0.055031584504558334 -0.064803467818034102 0.12184119795307724 -0.013430048226223632 0.0045184089864416912 -0.055124532848754744 0.03640411112128155 0.049731479583124065 -0.04506173146313313 0.12087751244379609 -0.016922705095415456 0.01447909520490363 0.039588558827055441 -0.0641429703202092 0.06345158400264117 0.06278179146727321 -0.0081413480885933389 -0.024930590391725044
leaf_weight=65.360380738973618 50.3028200045228 2134.2899815402925 291.90340533852577 101.07541847229004 574.48920924961567 176.80173350870609 998.14923654869199 1224.7624408751726 455.93246550858021 420.35694592446089 552.21760022640228 210.00542548298836 462.94775657355785 75.946064949035645 36.259821131825447 320.99630855023861 876.82119757682085 530.62310874462128 337.00707194209099 63.216025806963444 307.92194134742022 34.32795238494873 121.51265104115009 71.951164819300175 68.401243716478348 60.711720049381256 487.89789327979088 121.75863496959209 210.96477177739143 584.94743540883064
leaf_count=240 407 11051 2184 777 2622 124 4165 2459 219 3204 4106 176 2731 283 261 1311 6398 3383 1448 113 788 194 599 406 377 297 3020 555 813 2430
internal_value=7.76824e-05 -0.00307438 0.00364239 -0.0163314 0.0120055 0.017029 0.00807963 0.0370222 -0.0427623 -0.0072145 0.00326858 -0.0170217 0.0434198 -0.0176162 -0.031171 0.000425588 -0.0111605 -0.0289229 0.0089918 -0.0541433 -0.0288776 0.0267077 0.0407478 -0.054081 -0.0099146 0.00393903 0.0500166 0.0230088 0.0192612 -0.0393077
internal_weight=12029.9 11164.9 7410.6 3754.33 5318.5 4534 3132.44 1401.56 962.474 2791.85 1942.29 784.495 513.251 2092.1 849.564 357.256 1429.04 1468.19 623.918 827.07 371.138 135.403 864.931 492.308 133.762 352.615 731.169 243.271 547.972 1115.57
internal_count=57141 52350 31435 20915 20597 17799 15216 2583 2091 18824 13642 2798 3138 10838 5182 1572 10504 8294 2544 1120 901 971 4791 3610 617 2481 4174 1154 2261 5813
is_linear=0
shrinkage=0.0607864


Tree=26
num_leaves=31
num_cat=0
split_feature=5 17 40 38 36 3 20 60 63 57 11 3 11 20 31 38 36 24 57 44 21 49 12 13 21 31 35 31 58 56
split_gain=357.036 258.893 202.71 356.253 285.757 228.117 200.116 196.689 236.034 186.284 154.896 145.664 145.37 223.192 118.607 112.49 111.91 103.962 91.6617 80.4685 154.076 76.9257 76.3756 65.511 93.8984 57.423 57.2487 46.0999 37.5253 37.4608
threshold=0.14901357101046978 0.2156470446157828 22.753187333155601 6.0959981845709857e-06 23.242592161567689 0.21128237741069353 -6.4941348043630178 -0.21223554341387238 15.061317622426925 0.47619772737662797 34.948972569106253 0.25344031856624377 13.275381603171866 3.3835224377360213 -6.6442824481851481 0.0031388623976707007 -3.2898738490515318 -11.769346683650561 0.19948962109325677 0.0038507576593969505 499.44777081992214 1.163541337715795 0.19552117253583393 -5.8847209547675385 873.17905104500824 -7.739536810347702 0.24472208837488912 -6.8350041420047907 29.626090591747914 0.080343574478455207
decision_type=2 2 2 2 2 2 2 2 2 2 2 2 2 2 2 2 2 2 2 2 2 2 2 2 2 2 2 2 2 2
left_child=17 2 3 12 6 7 -5 14 -9 16 15 -12 13 -2 -4 -7 21 18 -1 26 -21 27 -14 24 -19 29 -18 -3 -27 -11
right_child=1 9 5 4 -6 10 -8 8 -10 25 11 -13 22 -15 -16 -17 19 23 -20 20 -22 -23 -24 -25 -26 28 -28 -29 -30 -31
leaf_value=0.038944401190023042 -0.014288720586685824 0.031534563333945956 -0.034873303923776966 -0.0019658326594095559 0.067587515263119846 -0.010840357515006938 -0.035228113819319985 -0.042299824982746627 0.041101599918680225 -0.025193580647477166 0.04488169058020202 -0.05962681547494434 0.065467286612944889 0.06299401977933837 0.019191703300423853 -0.048785546188006124 0.013086330390495357 -0.016085465658970614 -0.055807765466454662 -0.067147496701876419 0.01215279002243265 -0.038472228911611811 -0.062723418695983885 0.063386284556100486 0.058753367942205613 0.065517628233657615 0.043491537626234485 0.068530918604354285 -0.007434801552831989 -0.076712558342034304
leaf_weight=77.28420726954937 217.29900716990232 228.75216778367758 334.55640155076981 878.91973233968019 120.85839633643627 1534.4961742758751 2789.6761027351022 141.20634615421295 1097.4742448627949 226.23065888881683 280.47482633590698 59.384771108627319 20.595179244875908 377.68977348506451 271.04619592428207 355.2730353474617 691.93072935938835 115.4215044118464 72.912255987524986 117.92109823971987 384.89450776576996 37.169888973236084 94.752398826181889 423.05918933078647 132.92726822942495 33.511283248662949 341.89377871155739 275.9096762239933 111.93606081604958 67.687652945518494
leaf_count=473 1717 739 798 5561 650 6865 13763 1192 3111 870 1174 179 226 3567 943 739 3747 610 226 897 1024 168 835 2826 606 148 2082 991 397 227
internal_value=-3.29879e-05 -0.00289765 -0.00793034 -0.0168232 -0.0242282 0.0018928 -0.0272603 0.0177061 0.0315829 0.0142381 -0.0111884 0.0265695 0.0226714 0.0347789 -0.0106791 -0.0179832 0.0218397 0.0386212 -0.00707942 0.0134572 -0.00648505 0.0455836 -0.0396806 0.0488427 0.0240027 -0.0217086 0.0231552 0.0518014 0.00951274 -0.0371505
internal_weight=11913.1 11091.5 8573.7 4499.79 3789.45 4073.91 3668.6 1844.28 1238.68 2517.84 2229.63 339.86 710.336 594.989 605.603 1889.77 2078.47 821.604 150.196 1536.64 502.816 541.832 115.348 671.408 248.349 439.366 1033.82 504.662 145.447 293.918
internal_count=57351 52610 41320 26319 19974 15001 19324 6044 4303 11290 8957 1353 6345 5284 1741 7604 9648 4741 699 7750 1921 1898 1061 4042 1216 1642 5829 1730 545 1097
is_linear=0
shrinkage=0.0607864


Tree=27
num_leaves=31
num_cat=0
split_feature=8 59 59 49 31 7 36 63 59 63 39 54 38 12 16 51 60 36 57 64 13 46 14 39 63 51 27 44 1 57
split_gain=358.04 207.12 214.002 300.251 366.345 291.624 319.663 341.826 257.285 316.99 235.656 230.515 227.656 194.739 191.065 113.009 110.809 98.246 46.0774 40.8566 35.5229 32.6954 35.0345 31.4746 30.2678 29.1717 38.3886 25.1178 11.7958 4.1438
threshold=0.14951358410074969 0.016295213301080903 6.7612089709949798e-05 1.0547625489830301 -9.881933818299915 0.23361320240362751 -6.1575350064536973 15.672856929707633 0.0059881040443974512 31.018423485393672 -0.42829324860629686 0.53671915478302912 0.0017096170065482501 0.22383192573861388 0.21748238628526684 -2.5010957226607884 -0.25337832468723781 25.946825853000409 0.29031892310483493 -0.4948582278323746 -2.0230455655796589 0.10855093701426521 -1.0000000180025095e-35 0.82911349689458025 70.740717693045042 1.4977098196150302 0.27331286312986225 0.18713103945342122 0.022267601701074252 0.073450002308656115
decision_type=2 2 2 2 2 2 2 2 2 2 2 2 2 2 2 2 2 2 2 2 2 2 2 2 2 2 2 2 2 2
left_child=16 2 5 8 23 6 7 -2 9 -4 13 -8 -6 -7 -10 -12 17 19 20 -1 25 22 -21 -5 -3 26 -18 28 -22 -27
right_child=1 24 3 4 12 10 11 -9 14 -11 15 -13 -14 -15 -16 -17 18 -19 -20 21 27 -23 -24 -25 -26 29 -28 -29 -30 -31
leaf_value=-0.086809304293044703 -0.044532872019961672 0.076754058986647694 0.026118494085656967 -0.060893519652007018 -0.033610487991226332 0.058997859633238982 -0.0027740295584505123 0.069326142853337214 0.032460751627584987 -0.044460532916007961 -0.020409191594294104 0.037098187039755225 0.048439950674041908 -0.016246520654202262 -0.059110735865850875 -0.065270973695712525 -0.045713678471060983 0.054782843311200945 -0.0053435385605602979 -0.025309861610596698 0.062426249280069061 -0.064222914756410995 0.054737372375643266 -0.021602100008777693 0.026458464492660091 0.071435772663169556 0.031225375716541243 -0.003744723435883124 0.036781128231689594 0.032449386130710099
leaf_weight=36.761172354221344 119.49235827475786 121.91759222745895 266.46840411424637 188.97743809223175 155.30002403259277 178.57312560081482 4155.097106449306 521.32231228798628 384.3265582844615 1983.3003858923912 395.35808908939362 614.64183586090803 633.54759359359741 437.92209458351135 107.37069971114397 437.46373029053211 36.143298797309399 71.467985406517982 62.923899173736572 49.961182981729507 462.30315323174 33.123525172472 33.318587467074394 126.2088817358017 70.214440166950226 36.612839940935373 69.126497931778431 24.859618693590164 79.94704133272171 15.373536359518765
leaf_count=81 1034 246 1899 630 432 832 28288 3612 406 2947 2267 2563 984 1739 173 3036 302 110 210 257 3063 93 107 395 85 474 536 41 498 159
internal_value=-0.000801677 -0.00401386 -0.00513754 -0.0166155 0.010147 0.00129737 0.00778424 0.0480796 -0.0273931 -0.0360976 -0.0229145 0.0023668 0.0322774 0.00557377 0.0124311 -0.0439952 0.0337779 -0.00387456 0.0445175 -0.0313198 0.0488495 -0.013547 0.0068281 -0.0452099 0.0584714 0.0232 0.00473208 0.0559395 0.0586766 0.0602591
internal_weight=11909.4 10897.5 10705.4 3845.5 1104.03 6859.87 5410.55 640.815 2741.47 2249.77 1449.32 4769.74 788.848 616.495 491.697 832.822 1011.92 224.632 787.29 153.164 724.366 116.403 83.2798 315.186 192.132 157.256 105.27 567.11 542.25 51.9864
internal_count=57499 51568 51237 7866 2441 43371 35497 4646 5425 4846 7874 30851 1416 2571 579 5303 5931 648 5283 538 5073 457 364 1025 331 1471 838 3602 3561 633
is_linear=0
shrinkage=0.0607864


Tree=28
num_leaves=31
num_cat=0
split_feature=5 26 22 59 37 17 14 63 19 59 57 25 46 39 51 39 11 36 20 57 25 55 5 16 24 20 46 3 11 21
split_gain=308.572 214.274 268.778 209.91 449.53 271.445 269.169 246.598 238.443 214.465 192.403 194.744 191.985 178.99 173.27 163.227 138.767 134.502 111.271 107.377 106.581 105.334 103.154 99.9844 97.3445 96.968 76.4695 71.709 71.5614 96.9004
threshold=0.14901357101046978 0.062755210415457521 0.22738808470847088 8.1408862669489883e-05 1.0137151250000003 -0.20345162670816194 0.54251021542970601 34.673426973740042 0.18309364214948656 0.0059881040443974512 0.23135580464518007 -0.96531082377840505 0.0055450850905113007 0.71605910323275612 -5.3035732639571345 0.71605910323275612 34.948972569106253 23.242592161567689 50.088232705140491 0.4592362131268804 -8.7419611184493728 -0.11702091673180888 0.17880143925898254 0.19848146028093314 -12.356348457900337 28.834315436543616 0.012583654548018052 0.2146818283955019 -5.4048855444798827 840.81339579974349
decision_type=2 2 2 2 2 2 2 2 2 2 2 2 2 2 2 2 2 2 2 2 2 2 2 2 2 2 2 2 2 2
left_child=24 3 10 5 7 23 8 13 -7 -9 11 20 19 -5 -12 22 25 -13 -18 -4 -3 -16 -6 -2 26 -14 -1 -17 29 -26
right_child=1 2 12 4 15 6 -8 9 -10 -11 14 17 16 -15 21 27 18 -19 -20 -21 -22 -23 -24 -25 28 -27 -28 -29 -30 -31
leaf_value=0.04235412414972934 -0.036948016094535074 0.023753223615300589 0.026729028423830542 -0.013933129751492345 0.07574237339651653 0.0077556570590998656 0.046632018553990018 -0.063975499858287974 -0.019149685116540683 0.0043792172720264521 -0.044249149458700662 -0.020826763100680649 -0.011919097128995748 0.10654658745347856 -0.0093802632912973437 0.079513172493877751 0.072841112750910444 0.065057836300320665 -0.037065898134324031 -0.021155489553888553 0.065191318923041447 0.061208774120370325 -0.041870287235296282 0.079587346942011528 -0.028120305435827997 -0.067968218477658049 -0.051378351280069179 0.019772686651257233 0.060795159511522312 0.051031283556535294
leaf_weight=55.870231494307518 31.372773893177509 350.25236085057259 516.38624167442322 235.7565651088953 33.590664580464363 2045.2518899217248 352.8434878885746 1035.0190593153238 3004.6422510072589 202.7613205909729 238.23946118354797 283.67896517366171 173.54338355362415 56.039680063724518 162.46043188869953 170.92885582894087 70.802326917648315 87.905744396150112 64.824489116668701 259.75859689712524 667.82898430526257 149.84933225810528 145.07978399097919 194.16509663313627 95.287916868925095 333.46557430922985 74.640033200383186 131.64221722632647 432.90929672122002 141.59328854829073
leaf_count=430 189 832 2375 1429 114 15827 1575 1746 18654 215 649 1537 868 270 416 132 61 432 206 991 1105 486 616 1555 506 413 181 159 2976 658
internal_value=0.00031936 -0.002333 0.0104614 -0.00795912 -0.0248148 -0.00193566 -0.00466523 -0.0409335 -0.00825303 -0.0527805 0.0251631 0.0372085 -0.00964488 0.00932424 -0.00524632 0.0264076 -0.0342079 -0.000458551 0.0203567 0.0107003 0.050951 0.0245254 -0.019633 0.0633383 0.0367515 -0.048809 -0.0112447 0.0535848 0.046105 0.019198
internal_weight=11798.4 10998.1 3359 7639.09 2010.82 5628.28 5402.74 1529.58 5049.89 1237.78 1940.22 1389.67 1418.78 291.796 550.549 481.242 642.636 371.585 135.627 776.145 1018.08 312.31 178.67 225.538 800.301 507.009 130.51 302.571 669.791 236.881
internal_count=57603 52852 10371 42481 4681 37800 36056 3660 34481 1961 5457 3906 4914 1699 1551 1021 1548 1969 267 3366 1937 902 730 1744 4751 1281 611 291 4140 1164
is_linear=0
shrinkage=0.0607864


Tree=29
num_leaves=31
num_cat=0
split_feature=9 53 12 59 59 49 42 15 45 63 14 59 24 16 10 5 56 21 20 46 14 20 49 57 12 21 36 37 56 58
split_gain=278.257 182.611 164.87 144.699 146.352 268.439 251.385 220.611 203.934 165.78 121.738 121.27 117.178 105.49 92.323 85.0721 84.2364 185.539 90.5878 81.4564 68.9261 128.299 89.978 95.4284 68.701 50.172 46.9505 44.008 35.2944 27.4383
threshold=0.11653222126999221 0.27238683333580715 0.16893761440595598 0.016295213301080903 8.1408862669489883e-05 1.0547625489830301 -0.18402665077429742 0.033831972093613209 -3.9465644069004546 31.523056251416744 0.38953718115941943 0.011486591604643952 18.652330357257885 0.19812889572893053 0.097623237577971714 0.22089560092981403 0.0022912344051444502 480.99252487057214 23.889011999379054 0.0023765883649819004 -0.36772505493956503 -28.100438282343529 0.94991694103529201 0.064580910624062668 0.16604789374875173 1639.2015220741171 -3.4504583848003674 0.9213195205741096 0.0050674912451435508 39.597237680673125
decision_type=2 2 2 2 2 2 2 2 2 2 2 2 2 2 2 2 2 2 2 2 2 2 2 2 2 2 2 2 2 2
left_child=1 11 20 4 6 9 13 -8 -7 -6 12 14 19 -4 15 -1 18 -18 -16 27 21 -2 23 -22 -21 -12 -25 -3 -23 -14
right_child=2 10 3 -5 5 8 7 -9 -10 -11 25 -13 29 -15 16 -17 17 -19 -20 24 22 28 -24 26 -26 -27 -28 -29 -30 -31
leaf_value=0.056752949249065703 0.065754618722583452 0.03600749078254644 -0.027562300384867591 0.058428628120371418 0.021814231846761369 0.034521758006151065 0.051929936971008707 -0.014413902303323959 -0.036449323701660513 -0.04455390895333701 0.05099758556202897 0.064610399099915714 -0.002509485089769785 0.04494487390911444 0.05460286593566914 -0.057698309532912925 -0.018986149833005318 0.017852347431520733 -0.045788640146389226 0.03605637734043203 0.060706406364713056 0.010195474986278383 0.090291722059168911 -0.080197795183714643 -0.036347031017609846 -0.018577083911003659 0.036484826157213532 -0.014381657952294166 -0.061757793946834977 0.085764681820036048
leaf_weight=283.51163022965193 69.089546144008636 114.53667314350605 87.957840252667665 110.54682596027851 154.18098963052034 410.51370037347078 195.63133039698005 3349.1835154443979 234.84171759337187 1397.3571660891175 157.76570475101471 196.25830507278442 17.777359083294868 463.30351963639259 271.29227628186345 25.878067746758461 667.19537483155727 2076.2548794858158 37.513762235641479 51.598963234573603 75.959832120686769 36.89143106341362 110.21373738348484 39.10049806535244 717.25320521369576 50.287251234054565 18.507785689085722 144.23475835472345 78.268427163362503 47.85439644753933
leaf_count=1359 304 1012 374 146 1123 354 1403 20994 767 2104 572 306 81 3177 2658 62 5725 5830 304 535 832 192 1105 236 3714 164 110 1055 427 366
internal_value=-3.37382e-05 0.0110852 -0.00794274 -0.0103847 -0.0115974 -0.0242536 -0.00480749 -0.0107468 0.00868873 -0.0379546 -0.00839749 0.0182112 -0.0165098 0.0333636 0.0154946 0.0471148 0.0122834 0.00889183 0.0423616 -0.0215465 0.0285646 0.000494585 0.0497423 0.0161049 -0.0314709 0.0341772 -0.0427172 0.00794328 -0.0387535 0.0619887
internal_weight=11690.8 4859.21 6831.55 6403.52 6292.97 2196.89 4096.08 3544.81 645.355 1551.54 1301.31 3557.9 1093.26 551.261 3361.65 309.39 3052.26 2743.45 308.806 1027.62 428.031 184.249 243.782 133.568 768.852 208.053 57.6083 258.771 115.16 65.6318
internal_count=57391 23743 33648 30442 30296 4348 25948 22397 1121 3227 7499 16244 6763 3551 15938 1421 14517 11555 2962 6316 3206 923 2283 1178 4249 736 346 2067 619 447
is_linear=0
shrinkage=0.0607864


Tree=30
num_leaves=31
num_cat=0
split_feature=9 30 59 49 0 38 2 42 30 63 13 61 31 2 44 61 15 20 44 58 28 47 60 44 29 24 28 59 13 63
split_gain=285.113 168.301 176.242 323.758 248.654 231.569 234.746 227.625 205.815 194.925 159.042 213.071 212.995 203.037 177.132 147.674 121.985 95.1015 150.464 105.945 89.6773 86.1628 128.012 118.999 84.1348 81.2163 81.0486 67.4163 66.3233 92.8601
threshold=0.099753935324349771 0.5109897683989516 8.1408862669489883e-05 1.0547625489830301 0.16922274721335379 0.0017096170065482501 0.23142677770678302 -0.20276825601029844 0.11479384278427866 28.48318983011594 7.6406071207324251 76.536491459771057 -11.887497037627284 0.24199008301673 0.012198896228300551 3.6684079919663186 0.037795019859939806 -18.601516666666658 0.0017298365565290503 15.883289768356681 0.13934932176421924 -2.832675199073925 -0.23689624476172297 0.0080290296093459019 0.055208852433878158 -7.0983565728081102 0.28151097163914979 2.042093426444561e-05 -2.2255452325840652 13.937784058217348
decision_type=2 2 2 2 2 2 2 2 2 2 2 2 2 2 2 2 2 2 2 2 2 2 2 2 2 2 2 2 2 2
left_child=10 2 4 9 28 -5 -7 16 -9 24 11 17 27 21 -15 -11 -6 19 -19 -1 -14 22 -12 -23 -4 -25 -20 -13 29 -2
right_child=1 -3 3 5 7 6 -8 8 -10 15 13 12 20 14 -16 -17 -18 18 26 -21 -22 23 -24 25 -26 -27 -28 -29 -30 -31
leaf_value=0.09253579110039975 -0.10247462808245705 0.052773386469374288 -0.022878736421983556 -0.056883790310483469 -0.05036135099978202 0.050006066748063425 -0.039678604827519309 -0.012948008730725043 0.11063046269276024 0.036389820023648392 -0.036946448844049538 0.0019135725865050456 0.0074513253502236461 0.041724696160930566 -0.062224692736631546 -0.046220886522551796 0.049532444616946891 0.01088845403672839 -0.053129466385313955 -0.0060730091158174432 0.048420841225074784 0.034896088798767572 0.057568038429195806 -0.042850104265468328 0.070843968743154476 0.028668422820863258 0.039140305467381509 -0.047018833078616373 0.064244547604711225 0.029125949917531469
leaf_weight=50.265129905194044 20.93975356221199 167.59432601928711 60.624224528670311 144.73302435874939 51.479128453880548 454.1725976318121 141.03057123720646 3746.3034499026835 50.052973315119743 84.034519284963608 57.415386222302914 276.25255960226059 293.71998560428619 95.365488052368164 164.50717103481293 1539.3566491231322 351.35455328971148 241.11473538726568 507.61491068452597 195.51760973408818 602.7592396736145 653.37234018743038 643.20000302791595 148.80007356405258 84.070309773087502 96.314440540969372 37.496780782938004 166.43378645181656 211.97032269090414 275.01949198544025
leaf_count=426 178 178 526 381 187 514 414 23512 414 143 164 1121 1474 492 107 2406 2451 1926 4056 857 3926 4124 1607 202 616 170 466 666 1913 1805
internal_value=-0.000160974 -0.00737052 -0.00877054 -0.0217843 -0.00183529 0.0119712 0.0287426 -0.00669546 -0.0113067 -0.0359103 0.0124211 0.00198389 0.0179775 0.0257305 -0.0240723 -0.0419362 0.0367276 -0.0187687 -0.0290823 0.0142162 0.0350075 0.0338283 0.0498051 0.0213525 0.0316227 -0.0147466 -0.0467572 -0.0165101 0.0383173 0.0196832
internal_weight=11612.9 7382.74 7215.14 2508.02 4707.12 739.936 595.203 4199.19 3796.36 1768.09 4230.15 2371.17 1339.17 1858.97 259.873 1623.39 402.834 1032.01 786.226 245.783 896.479 1599.1 700.615 898.487 144.695 245.115 545.112 442.686 507.93 295.959
internal_count=57422 35638 35460 5000 30460 1309 928 26564 23926 3691 21784 14918 7187 6866 599 2549 2638 7731 6448 1283 5400 6267 1771 4496 1142 372 4522 1787 3896 1983
is_linear=0
shrinkage=0.0607864


Tree=31
num_leaves=31
num_cat=0
split_feature=59 19 51 45 38 20 20 54 58 26 60 61 45 30 10 56 52 17 21 20 19 9 14 56 38 30 2 20 53 50
split_gain=262.177 220.94 179.137 183.298 181.836 250.062 266.376 233.935 262.136 239.884 149.084 126.088 121.173 113.543 65.3254 83.7829 113.196 75.6364 61.0806 79.8498 67.8313 51.2493 37.773 36.7044 29.7433 22.5062 13.4988 12.0216 3.2951 0.143293
threshold=0.016295213301080903 0.14526275982852907 4.9091350175241351 11.6192220585369 7.8488163173302538e-06 3.5870751285276348 15.485294310058089 0.34113912645380967 35.204719007190626 0.075272278890743408 -0.2825385741244491 249.40180725054222 23.310491132937596 0.0063805467239895506 0.090003709976392357 0.13177896395653788 -3.3165020429509822 -0.2117331899856422 325.17797508142627 -5.9515887518451178 0.1881848457651992 0.065578780006544421 -0.070748239877970936 0.026443013651091304 1.8618884097356251e-05 0.005224833333333301 0.22730265430618216 2.7225692781098556 0.43879587368256956 0.82621901952431043
decision_type=2 2 2 2 2 2 2 2 2 2 2 2 2 2 2 2 2 2 2 2 2 2 2 2 2 2 2 2 2 2
left_child=1 10 4 18 5 11 -7 9 -9 -6 21 -3 13 -5 27 17 -17 -16 19 -4 -20 22 24 -23 -1 -14 29 -12 -29 -2
right_child=26 2 3 12 7 6 -8 8 -10 -11 14 -13 25 -15 15 16 -18 -19 20 -21 -22 23 -24 -25 -26 -27 -28 28 -30 -31
leaf_value=0.028712877146933841 0.070590622065237696 -0.0032008670283862448 -0.095046149096574647 -0.056347417977413265 -0.027983980492813063 0.060749097067588527 -0.0062969738907402246 0.021574614701994392 -0.01403840325111446 0.010401686994825724 0.014033799955098297 -0.067381584642338996 0.090927512463766791 0.016454802876597847 0.090130124639985557 0.030960995013040199 -0.079922394910981576 0.024722090165322133 0.073002319221727244 0.026860325167664952 0.026774334120307691 -0.011229636530550001 0.04728895947522746 -0.080945248920210558 -0.048900053351398833 0.027124311333133356 0.042238737330777466 0.067402952199520916 0.041510598990353177 0.079317817482571468
leaf_weight=27.999867103993893 74.009285822510719 520.90210193395615 24.221298612654209 204.41779033839703 3427.7231742963195 511.45757055282593 382.50207172334194 1303.7519016563892 1842.4033031463623 729.34769824892282 19.40401516482234 144.07303202152252 33.853873282670975 128.75678999722004 71.695869226008654 72.466233197599649 63.425313960760832 704.22368388995528 244.82470095157623 101.79250932484865 226.23644704371691 48.224110886454582 46.998876787722111 66.318506002426147 50.786487177014351 51.9373959004879 68.326267100870609 176.58455969393253 23.106812857091427 77.741130121052265
leaf_count=143 176 3346 137 847 21404 4829 3454 4959 3178 2271 204 969 130 522 386 103 168 5042 1121 741 912 188 114 168 202 197 151 1056 227 117
internal_value=-0.000529839 -0.00181642 -0.00499057 0.0191799 -0.00776248 0.0110814 0.0320722 -0.0117853 0.000720347 -0.0212489 0.0210443 -0.0171399 -0.0116357 -0.0282271 0.0302826 0.0231016 -0.0208781 0.0308113 0.0407962 0.00319099 0.050844 -0.0224049 0.00439259 -0.0517423 -0.0213103 0.0526214 0.0651133 0.0600663 0.0645003 0.0752678
internal_weight=11469.5 11249.4 9878.2 1016.04 8862.16 1558.93 893.96 7303.23 3146.16 4157.07 1371.23 664.975 418.966 333.175 1130.91 911.811 135.892 775.92 597.075 126.014 471.061 240.328 125.785 114.543 78.7864 85.7913 220.077 219.095 199.691 151.75
internal_count=57462 57018 49017 4607 44410 12598 8283 31812 8137 23675 8001 4315 1696 1369 7186 5699 271 5428 2911 878 2033 815 459 356 345 327 444 1487 1283 293
is_linear=0
shrinkage=0.0607864


Tree=32
num_leaves=31
num_cat=0
split_feature=8 59 36 20 24 38 60 63 48 52 45 20 14 13 45 14 20 42 20 40 33 23 38 14 25 37 20 5 38 12
split_gain=273.736 183.079 162.431 188.879 273.628 362.539 230.668 200.973 144.436 133.883 166.344 132.871 119.59 111.79 101.05 114.332 116.294 98.1349 102.2 91.5258 91.128 71.1065 53.0268 47.201 55.2614 46.143 45.6654 37.8889 29.8322 25.6551
threshold=0.21160772500000002 0.016295213301080903 25.548337180813594 -19.029805993801244 -0.73427634237115413 7.6574340658474742e-06 -0.053400715058085947 18.261391287634037 0.00060115103324055003 -10.132145255344927 16.558738010072151 -27.605840709070893 0.5831606428714261 0.18673902635543946 -1.171398448556304 0.32278995771319119 -21.236697924886375 -0.32509119729704622 41.64564706349158 83.569471448575783 1.0265972725399661 0.045921869681998358 3.0671652265809442e-06 0.35060606373474906 23.969864657597693 0.94735454693475318 -27.605840709070893 0.23078802261739073 1.2792857192568319e-05 0.23437540292612277
decision_type=2 2 2 2 2 2 2 2 2 2 2 2 2 2 2 2 2 2 2 2 2 2 2 2 2 2 2 2 2 2
left_child=1 2 3 7 6 -6 -5 26 12 10 25 -9 20 23 17 16 -16 -11 -19 -17 21 22 -2 24 -4 -10 -1 -27 -12 -15
right_child=8 -3 13 4 5 -7 -8 11 9 14 28 -13 -14 29 15 19 -18 18 -20 -21 -22 -23 -24 -25 -26 27 -28 -29 -30 -31
leaf_value=0.017935950941021499 0.037533659109427187 0.064823332961945909 -0.024352134549739862 0.0017106831754585205 0.018636022738437716 -0.033332640058440242 0.039080649328074861 0.037099240743394317 0.1372798517919914 0.05658401871398968 -0.069403782111149059 -0.0093856695713643631 0.048418147124561633 0.075888306532338315 0.011347340304837363 0.049647734430713492 -0.029504172757567847 -0.020364815159109543 -0.070571942777517396 -0.0090668600498135469 0.040835260277713781 0.03868375223352058 -0.06161253866542056 0.061073732895008732 0.047014335366063066 -0.020660945359433618 0.10764863562366328 0.078228932143318525 0.0067432248484280474 0.028006672261365918
leaf_weight=25.506079137325287 20.44100297242403 194.11236238479614 142.04328475147486 3411.7707159519196 711.67476940155029 1634.6006933301687 742.8711175173521 500.28454166650772 39.328091815114021 45.053527355194092 37.42522507160902 415.70000765472651 52.426278352737427 207.0908612459898 430.32654914259911 232.54016414284706 639.98105926066637 495.44797839969397 214.67545813322067 169.26113656163216 40.599521316587925 29.379953563213348 532.83337713778019 51.055921994149685 55.375885158777237 17.972282558679581 122.46043752133846 67.131237283349037 38.061148174107075 52.478150993585587
leaf_count=96 186 363 637 8891 6245 11084 7359 2086 163 179 199 1770 206 999 1806 1220 3683 2120 353 649 311 214 4034 171 295 58 1052 683 170 192
internal_value=0.000772246 0.00655058 0.00514612 0.00291061 -0.000975691 -0.0175689 0.0083959 0.0266476 -0.0146218 -0.007699 0.0399016 0.0160083 -0.0394698 0.0384035 -0.0119783 -0.00270227 -0.0130814 -0.0300489 -0.0355755 0.02493 -0.0468903 -0.0530281 -0.0579238 0.00923129 -0.00427646 0.0829856 0.0922788 0.0573455 -0.031183 0.0662688
internal_weight=11369.9 8267.02 8072.91 7564.87 6500.92 2346.28 4154.64 1063.95 3102.88 2427.2 199.918 915.985 675.68 508.044 2227.29 1472.11 1070.31 755.177 710.123 401.801 623.254 582.654 553.274 248.475 197.419 124.432 147.967 85.1035 75.4864 259.569
internal_count=57474 41240 40877 38583 33579 17329 16250 5004 16234 11283 1273 3856 4951 2294 10010 7358 5489 2652 2473 1869 4745 4434 4220 1103 932 904 1148 741 369 1191
is_linear=0
shrinkage=0.0607864


Tree=33
num_leaves=31
num_cat=0
split_feature=1 53 31 42 16 21 12 36 36 19 3 31 16 52 32 38 14 12 57 60 50 46 24 46 45 50 31 63 16 41
split_gain=209.664 222.577 222.921 220.744 323.727 203.01 305.889 269.435 172.454 164.864 150.936 166.962 142.807 133.353 109.098 146.803 107.16 94.7275 102.61 89.1602 84.2789 82.3386 76.4691 66.7277 63.1492 62.9988 62.0198 54.7589 53.9321 37.0322
threshold=0.044796069435694856 0.25501215635891589 2.6848522190825101 -0.33938577909418055 0.19914563886540745 1066.8660048455126 0.21164027670267058 1.8492368005171416 24.262355262987683 0.14863931315803719 0.23005078447294849 -9.0463501515931792 0.191892184518452 -17.602817598613782 0.095361593528929561 0.029360653666450603 0.5831606428714261 0.15986105113858987 0.081880222092070118 -0.88175188779688851 1.0447292716661094 0.077973439646400314 13.869575901486373 0.0013419307561974502 2.2761761745579672 0.78125092301758081 -8.6589782022639064 74.300706640348295 0.22375435490082413 -0.2903509952325744
decision_type=2 2 2 2 2 2 2 2 2 2 2 2 2 2 2 2 2 2 2 2 2 2 2 2 2 2 2 2 2 2
left_child=1 3 8 4 9 6 7 -5 17 25 11 -7 -8 -2 16 19 20 -3 -19 -16 23 -6 -21 -15 -4 -1 29 28 -17 -10
right_child=13 2 24 5 21 10 12 -9 26 -11 -12 -13 -14 14 15 27 -18 18 -20 22 -22 -23 -24 -25 -26 -27 -28 -29 -30 -31
leaf_value=-0.033987416100300788 0.080238922126323622 0.047160032074608699 0.085825220564755542 0.03936913696154113 0.075694780043933069 -0.0065233891960283872 0.036961165608338065 0.002082277027430926 -0.05607782671588462 -0.069305300135026143 -0.046622476507085675 0.049312897388451488 -0.023246119382809037 0.068692461128943116 -0.051523236145542842 0.029747384576237247 0.046120338786914843 -0.05781503588756684 -0.020893619026582662 0.0021375085547366461 0.046910002461004525 0.0032036338869119558 -0.043321686170415194 -0.054736753647681873 0.011976622018071982 0.045329871341535564 0.051048939371547863 -0.073213854103389153 -0.057483616395807451 0.012829175895686884
leaf_weight=71.604309869930148 55.130870819091797 53.043394520878792 90.209654979407787 1311.2792800683528 113.91338424384594 241.35750665515661 165.33910698071122 1577.0498475469649 39.826494254171848 367.36198844388127 79.850751295685768 1095.6730472370982 1196.6246466636658 16.357441134750843 137.05912366509438 48.609670676290989 51.600698828697205 463.18141125887632 697.25368870049715 1975.0065287575126 34.290725596249104 117.37157975509763 146.47625495493412 522.81183984875679 81.349905677139759 75.685665959492326 133.06297524273396 165.38482496142387 55.871927678585052 101.12626975029707
leaf_count=143 552 721 920 7999 296 888 650 10899 162 170 111 2360 5081 147 517 120 201 4498 3794 9720 268 72 810 4162 462 98 746 178 139 437
internal_value=1.03369e-05 0.00523506 -0.0146077 0.0103689 -0.0207078 0.0144606 0.00781638 0.0190135 -0.0221778 -0.0475415 0.0343835 0.0392345 -0.0159279 -0.0131329 -0.0147758 -0.00915088 -0.0375073 -0.0320115 -0.0356462 -0.00408352 -0.0450604 0.0389798 -0.00100908 -0.0509416 0.0509225 0.00678262 0.0213529 -0.0514879 -0.0169422 -0.00674845
internal_weight=11280.8 8072.16 1659.05 6413.11 745.937 5667.17 4250.29 2888.33 1487.49 514.652 1416.88 1337.03 1361.96 3208.6 3153.47 2528.41 625.061 1213.48 1160.44 2258.54 573.46 231.285 2121.48 539.169 171.56 147.29 274.016 269.866 104.482 140.953
internal_count=57321 40507 11740 28767 779 27988 24629 18898 10358 411 3359 3248 5731 16814 16262 11484 4778 9013 8292 11047 4577 368 10530 4309 1382 241 1345 437 259 599
is_linear=0
shrinkage=0.0607864


end of trees

feature_importances:
gaze_x_min=36
yaw_min=35
yaw_max=35
mar_energy=35
mar_min=35
mar_q25=33
pitch_max=32
mar_variance=32
roll_energy=30
pitch_energy=30
yaw_coefficient_of_variation=27
face_velocity_x_min=27
yaw_energy=26
pitch_min=26
mar_max=26
face_velocity_x_max=26
right_ear_max=25
left_ear_min=24
yaw_q25=24
roll_min=24
mar_mean=23
pitch_q25=21
gaze_x_max=20
head_motion_median=20
right_ear_q75=18
gaze_y_q75=18
ear_q25=15
ear_mean=15
relative_ear_q75=15
ear_energy=14
ear_q75=13
ear_max=12
roll_q25=12
head_motion_q25=12
left_ear_max=11
pitch_q75=11
relative_ear_mean=11
gaze_x_energy=11
gaze_y_max=10
relative_ear_max=10
roll_max=10
gaze_y_median=10
gaze_y_q25=10
left_ear_q75=9
roll_q75=9
right_ear_q25=8
right_ear_mean=8
left_ear_energy=7
gaze_y_mean_absolute_change=7
relative_ear_min=7
left_ear_q25=6
relative_ear_q25=6
pitch_mean=6
right_ear_energy=5
face_velocity_x_maximum_absolute_change=5
relative_ear_std=4
ear_min=3
gaze_y_energy=3
gaze_y_maximum_absolute_change=3
gaze_y_skewness=3
gaze_y_variance=3
left_ear_mean=2
gaze_y_range=2
left_ear_coefficient_of_variation=2

parameters:
[boosting: gbdt]
[objective: binary]
[metric: binary_logloss]
[tree_learner: serial]
[device_type: gpu]
[data_sample_strategy: bagging]
[data: ]
[valid: ]
[num_iterations: 34]
[learning_rate: 0.0607864]
[num_leaves: 31]
[num_threads: 2]
[seed: 42]
[deterministic: 0]
[force_col_wise: 1]
[force_row_wise: 0]
[histogram_pool_size: -1]
[max_depth: 6]
[min_data_in_leaf: 117]
[min_sum_hessian_in_leaf: 0.001]
[bagging_fraction: 0.81165]
[pos_bagging_fraction: 1]
[neg_bagging_fraction: 1]
[bagging_freq: 1]
[bagging_seed: 42]
[bagging_by_query: 0]
[feature_fraction: 0.745777]
[feature_fraction_bynode: 1]
[feature_fraction_seed: 42]
[extra_trees: 0]
[extra_seed: 12879]
[early_stopping_round: 0]
[early_stopping_min_delta: 0]
[first_metric_only: 0]
[max_delta_step: 0]
[lambda_l1: 0.00118845]
[lambda_l2: 0.418315]
[linear_lambda: 0]
[min_gain_to_split: 0]
[drop_rate: 0.1]
[max_drop: 50]
[skip_drop: 0.5]
[xgboost_dart_mode: 0]
[uniform_drop: 0]
[drop_seed: 17869]
[top_rate: 0.2]
[other_rate: 0.1]
[min_data_per_group: 100]
[max_cat_threshold: 32]
[cat_l2: 10]
[cat_smooth: 10]
[max_cat_to_onehot: 4]
[top_k: 20]
[monotone_constraints: ]
[monotone_constraints_method: basic]
[monotone_penalty: 0]
[feature_contri: ]
[forcedsplits_filename: ]
[refit_decay_rate: 0.9]
[cegb_tradeoff: 1]
[cegb_penalty_split: 0]
[cegb_penalty_feature_lazy: ]
[cegb_penalty_feature_coupled: ]
[path_smooth: 0]
[interaction_constraints: ]
[verbosity: -1]
[saved_feature_importance_type: 0]
[use_quantized_grad: 0]
[num_grad_quant_bins: 4]
[quant_train_renew_leaf: 0]
[stochastic_rounding: 1]
[linear_tree: 0]
[max_bin: 255]
[max_bin_by_feature: ]
[min_data_in_bin: 3]
[bin_construct_sample_cnt: 200000]
[data_random_seed: 42]
[is_enable_sparse: 1]
[enable_bundle: 1]
[use_missing: 1]
[zero_as_missing: 0]
[feature_pre_filter: 1]
[pre_partition: 0]
[two_round: 0]
[header: 0]
[label_column: ]
[weight_column: ]
[group_column: ]
[ignore_column: ]
[categorical_feature: ]
[forcedbins_filename: ]
[precise_float_parser: 0]
[parser_config_file: ]
[objective_seed: 16083]
[num_class: 1]
[is_unbalance: 0]
[scale_pos_weight: 1]
[sigmoid: 1]
[boost_from_average: 1]
[reg_sqrt: 0]
[alpha: 0.9]
[fair_c: 1]
[poisson_max_delta_step: 0.7]
[tweedie_variance_power: 1.5]
[lambdarank_truncation_level: 30]
[lambdarank_norm: 1]
[label_gain: ]
[lambdarank_position_bias_regularization: 0]
[eval_at: ]
[multi_error_top_k: 1]
[auc_mu_weights: ]
[num_machines: 1]
[local_listen_port: 12400]
[time_out: 120]
[machine_list_filename: ]
[machines: ]
[gpu_platform_id: -1]
[gpu_device_id: -1]
[gpu_use_dp: 0]
[num_gpu: 1]

end of parameters

pandas_categorical:[]
