dataset_name,subject_id,video_id,window_start_ms,window_end_ms,label,raw_probability,calibrated_probability,prediction,error_type
NTHU,006,006_glasses_nonsleepyCombination,2166.67,4166.67,0,0.5882216531799923,0.6333381102195613,1,FP
NTHU,006,006_glasses_nonsleepyCombination,2666.67,4666.67,0,0.5877300434565491,0.6326717280348827,1,FP
NTHU,006,006_glasses_nonsleepyCombination,5166.67,7166.67,0,0.4511164229507629,0.4415610176161141,1,FP
NTHU,006,006_glasses_nonsleepyCombination,5666.67,7666.67,0,0.40940041279858796,0.38330647553812713,1,FP
NTHU,006,006_glasses_nonsleepyCombination,6166.67,8166.67,0,0.42424625191097637,0.4039103012952255,1,FP
NTHU,006,006_glasses_nonsleepyCombination,6666.67,8666.67,0,0.42068360555142653,0.3989507292044133,1,FP
NTHU,006,006_glasses_nonsleepyCombination,18166.67,20166.67,0,0.5563674637619568,0.5896543602176243,1,FP
NTHU,006,006_glasses_nonsleepyCombination,18666.67,20666.67,0,0.5127117905688582,0.5285563713575927,1,FP
NTHU,006,006_glasses_nonsleepyCombination,19166.67,21166.67,0,0.5634869192071045,0.599499370632886,1,FP
NTHU,006,006_glasses_nonsleepyCombination,19666.67,21666.67,0,0.48995785595104063,0.49641744577474023,1,FP
NTHU,006,006_glasses_nonsleepyCombination,20166.67,22166.67,0,0.5522195720486764,0.5838998140062875,1,FP
NTHU,006,006_glasses_nonsleepyCombination,20666.67,22666.67,0,0.4408366306252961,0.4271122839438856,1,FP
NTHU,006,006_glasses_nonsleepyCombination,21166.67,23166.67,0,0.6674059971796753,0.7363294076066852,1,FP
NTHU,006,006_glasses_nonsleepyCombination,21666.67,23666.67,0,0.605378842896984,0.656416542740912,1,FP
NTHU,006,006_glasses_nonsleepyCombination,22166.67,24166.67,0,0.557943346828153,0.5918371276643062,1,FP
NTHU,006,006_glasses_nonsleepyCombination,22666.67,24666.67,0,0.4616358157865166,0.45638836830627055,1,FP
NTHU,006,006_glasses_nonsleepyCombination,23166.67,25166.67,0,0.523933978686034,0.5443559403208932,1,FP
NTHU,006,006_glasses_nonsleepyCombination,24166.67,26166.67,0,0.41785959794332195,0.3950259324153673,1,FP
NTHU,006,006_glasses_nonsleepyCombination,32166.67,34166.67,0,0.4888760141471581,0.49488761581561397,1,FP
NTHU,006,006_glasses_nonsleepyCombination,32666.67,34666.67,0,0.5222451288714869,0.5419813641241269,1,FP
NTHU,006,006_glasses_nonsleepyCombination,33166.67,35166.67,0,0.5365556456993383,0.5620593084556721,1,FP
NTHU,006,006_glasses_nonsleepyCombination,34166.67,36166.67,0,0.4706217841575629,0.46907799681016216,1,FP
NTHU,006,006_glasses_nonsleepyCombination,34666.67,36666.67,0,0.46156918942803626,0.4562943507816428,1,FP
NTHU,006,006_glasses_nonsleepyCombination,35166.67,37166.67,0,0.5028441353515054,0.5146308369486381,1,FP
NTHU,006,006_glasses_nonsleepyCombination,35666.67,37666.67,0,0.5094941508904279,0.524018357749582,1,FP
NTHU,006,006_glasses_nonsleepyCombination,36166.67,38166.67,0,0.4846067078140356,0.48885003306654773,1,FP
NTHU,006,006_glasses_nonsleepyCombination,36666.67,38666.67,0,0.531945533705431,0.55560255615441,1,FP
NTHU,006,006_glasses_nonsleepyCombination,37166.67,39166.67,0,0.6067701609412695,0.6582720152973156,1,FP
NTHU,006,006_glasses_nonsleepyCombination,37666.67,39666.67,0,0.5676836080261091,0.6052823746752931,1,FP
NTHU,006,006_glasses_nonsleepyCombination,38166.67,40166.67,0,0.45652395916880806,0.4491786070565348,1,FP
NTHU,006,006_glasses_nonsleepyCombination,41166.67,43166.67,0,0.4304443435689606,0.41255912109531023,1,FP
NTHU,006,006_glasses_nonsleepyCombination,41666.67,43666.67,0,0.466859833752786,0.4637634487374241,1,FP
NTHU,006,006_glasses_nonsleepyCombination,51666.67,53666.67,0,0.488093883856475,0.4937815742275484,1,FP
NTHU,006,006_glasses_nonsleepyCombination,52166.67,54166.67,0,0.4081338223452167,0.3815567979831811,1,FP
NTHU,006,006_glasses_nonsleepyCombination,52666.67,54666.67,0,0.4936242826931562,0.5016015561591265,1,FP
NTHU,006,006_glasses_nonsleepyCombination,53166.67,55166.67,0,0.4836129374955445,0.48744463803847266,1,FP
NTHU,006,006_glasses_nonsleepyCombination,53666.67,55666.67,0,0.4984465200702532,0.5084178252207704,1,FP
NTHU,006,006_glasses_nonsleepyCombination,54166.67,56166.67,0,0.572694511937838,0.6121663039825294,1,FP
NTHU,006,006_glasses_nonsleepyCombination,54666.67,56666.67,0,0.5367872376460685,0.5623833536623956,1,FP
NTHU,006,006_glasses_nonsleepyCombination,55166.67,57166.67,0,0.5876924894359202,0.6326208120488019,1,FP
NTHU,006,006_glasses_nonsleepyCombination,55666.67,57666.67,0,0.5876924894359202,0.6326208120488019,1,FP
NTHU,006,006_glasses_nonsleepyCombination,56166.67,58166.67,0,0.6352897227195519,0.6957115988652918,1,FP
NTHU,006,006_glasses_nonsleepyCombination,56666.67,58666.67,0,0.6185352381202848,0.6738583006845613,1,FP
NTHU,006,006_glasses_nonsleepyCombination,57166.67,59166.67,0,0.758882274554375,0.8406677470141157,1,FP
NTHU,006,006_glasses_nonsleepyCombination,57666.67,59666.67,0,0.411184952920274,0.3857739613872623,1,FP
NTHU,006,006_glasses_nonsleepyCombination,58166.67,60166.67,0,0.5982965597388935,0.6469333180788566,1,FP
NTHU,006,006_glasses_nonsleepyCombination,58666.67,60666.67,0,0.5979605935078086,0.6464819051688385,1,FP
NTHU,006,006_glasses_nonsleepyCombination,62666.67,64666.67,0,0.424735315806308,0.4045918191760333,1,FP
NTHU,006,006_glasses_nonsleepyCombination,63666.67,65666.67,0,0.6928281000135779,0.7671380942905075,1,FP
NTHU,006,006_glasses_nonsleepyCombination,65166.67,67166.67,0,0.4390210233580635,0.4245654969200613,1,FP
NTHU,006,006_glasses_nonsleepyCombination,65666.67,67666.67,0,0.6152856241968289,0.6695722194632826,1,FP
NTHU,006,006_glasses_nonsleepyCombination,67166.67,69166.67,0,0.41359160781412707,0.38910582194291227,1,FP
NTHU,006,006_glasses_nonsleepyCombination,68166.67,70166.67,0,0.6397780874233269,0.701492553053761,1,FP
NTHU,006,006_glasses_nonsleepyCombination,68666.67,70666.67,0,0.47653565014090987,0.4774369982115298,1,FP
NTHU,006,006_glasses_nonsleepyCombination,69166.67,71166.67,0,0.4650768016832785,0.4612455175380616,1,FP
NTHU,006,006_glasses_nonsleepyCombination,69666.67,71666.67,0,0.47210824166523263,0.47117859914057625,1,FP
NTHU,006,006_glasses_nonsleepyCombination,70666.67,72666.67,0,0.41595993787786545,0.39238916938273594,1,FP
NTHU,006,006_glasses_nonsleepyCombination,71166.67,73166.67,0,0.4305858766797444,0.4127569030075958,1,FP
NTHU,006,006_glasses_nonsleepyCombination,72166.67,74166.67,0,0.40641998674432317,0.3791915031578217,1,FP
NTHU,006,006_glasses_nonsleepyCombination,73166.67,75166.67,0,0.46218663995954185,0.4571656897971473,1,FP
NTHU,006,006_glasses_nonsleepyCombination,73666.67,75666.67,0,0.541782078292308,0.5693643964014661,1,FP
NTHU,006,006_glasses_nonsleepyCombination,79166.67,81166.67,0,0.46858326350119844,0.46619783252148544,1,FP
NTHU,006,006_glasses_nonsleepyCombination,79666.67,81666.67,0,0.43716793639556256,0.42196790402827505,1,FP
NTHU,006,006_glasses_nonsleepyCombination,84166.67,86166.67,0,0.4086245684560429,0.3822345551104309,1,FP
NTHU,006,006_glasses_nonsleepyCombination,84666.67,86666.67,0,0.5165117116174035,0.5339114180007867,1,FP
NTHU,006,006_glasses_nonsleepyCombination,85166.67,87166.67,0,0.548987910849916,0.5794074626564495,1,FP
NTHU,006,006_glasses_nonsleepyCombination,88166.67,90166.67,0,0.40206274653345825,0.37318980208562497,1,FP
NTHU,006,006_glasses_nonsleepyCombination,88666.67,90666.67,0,0.5124499408946797,0.5281871861787405,1,FP
NTHU,006,006_glasses_nonsleepyCombination,89166.67,91166.67,0,0.626301734024298,0.6840405775253378,1,FP
NTHU,006,006_glasses_nonsleepyCombination,89666.67,91666.67,0,0.48391725026189525,0.48787499759393543,1,FP
NTHU,006,006_glasses_sleepyCombination,5666.67,7666.67,1,0.1821712594530305,0.11102535108067911,0,FN
NTHU,006,006_glasses_sleepyCombination,6166.67,8166.67,1,0.3183287956802446,0.262324141061667,0,FN
NTHU,006,006_glasses_sleepyCombination,6666.67,8666.67,1,0.2843907474106544,0.22063590669536837,0,FN
NTHU,006,006_glasses_sleepyCombination,7166.67,9166.67,1,0.4011476389905171,0.37193153923760386,0,FN
NTHU,006,006_glasses_sleepyCombination,7666.67,9666.67,1,0.3831585398314519,0.3473671541054159,0,FN
NTHU,006,006_glasses_sleepyCombination,8166.67,10166.67,1,0.37099429077707885,0.33096097069628166,0,FN
NTHU,006,006_glasses_sleepyCombination,8666.67,10666.67,1,0.26336342179519323,0.1960000216704293,0,FN
NTHU,006,006_glasses_sleepyCombination,9166.67,11166.67,1,0.19648690177684086,0.12472654972299059,0,FN
NTHU,006,006_glasses_sleepyCombination,9666.67,11666.67,1,0.17708599829096316,0.10630110637075715,0,FN
NTHU,006,006_glasses_sleepyCombination,10166.67,12166.67,1,0.17708599829096316,0.10630110637075715,0,FN
NTHU,006,006_glasses_sleepyCombination,10666.67,12666.67,1,0.17708599829096316,0.10630110637075715,0,FN
NTHU,006,006_glasses_sleepyCombination,11166.67,13166.67,1,0.17708599829096316,0.10630110637075715,0,FN
NTHU,006,006_glasses_sleepyCombination,11666.67,13666.67,1,0.17708599829096316,0.10630110637075715,0,FN
NTHU,006,006_glasses_sleepyCombination,12166.67,14166.67,1,0.19399126675431377,0.12229596578211653,0,FN
NTHU,006,006_glasses_sleepyCombination,12666.67,14666.67,1,0.17708599829096316,0.10630110637075715,0,FN
NTHU,006,006_glasses_sleepyCombination,13166.67,15166.67,1,0.17708599829096316,0.10630110637075715,0,FN
NTHU,006,006_glasses_sleepyCombination,13666.67,15666.67,1,0.21859005355152522,0.147004250020791,0,FN
NTHU,006,006_glasses_sleepyCombination,14166.67,16166.67,1,0.21859005355152522,0.147004250020791,0,FN
NTHU,006,006_glasses_sleepyCombination,14666.67,16666.67,1,0.19729424813839724,0.12551660446546511,0,FN
NTHU,006,006_glasses_sleepyCombination,15166.67,17166.67,1,0.20600322931471324,0.13415444867169923,0,FN
NTHU,006,006_glasses_sleepyCombination,15666.67,17666.67,1,0.24339172761329358,0.17353518128227471,0,FN
NTHU,006,006_glasses_sleepyCombination,16166.67,18166.67,1,0.26041231136564785,0.19262151664351226,0,FN
NTHU,006,006_glasses_sleepyCombination,16666.67,18666.67,1,0.2290317902964644,0.15798263878284924,0,FN
NTHU,006,006_glasses_sleepyCombination,17166.67,19166.67,1,0.2106182911922442,0.1388163433812843,0,FN
NTHU,006,006_glasses_sleepyCombination,17666.67,19666.67,1,0.21395947161736245,0.14222741680482157,0,FN
NTHU,006,006_glasses_sleepyCombination,18166.67,20166.67,1,0.17666825374475567,0.1059164013254405,0,FN
NTHU,006,006_glasses_sleepyCombination,18666.67,20666.67,1,0.18296761270696071,0.11177202461201233,0,FN
NTHU,006,006_glasses_sleepyCombination,19166.67,21166.67,1,0.172927814144545,0.10249485872102777,0,FN
NTHU,006,006_glasses_sleepyCombination,19666.67,21666.67,1,0.17467026204211172,0.10408357834267744,0,FN
NTHU,006,006_glasses_sleepyCombination,20166.67,22166.67,1,0.172927814144545,0.10249485872102777,0,FN
NTHU,006,006_glasses_sleepyCombination,20666.67,22666.67,1,0.1685976224354858,0.09858603859152486,0,FN
NTHU,006,006_glasses_sleepyCombination,21166.67,23166.67,1,0.172927814144545,0.10249485872102777,0,FN
NTHU,006,006_glasses_sleepyCombination,21666.67,23666.67,1,0.1685976224354858,0.09858603859152486,0,FN
NTHU,006,006_glasses_sleepyCombination,22166.67,24166.67,1,0.20619145004369407,0.13434344330852718,0,FN
NTHU,006,006_glasses_sleepyCombination,22666.67,24666.67,1,0.20424417789415533,0.13239286248971965,0,FN
NTHU,006,006_glasses_sleepyCombination,23166.67,25166.67,1,0.36570762963731474,0.3238879199177521,0,FN
NTHU,006,006_glasses_sleepyCombination,23666.67,25666.67,1,0.2443303752206619,0.17456962816995145,0,FN
NTHU,006,006_glasses_sleepyCombination,24166.67,26166.67,1,0.36570762963731474,0.3238879199177521,0,FN
NTHU,006,006_glasses_sleepyCombination,24666.67,26666.67,1,0.29944842697633056,0.23885402394380076,0,FN
NTHU,006,006_glasses_sleepyCombination,25166.67,27166.67,1,0.24496153126160233,0.17526641078571897,0,FN
NTHU,006,006_glasses_sleepyCombination,25666.67,27666.67,1,0.23441359088348418,0.16375072823042078,0,FN
NTHU,006,006_glasses_sleepyCombination,26166.67,28166.67,1,0.21406516023808145,0.14233580575350013,0,FN
NTHU,006,006_glasses_sleepyCombination,26666.67,28666.67,1,0.19063807828839863,0.11905794243061933,0,FN
NTHU,006,006_glasses_sleepyCombination,27166.67,29166.67,1,0.18697924303643212,0.11556138782663818,0,FN
NTHU,006,006_glasses_sleepyCombination,27666.67,29666.67,1,0.17708599829096316,0.10630110637075715,0,FN
NTHU,006,006_glasses_sleepyCombination,28166.67,30166.67,1,0.17811929247409847,0.10725489088834345,0,FN
NTHU,006,006_glasses_sleepyCombination,28666.67,30666.67,1,0.1685976224354858,0.09858603859152486,0,FN
NTHU,006,006_glasses_sleepyCombination,29166.67,31166.67,1,0.19470207571696824,0.12298645742853084,0,FN
NTHU,006,006_glasses_sleepyCombination,29666.67,31666.67,1,0.35293247405056966,0.30695115197055994,0,FN
NTHU,006,006_glasses_sleepyCombination,30166.67,32166.67,1,0.35293247405056966,0.30695115197055994,0,FN
NTHU,006,006_glasses_sleepyCombination,31166.67,33166.67,1,0.39933572998002875,0.369442515732385,0,FN
NTHU,006,006_glasses_sleepyCombination,32166.67,34166.67,1,0.3801246286263595,0.34325878716564356,0,FN
NTHU,006,006_glasses_sleepyCombination,32666.67,34666.67,1,0.36640115867902,0.3248137279876869,0,FN
NTHU,006,006_glasses_sleepyCombination,33166.67,35166.67,1,0.3514914287935767,0.30505513945962764,0,FN
NTHU,006,006_glasses_sleepyCombination,38666.67,40666.67,1,0.39910433492216224,0.36912487346540457,0,FN
NTHU,006,006_glasses_sleepyCombination,43166.67,45166.67,1,0.3968437872064905,0.36602449079568905,0,FN
NTHU,006,006_glasses_sleepyCombination,43666.67,45666.67,1,0.17732712788691612,0.1065233997108582,0,FN
NTHU,006,006_glasses_sleepyCombination,44166.67,46166.67,1,0.19430993840216312,0.12260535212704585,0,FN
NTHU,006,006_glasses_sleepyCombination,44666.67,46666.67,1,0.37917860073308285,0.3419799082553292,0,FN
NTHU,006,006_glasses_sleepyCombination,53166.67,55166.67,1,0.18634031365259585,0.11495474221653823,0,FN
NTHU,006,006_glasses_sleepyCombination,53666.67,55666.67,1,0.22395247846002386,0.15260682389435926,0,FN
NTHU,006,006_glasses_sleepyCombination,54166.67,56166.67,1,0.2034621862138162,0.13161247607065724,0,FN
NTHU,006,006_glasses_sleepyCombination,54666.67,56666.67,1,0.172927814144545,0.10249485872102777,0,FN
NTHU,006,006_glasses_sleepyCombination,55166.67,57166.67,1,0.172927814144545,0.10249485872102777,0,FN
NTHU,006,006_glasses_sleepyCombination,55666.67,57666.67,1,0.1862336916649028,0.11485362226030982,0,FN
NTHU,006,006_glasses_sleepyCombination,56166.67,58166.67,1,0.1862336916649028,0.11485362226030982,0,FN
NTHU,006,006_glasses_sleepyCombination,56666.67,58666.67,1,0.1862336916649028,0.11485362226030982,0,FN
NTHU,006,006_glasses_sleepyCombination,57166.67,59166.67,1,0.18962026580361233,0.1180814218972781,0,FN
NTHU,006,006_glasses_sleepyCombination,57666.67,59666.67,1,0.18314320534675654,0.11193691159303724,0,FN
NTHU,006,006_glasses_sleepyCombination,58166.67,60166.67,1,0.19628424566893726,0.12452852152849951,0,FN
NTHU,006,006_glasses_sleepyCombination,58666.67,60666.67,1,0.2087296491323406,0.13690153100634586,0,FN
NTHU,006,006_glasses_sleepyCombination,59166.67,61166.67,1,0.21038828229780523,0.13858263045893168,0,FN
NTHU,006,006_glasses_sleepyCombination,59666.67,61666.67,1,0.20311049455867305,0.1312620560009542,0,FN
NTHU,006,006_glasses_sleepyCombination,60666.67,62666.67,1,0.30652142520424586,0.24756756084390996,0,FN
NTHU,006,006_glasses_sleepyCombination,61666.67,63666.67,1,0.3378340722609889,0.28724123401450863,0,FN
NTHU,006,006_glasses_sleepyCombination,62666.67,64666.67,1,0.172927814144545,0.10249485872102777,0,FN
NTHU,006,006_glasses_sleepyCombination,63166.67,65166.67,1,0.17101013879490276,0.100756850369994,0,FN
NTHU,006,006_glasses_sleepyCombination,63666.67,65666.67,1,0.15857998357248398,0.08976113884538078,0,FN
NTHU,006,006_glasses_sleepyCombination,64166.67,66166.67,1,0.17917146181191945,0.10822933115656687,0,FN
NTHU,006,006_glasses_sleepyCombination,64666.67,66666.67,1,0.17101013879490276,0.100756850369994,0,FN
NTHU,006,006_glasses_sleepyCombination,65166.67,67166.67,1,0.21559511618793825,0.1439081983813351,0,FN
NTHU,006,006_glasses_sleepyCombination,65666.67,67666.67,1,0.2699566191805536,0.20361966988051022,0,FN
NTHU,006,006_glasses_sleepyCombination,66166.67,68166.67,1,0.2678937380410726,0.20122509881168651,0,FN
NTHU,006,006_glasses_sleepyCombination,66666.67,68666.67,1,0.2832155534013839,0.21923373262972312,0,FN
NTHU,006,006_glasses_sleepyCombination,69166.67,71166.67,1,0.19279425398265518,0.12113639918212234,0,FN
NTHU,006,006_glasses_sleepyCombination,69666.67,71666.67,1,0.20513324637943028,0.13328215024688078,0,FN
NTHU,006,006_glasses_sleepyCombination,70166.67,72166.67,1,0.31309441810565286,0.25575057092942066,0,FN
NTHU,006,006_glasses_sleepyCombination,72666.67,74666.67,1,0.3434627728797051,0.29454823535855684,0,FN
NTHU,006,006_glasses_sleepyCombination,79666.67,81666.67,1,0.257180748421328,0.1889450298316496,0,FN
NTHU,006,006_glasses_sleepyCombination,80166.67,82166.67,1,0.3573041611590372,0.3127213778756118,0,FN
NTHU,006,006_glasses_sleepyCombination,80666.67,82666.67,1,0.311523087865298,0.2537870121968498,0,FN
NTHU,006,006_glasses_sleepyCombination,81166.67,83166.67,1,0.36131515262997566,0.3180391787478263,0,FN
NTHU,006,006_glasses_sleepyCombination,81666.67,83666.67,1,0.1624609318740722,0.09314358292177922,0,FN
NTHU,006,006_glasses_sleepyCombination,82166.67,84166.67,1,0.17708599829096316,0.10630110637075715,0,FN
NTHU,006,006_glasses_sleepyCombination,82666.67,84666.67,1,0.20203383140703027,0.13019140991997785,0,FN
NTHU,006,006_glasses_sleepyCombination,83166.67,85166.67,1,0.18925007572138383,0.11772698488112787,0,FN
NTHU,006,006_glasses_sleepyCombination,83666.67,85666.67,1,0.20203383140703027,0.13019140991997785,0,FN
NTHU,006,006_glasses_sleepyCombination,84166.67,86166.67,1,0.21122552165375,0.13943403978198313,0,FN
NTHU,006,006_glasses_sleepyCombination,84666.67,86666.67,1,0.21569168997546773,0.14400766057233824,0,FN
NTHU,006,006_glasses_slowBlinkWithNodding,5666.67,7666.67,0,0.4257748209950544,0.4060409238279133,1,FP
NTHU,006,006_glasses_slowBlinkWithNodding,6166.67,8166.67,0,0.42561467023639993,0.40581762099294855,1,FP
NTHU,006,006_glasses_slowBlinkWithNodding,6666.67,8666.67,0,0.42643892055426275,0.4069670794559978,1,FP
NTHU,006,006_glasses_slowBlinkWithNodding,7666.67,9666.67,0,0.48871656140918773,0.4946621293632897,1,FP
NTHU,006,006_glasses_slowBlinkWithNodding,8666.67,10666.67,0,0.5044144980428097,0.5168485722554009,1,FP
NTHU,006,006_glasses_slowBlinkWithNodding,17166.67,19166.67,0,0.5447860521823978,0.5735553860870333,1,FP
NTHU,006,006_glasses_slowBlinkWithNodding,23166.67,25166.67,0,0.5254201545672018,0.5464445214469713,1,FP
NTHU,006,006_glasses_slowBlinkWithNodding,23666.67,25666.67,0,0.4124413764277858,0.3875128095741142,1,FP
NTHU,006,006_glasses_slowBlinkWithNodding,24166.67,26166.67,0,0.5145183287366485,0.5311028385725021,1,FP
NTHU,006,006_glasses_slowBlinkWithNodding,24666.67,26666.67,0,0.4621665737360231,0.45713737101388047,1,FP
UTA,27,Fold3_part1/27/0,26165.3,28165.3,0,0.43960233583243374,0.4253807317601464,1,FP
UTA,27,Fold3_part1/27/0,60665.3,62665.3,0,0.44031682802913447,0.42638297575269724,1,FP
UTA,27,Fold3_part1/27/0,61165.3,63165.3,0,0.5024796901504139,0.5141160787412996,1,FP
UTA,27,Fold3_part1/27/0,61665.3,63665.3,0,0.46556297703264854,0.4619320078203982,1,FP
UTA,27,Fold3_part1/27/0,64165.3,66165.3,0,0.49320798195887844,0.5010129872890144,1,FP
UTA,27,Fold3_part1/27/0,64665.3,66665.3,0,0.482667952642198,0.48610824961301646,1,FP
UTA,27,Fold3_part1/27/0,65165.3,67165.3,0,0.49888010119416376,0.5090305409098309,1,FP
UTA,27,Fold3_part1/27/0,65665.3,67665.3,0,0.43630368878163656,0.4207570623233036,1,FP
UTA,27,Fold3_part1/27/0,66165.3,68165.3,0,0.4904224636889217,0.49707442708451915,1,FP
UTA,27,Fold3_part1/27/0,66665.3,68665.3,0,0.40733533134868505,0.380454467366191,1,FP
UTA,27,Fold3_part1/27/0,67165.3,69165.3,0,0.40733533134868505,0.380454467366191,1,FP
UTA,27,Fold3_part1/27/0,67665.3,69665.3,0,0.42375680720403774,0.4032284168725418,1,FP
UTA,27,Fold3_part1/27/0,68165.3,70165.3,0,0.44385612000730496,0.43135139219357743,1,FP
UTA,27,Fold3_part1/27/0,68665.3,70665.3,0,0.43611012378687075,0.420485926961186,1,FP
UTA,27,Fold3_part1/27/0,69165.3,71165.3,0,0.461387040069765,0.4560373229141918,1,FP
UTA,27,Fold3_part1/27/0,69665.3,71665.3,0,0.5444219284763601,0.5730476934402701,1,FP
UTA,27,Fold3_part1/27/0,70165.3,72165.3,0,0.5410310872328545,0.5683157484857637,1,FP
UTA,27,Fold3_part1/27/0,70665.3,72665.3,0,0.4824382648678027,0.48578343054548656,1,FP
UTA,27,Fold3_part1/27/0,71165.3,73165.3,0,0.4583169096464863,0.4517065025482183,1,FP
UTA,27,Fold3_part1/27/0,71665.3,73665.3,0,0.5294788221948142,0.5521431176473504,1,FP
UTA,27,Fold3_part1/27/0,72165.3,74165.3,0,0.5115832862660108,0.5269651287211401,1,FP
UTA,27,Fold3_part1/27/0,72665.3,74665.3,0,0.5081504820684779,0.5221224403302427,1,FP
UTA,27,Fold3_part1/27/0,73165.3,75165.3,0,0.4947867482549852,0.5032449657885429,1,FP
UTA,27,Fold3_part1/27/0,73665.3,75665.3,0,0.4947867482549852,0.5032449657885429,1,FP
UTA,27,Fold3_part1/27/0,74165.3,76165.3,0,0.4947867482549852,0.5032449657885429,1,FP
UTA,27,Fold3_part1/27/0,74665.3,76665.3,0,0.47332595522381354,0.47289966487514645,1,FP
UTA,27,Fold3_part1/27/0,75165.3,77165.3,0,0.46282278897371426,0.4580635188079377,1,FP
UTA,27,Fold3_part1/27/0,75665.3,77665.3,0,0.501084073005619,0.5121446107849486,1,FP
UTA,27,Fold3_part1/27/0,76165.3,78165.3,0,0.49185444121566363,0.4990992347716691,1,FP
UTA,27,Fold3_part1/27/0,76665.3,78665.3,0,0.49185444121566363,0.4990992347716691,1,FP
UTA,27,Fold3_part1/27/0,77165.3,79165.3,0,0.501084073005619,0.5121446107849486,1,FP
UTA,27,Fold3_part1/27/0,77665.3,79665.3,0,0.47001269415168345,0.4682173568015245,1,FP
UTA,27,Fold3_part1/27/0,79165.3,81165.3,0,0.4500200080910933,0.4400178086750677,1,FP
UTA,27,Fold3_part1/27/0,79665.3,81665.3,0,0.4574505682391868,0.45048491549358066,1,FP
UTA,27,Fold3_part1/27/0,80165.3,82165.3,0,0.4390596020145514,0.4246195943574821,1,FP
UTA,27,Fold3_part1/27/0,80665.3,82665.3,0,0.47177485373972006,0.4707074393187075,1,FP
UTA,27,Fold3_part1/27/0,81165.3,83165.3,0,0.47117485145549487,0.46985952943260384,1,FP
UTA,27,Fold3_part1/27/0,81665.3,83665.3,0,0.40967574289595593,0.38368699978921206,1,FP
UTA,27,Fold3_part1/27/0,82665.3,84665.3,0,0.44937894784802024,0.43911573294170814,1,FP
UTA,27,Fold3_part1/27/0,83165.3,85165.3,0,0.4616143308724267,0.4563580504705187,1,FP
UTA,27,Fold3_part1/27/0,90665.3,92665.3,0,0.43299530708132583,0.41612576396509865,1,FP
UTA,27,Fold3_part1/27/0,91165.3,93165.3,0,0.47414775478878657,0.47406127404092596,1,FP
UTA,27,Fold3_part1/27/0,91665.3,93665.3,0,0.47557140434038436,0.4760737872054455,1,FP
UTA,27,Fold3_part1/27/0,92165.3,94165.3,0,0.45971025587269676,0.453671666470578,1,FP
UTA,27,Fold3_part1/27/0,92665.3,94665.3,0,0.46024468653958206,0.4544255721464861,1,FP
UTA,27,Fold3_part1/27/0,93165.3,95165.3,0,0.4591702565632267,0.45290998831089957,1,FP
UTA,27,Fold3_part1/27/0,93665.3,95665.3,0,0.4277938941130217,0.4088576309921587,1,FP
UTA,27,Fold3_part1/27/0,94165.3,96165.3,0,0.4277938941130217,0.4088576309921587,1,FP
UTA,27,Fold3_part1/27/0,95165.3,97165.3,0,0.43969360864620605,0.4255087489164434,1,FP
UTA,27,Fold3_part1/27/0,95665.3,97665.3,0,0.44308055802361496,0.43026215123515876,1,FP
UTA,27,Fold3_part1/27/0,96165.3,98165.3,0,0.4591702565632267,0.45290998831089957,1,FP
UTA,27,Fold3_part1/27/0,96665.3,98665.3,0,0.41332992043998745,0.3887433041053914,1,FP
UTA,27,Fold3_part1/27/0,100665.3,102665.3,0,0.43244799126787886,0.41536020301218984,1,FP
UTA,27,Fold3_part1/27/0,101165.3,103165.3,0,0.4697257312152708,0.4678119017701019,1,FP
UTA,27,Fold3_part1/27/0,101665.3,103665.3,0,0.4829417710075628,0.4864954789163157,1,FP
UTA,27,Fold3_part1/27/0,112665.3,114665.3,0,0.4441025199621568,0.4316975083903212,1,FP
UTA,27,Fold3_part1/27/0,119665.3,121665.3,0,0.4102018605535543,0.38441430725416553,1,FP
UTA,27,Fold3_part1/27/0,120165.3,122165.3,0,0.4102018605535543,0.38441430725416553,1,FP
UTA,27,Fold3_part1/27/0,120665.3,122665.3,0,0.4102018605535543,0.38441430725416553,1,FP
UTA,27,Fold3_part1/27/0,121165.3,123165.3,0,0.4102018605535543,0.38441430725416553,1,FP
UTA,27,Fold3_part1/27/0,128165.3,130165.3,0,0.40698522246790364,0.3799713111416047,1,FP
UTA,27,Fold3_part1/27/0,142665.3,144665.3,0,0.4042503449034642,0.3762008678978824,1,FP
UTA,27,Fold3_part1/27/0,143165.3,145165.3,0,0.41037809920177987,0.38465799250763505,1,FP
UTA,27,Fold3_part1/27/0,143665.3,145665.3,0,0.41037809920177987,0.38465799250763505,1,FP
UTA,27,Fold3_part1/27/0,145165.3,147165.3,0,0.4361727859636248,0.4205736984824764,1,FP
UTA,27,Fold3_part1/27/0,145665.3,147665.3,0,0.47002025588631774,0.4682280411006442,1,FP
UTA,27,Fold3_part1/27/0,146165.3,148165.3,0,0.4859397281383517,0.49073520165349693,1,FP
UTA,27,Fold3_part1/27/0,146665.3,148665.3,0,0.4859397281383517,0.49073520165349693,1,FP
UTA,27,Fold3_part1/27/0,147165.3,149165.3,0,0.4706697134797856,0.46914572320756276,1,FP
UTA,27,Fold3_part1/27/0,147665.3,149665.3,0,0.43936402521086126,0.42504650292621043,1,FP
UTA,27,Fold3_part1/27/0,148165.3,150165.3,0,0.4523116106881636,0.44324377444985247,1,FP
UTA,27,Fold3_part1/27/0,148665.3,150665.3,0,0.4262157660631828,0.4066558347227311,1,FP
UTA,27,Fold3_part1/27/0,149165.3,151165.3,0,0.44297998308510006,0.4301209191619005,1,FP
UTA,27,Fold3_part1/27/0,149665.3,151665.3,0,0.41113335755083424,0.38570258298569204,1,FP
UTA,27,Fold3_part1/27/0,151665.3,153665.3,0,0.45790568462579645,0.4511266248794389,1,FP
UTA,27,Fold3_part1/27/0,152165.3,154165.3,0,0.45790568462579645,0.4511266248794389,1,FP
UTA,27,Fold3_part1/27/0,152665.3,154665.3,0,0.4703461366087311,0.4686885010855795,1,FP
UTA,27,Fold3_part1/27/0,153165.3,155165.3,0,0.4703461366087311,0.4686885010855795,1,FP
UTA,27,Fold3_part1/27/0,153665.3,155665.3,0,0.4847581057373082,0.4890641414146995,1,FP
UTA,27,Fold3_part1/27/0,154165.3,156165.3,0,0.41871761472884816,0.3962177749171206,1,FP
UTA,27,Fold3_part1/27/0,156165.3,158165.3,0,0.4165748497191256,0.3932423748623308,1,FP
UTA,27,Fold3_part1/27/0,156665.3,158665.3,0,0.4165748497191256,0.3932423748623308,1,FP
UTA,27,Fold3_part1/27/0,157165.3,159165.3,0,0.42675792442576876,0.40741206723788614,1,FP
UTA,27,Fold3_part1/27/0,157665.3,159665.3,0,0.42663970241972254,0.40724714810084256,1,FP
UTA,27,Fold3_part1/27/0,158165.3,160165.3,0,0.4523116106881636,0.44324377444985247,1,FP
UTA,27,Fold3_part1/27/0,158665.3,160665.3,0,0.4523116106881636,0.44324377444985247,1,FP
UTA,27,Fold3_part1/27/0,159165.3,161165.3,0,0.4523116106881636,0.44324377444985247,1,FP
UTA,27,Fold3_part1/27/0,159665.3,161665.3,0,0.4523116106881636,0.44324377444985247,1,FP
UTA,27,Fold3_part1/27/0,160165.3,162165.3,0,0.5084215575152926,0.5225049667627173,1,FP
UTA,27,Fold3_part1/27/0,160665.3,162665.3,0,0.4837438275201275,0.4876297427447499,1,FP
UTA,27,Fold3_part1/27/0,161165.3,163165.3,0,0.4972292589081796,0.5066975012817602,1,FP
UTA,27,Fold3_part1/27/0,161665.3,163665.3,0,0.5084215575152926,0.5225049667627173,1,FP
UTA,27,Fold3_part1/27/0,162165.3,164165.3,0,0.46842444807055317,0.46597347815427653,1,FP
UTA,27,Fold3_part1/27/0,162665.3,164665.3,0,0.4309769137335699,0.4133034118704016,1,FP
UTA,27,Fold3_part1/27/0,163165.3,165165.3,0,0.4979826543542354,0.5077622811902424,1,FP
UTA,27,Fold3_part1/27/0,163665.3,165665.3,0,0.5084215575152926,0.5225049667627173,1,FP
UTA,27,Fold3_part1/27/0,164165.3,166165.3,0,0.4657112520740656,0.4621413858428289,1,FP
UTA,27,Fold3_part1/27/0,164665.3,166665.3,0,0.45051980738003905,0.4407212203432886,1,FP
UTA,27,Fold3_part1/27/0,165165.3,167165.3,0,0.45051980738003905,0.4407212203432886,1,FP
UTA,27,Fold3_part1/27/0,165665.3,167665.3,0,0.470226122855997,0.4685189230748783,1,FP
UTA,27,Fold3_part1/27/0,166165.3,168165.3,0,0.49668404666579896,0.5059268991231787,1,FP
UTA,27,Fold3_part1/27/0,166665.3,168665.3,0,0.44572133726513896,0.4339721397699819,1,FP
UTA,27,Fold3_part1/27/0,167165.3,169165.3,0,0.44572133726513896,0.4339721397699819,1,FP
UTA,27,Fold3_part1/27/0,167665.3,169665.3,0,0.4145595386629463,0.3904471818471205,1,FP
UTA,27,Fold3_part1/27/0,169165.3,171165.3,0,0.4259158755848568,0.4062376145213626,1,FP
UTA,27,Fold3_part1/27/0,169665.3,171665.3,0,0.4259158755848568,0.4062376145213626,1,FP
UTA,27,Fold3_part1/27/0,170165.3,172165.3,0,0.4259158755848568,0.4062376145213626,1,FP
UTA,27,Fold3_part1/27/0,172665.3,174665.3,0,0.4100270560146379,0.3841726307511617,1,FP
UTA,27,Fold3_part1/27/0,173165.3,175165.3,0,0.4175038218904265,0.3945318986912011,1,FP
UTA,27,Fold3_part1/27/0,177165.3,179165.3,0,0.41741608058432567,0.3944100751253309,1,FP
UTA,27,Fold3_part1/27/0,236665.3,238665.3,0,0.4189545007252311,0.3965469225135455,1,FP
UTA,27,Fold3_part1/27/0,237165.3,239165.3,0,0.4448736247160684,0.43278085426369844,1,FP
UTA,27,Fold3_part1/27/0,245165.3,247165.3,0,0.48369667705764013,0.4875630625197995,1,FP
UTA,27,Fold3_part1/27/0,245665.3,247665.3,0,0.7143432827557316,0.7921772501967961,1,FP
UTA,27,Fold3_part1/27/0,246165.3,248165.3,0,0.7572799390659016,0.8390064752131912,1,FP
UTA,27,Fold3_part1/27/0,246665.3,248665.3,0,0.7388750485836039,0.8194693185433409,1,FP
UTA,27,Fold3_part1/27/0,247165.3,249165.3,0,0.5659072201319701,0.6028364372654463,1,FP
UTA,27,Fold3_part1/27/0,247665.3,249665.3,0,0.44520708885951304,0.4332494309404323,1,FP
UTA,27,Fold3_part1/27/0,276165.3,278165.3,0,0.4180318989375003,0.39526522551958754,1,FP
UTA,27,Fold3_part1/27/0,276665.3,278665.3,0,0.40602472176727605,0.3786463569018172,1,FP
UTA,27,Fold3_part1/27/0,280165.3,282165.3,0,0.4217648577383603,0.40045499448515215,1,FP
UTA,27,Fold3_part1/27/0,293665.3,295665.3,0,0.40622417719679604,0.37892142693553554,1,FP
UTA,27,Fold3_part1/27/0,307665.3,309665.3,0,0.4076157906444476,0.38084158316350974,1,FP
UTA,27,Fold3_part1/27/0,308665.3,310665.3,0,0.42303897632168813,0.40222864918618184,1,FP
UTA,27,Fold3_part1/27/0,314165.3,316165.3,0,0.4021557541875245,0.373317730353126,1,FP
UTA,27,Fold3_part1/27/0,314665.3,316665.3,0,0.4023369026238848,0.37356691577446277,1,FP
UTA,27,Fold3_part1/27/0,316165.3,318165.3,0,0.4065115623258772,0.3793178231603149,1,FP
UTA,27,Fold3_part1/27/0,317665.3,319665.3,0,0.4068272752070472,0.37975337636890344,1,FP
UTA,27,Fold3_part1/27/0,386165.3,388165.3,0,0.44956441316811374,0.4393766958285966,1,FP
UTA,27,Fold3_part1/27/0,387165.3,389165.3,0,0.5018228390805239,0.5131882479383454,1,FP
UTA,27,Fold3_part1/27/0,387665.3,389665.3,0,0.5018228390805239,0.5131882479383454,1,FP
UTA,27,Fold3_part1/27/0,388165.3,390165.3,0,0.5218742835111111,0.5414597822439267,1,FP
UTA,27,Fold3_part1/27/0,388665.3,390665.3,0,0.5398287338938508,0.5666361082348375,1,FP
UTA,27,Fold3_part1/27/0,389165.3,391165.3,0,0.5244236171283436,0.545044156765372,1,FP
UTA,27,Fold3_part1/27/0,389665.3,391665.3,0,0.5244236171283436,0.545044156765372,1,FP
UTA,27,Fold3_part1/27/0,390165.3,392165.3,0,0.5218742835111111,0.5414597822439267,1,FP
UTA,27,Fold3_part1/27/0,390665.3,392665.3,0,0.5218742835111111,0.5414597822439267,1,FP
UTA,27,Fold3_part1/27/0,391165.3,393165.3,0,0.5218742835111111,0.5414597822439267,1,FP
UTA,27,Fold3_part1/27/0,392165.3,394165.3,0,0.41116139102228444,0.3857413649587986,1,FP
UTA,27,Fold3_part1/27/0,394165.3,396165.3,0,0.4190008442323535,0.3966113206307928,1,FP
UTA,27,Fold3_part1/27/0,403665.3,405665.3,0,0.42303897632168813,0.40222864918618184,1,FP
UTA,27,Fold3_part1/27/0,404165.3,406165.3,0,0.4076157906444476,0.38084158316350974,1,FP
UTA,27,Fold3_part1/27/0,404665.3,406665.3,0,0.41310153161232926,0.38842696017237244,1,FP
UTA,27,Fold3_part1/27/0,405165.3,407165.3,0,0.41310153161232926,0.38842696017237244,1,FP
UTA,27,Fold3_part1/27/0,408165.3,410165.3,0,0.43027629442747495,0.41232430104760853,1,FP
UTA,27,Fold3_part1/27/0,408665.3,410665.3,0,0.41310153161232926,0.38842696017237244,1,FP
UTA,27,Fold3_part1/27/0,409165.3,411165.3,0,0.41310153161232926,0.38842696017237244,1,FP
UTA,27,Fold3_part1/27/0,409665.3,411665.3,0,0.4738874034167623,0.47369325954788527,1,FP
UTA,27,Fold3_part1/27/0,410165.3,412165.3,0,0.4923974616630871,0.4998670225462834,1,FP
UTA,27,Fold3_part1/27/0,410665.3,412665.3,0,0.45075681393374134,0.44105481474869607,1,FP
UTA,27,Fold3_part1/27/0,416665.3,418665.3,0,0.4028085986483331,0.3742159173017885,1,FP
UTA,27,Fold3_part1/27/0,441165.3,443165.3,0,0.40472461513464825,0.3768542416244304,1,FP
UTA,27,Fold3_part1/27/0,445165.3,447165.3,0,0.4021448177836961,0.37330268735457073,1,FP
UTA,27,Fold3_part1/27/0,445665.3,447665.3,0,0.41116139102228444,0.3857413649587986,1,FP
UTA,27,Fold3_part1/27/0,446165.3,448165.3,0,0.4021448177836961,0.37330268735457073,1,FP
UTA,27,Fold3_part1/27/0,449165.3,451165.3,0,0.4861725597291976,0.49106447282015125,1,FP
UTA,27,Fold3_part1/27/0,449665.3,451665.3,0,0.44956441316811374,0.4393766958285966,1,FP
UTA,27,Fold3_part1/27/0,450165.3,452165.3,0,0.41116139102228444,0.3857413649587986,1,FP
UTA,27,Fold3_part1/27/0,453665.3,455665.3,0,0.44363277254222044,0.4310376820695211,1,FP
UTA,27,Fold3_part1/27/0,454165.3,456165.3,0,0.4039089870848045,0.3757307257812618,1,FP
UTA,27,Fold3_part1/27/0,454665.3,456665.3,0,0.4194097329620529,0.3971795742688483,1,FP
UTA,27,Fold3_part1/27/0,455165.3,457165.3,0,0.43148021251317054,0.41400695365202783,1,FP
UTA,27,Fold3_part1/27/0,455665.3,457665.3,0,0.4861725597291976,0.49106447282015125,1,FP
UTA,27,Fold3_part1/27/0,473665.3,475665.3,0,0.5125431311443198,0.5283185787346677,1,FP
UTA,27,Fold3_part1/27/0,474165.3,476165.3,0,0.5398287338938508,0.5666361082348375,1,FP
UTA,27,Fold3_part1/27/0,474665.3,476665.3,0,0.5305327690853542,0.5536216055290777,1,FP
UTA,27,Fold3_part1/27/0,475165.3,477165.3,0,0.4021448177836961,0.37330268735457073,1,FP
UTA,27,Fold3_part1/27/0,491665.3,493665.3,0,0.44033544995888557,0.4264091008726035,1,FP
UTA,27,Fold3_part1/27/0,496665.3,498665.3,0,0.4120733278124358,0.38700330813262984,1,FP
UTA,27,Fold3_part1/27/0,506665.3,508665.3,0,0.4113643235184936,0.38602212461568675,1,FP
UTA,27,Fold3_part1/27/0,514165.3,516165.3,0,0.40509141208394767,0.3773596949300343,1,FP
UTA,27,Fold3_part1/27/0,559165.3,561165.3,0,0.4795023200026037,0.48163166699315324,1,FP
UTA,27,Fold3_part1/27/0,559665.3,561665.3,0,0.4438243485164835,0.4313067650681758,1,FP
UTA,27,Fold3_part1/27/0,560165.3,562165.3,0,0.4442753636935736,0.4319403174755834,1,FP
UTA,27,Fold3_part1/27/0,567165.3,569165.3,0,0.41383120124613415,0.38943778111501204,1,FP
UTA,27,Fold3_part1/27/0,568165.3,570165.3,0,0.49826777501438874,0.5081652230536231,1,FP
UTA,27,Fold3_part1/27/0,568665.3,570665.3,0,0.47384893451063625,0.4736388833092248,1,FP
UTA,27,Fold3_part1/27/0,569165.3,571165.3,0,0.5086717209399185,0.5228579661094545,1,FP
UTA,27,Fold3_part1/27/0,569665.3,571665.3,0,0.49649387627932473,0.5056581032469016,1,FP
UTA,27,Fold3_part1/27/0,570165.3,572165.3,0,0.4853049286333242,0.48983746361291103,1,FP
UTA,27,Fold3_part1/27/0,570665.3,572665.3,0,0.48351184410818326,0.48730167192359286,1,FP
UTA,27,Fold3_part1/27/0,571165.3,573165.3,0,0.43273865470154615,0.41576674803388874,1,FP
UTA,27,Fold3_part1/27/0,571665.3,573665.3,0,0.44553340699806504,0.433708014668967,1,FP
UTA,27,Fold3_part1/27/0,572165.3,574165.3,0,0.4475258433975404,0.43650905650715965,1,FP
UTA,27,Fold3_part1/27/0,572665.3,574665.3,0,0.4137485585852423,0.38932327365283376,1,FP
UTA,27,Fold3_part1/27/0,573165.3,575165.3,0,0.4137485585852423,0.38932327365283376,1,FP
UTA,27,Fold3_part1/27/0,573665.3,575665.3,0,0.49368542195490767,0.50168799386519,1,FP
UTA,27,Fold3_part1/27/0,574165.3,576165.3,0,0.4331537125708407,0.4163473674222579,1,FP
UTA,27,Fold3_part1/27/0,579665.3,581665.3,0,0.42483728970608114,0.4047339418696355,1,FP
UTA,27,Fold3_part1/27/0,580165.3,582165.3,0,0.45046276920700207,0.44064094053269437,1,FP
UTA,27,Fold3_part1/27/0,580665.3,582665.3,0,0.45046276920700207,0.44064094053269437,1,FP
UTA,27,Fold3_part1/27/0,581165.3,583165.3,0,0.43797302512644987,0.4230962255234996,1,FP
UTA,27,Fold3_part1/27/0,583665.3,585665.3,0,0.4359895558764932,0.42031705242105405,1,FP
UTA,27,Fold3_part1/27/0,584165.3,586165.3,0,0.4617476808360205,0.4565462255124612,1,FP
UTA,27,Fold3_part1/27/0,584665.3,586665.3,0,0.4795023200026037,0.48163166699315324,1,FP
UTA,27,Fold3_part1/27/0,585165.3,587165.3,0,0.4795023200026037,0.48163166699315324,1,FP
UTA,27,Fold3_part1/27/0,585665.3,587665.3,0,0.5196128530623296,0.5382779424831748,1,FP
UTA,27,Fold3_part1/27/0,586165.3,588165.3,0,0.40685509917670276,0.3797917661424792,1,FP
UTA,27,Fold3_part1/27/0,593165.3,595165.3,0,0.42062632944042694,0.3988710687527883,1,FP
UTA,27,Fold3_part1/27/0,593665.3,595665.3,0,0.40352836228103883,0.3752066274891554,1,FP
UTA,27,Fold3_part1/27/0,594165.3,596165.3,0,0.440333247759852,0.42640601134940936,1,FP
UTA,27,Fold3_part1/27/0,594665.3,596665.3,0,0.4648137667046644,0.46087412849394616,1,FP
UTA,27,Fold3_part1/27/0,595165.3,597165.3,0,0.44203954744754825,0.42880054927611166,1,FP
UTA,27,Fold3_part1/27/0,595665.3,597665.3,0,0.46651228167524617,0.4632725954935055,1,FP
UTA,27,Fold3_part1/27/0,596165.3,598165.3,0,0.44203954744754825,0.42880054927611166,1,FP
UTA,27,Fold3_part1/27/0,596665.3,598665.3,0,0.44203954744754825,0.42880054927611166,1,FP
UTA,27,Fold3_part1/27/0,597165.3,599165.3,0,0.44203954744754825,0.42880054927611166,1,FP
UTA,27,Fold3_part1/27/0,597665.3,599665.3,0,0.43767663788337113,0.4226808022259214,1,FP
UTA,27,Fold3_part1/27/0,598165.3,600165.3,0,0.4368169595331496,0.421476123823723,1,FP
UTA,27,Fold3_part1/27/0,598665.3,600665.3,0,0.42668991209855095,0.40731718924080196,1,FP
UTA,27,Fold3_part1/27/0,599165.3,601165.3,0,0.5021031570790135,0.5135842195617099,1,FP
UTA,27,Fold3_part1/27/0,599665.3,601665.3,0,0.4289390450603423,0.4104563492684774,1,FP
UTA,27,Fold3_part1/27/0,600165.3,602165.3,0,0.5021031570790135,0.5135842195617099,1,FP
UTA,27,Fold3_part1/27/0,600665.3,602665.3,0,0.4029926459323437,0.3744692017152949,1,FP
UTA,27,Fold3_part1/27/0,601165.3,603165.3,0,0.4029926459323437,0.3744692017152949,1,FP
UTA,27,Fold3_part1/27/0,601665.3,603665.3,0,0.4128933196533168,0.3881386002200389,1,FP
UTA,27,Fold3_part1/27/0,603165.3,605165.3,0,0.42869425781561676,0.41011453723504504,1,FP
UTA,27,Fold3_part1/27/0,603665.3,605665.3,0,0.419971266732146,0.39796016780262106,1,FP
UTA,27,Fold3_part1/27/0,604165.3,606165.3,0,0.41640064337744226,0.3930006295331369,1,FP
UTA,27,Fold3_part1/27/0,610165.3,612165.3,0,0.45167688592294136,0.44235005079886897,1,FP
UTA,27,Fold3_part1/27/0,610665.3,612665.3,0,0.4744519619025773,0.4744912904587017,1,FP
UTA,27,Fold3_part1/27/0,611165.3,613165.3,0,0.42828163753287013,0.4095384555391282,1,FP
UTA,27,Fold3_part1/27/0,611665.3,613665.3,0,0.4017807714132785,0.372802005937504,1,FP
UTA,27,Fold3_part1/27/0,612665.3,614665.3,0,0.4437776887242726,0.4312412262702445,1,FP
UTA,27,Fold3_part1/27/0,613165.3,615165.3,0,0.43797302512644987,0.4230962255234996,1,FP
UTA,27,Fold3_part1/27/0,613665.3,615665.3,0,0.4299771155408571,0.41190629274793006,1,FP
UTA,27,Fold3_part1/27/0,614165.3,616165.3,0,0.44203954744754825,0.42880054927611166,1,FP
UTA,27,Fold3_part1/27/0,614665.3,616665.3,0,0.45260691455674756,0.4436596277807952,1,FP
UTA,27,Fold3_part1/27/0,617165.3,619165.3,0,0.440333247759852,0.42640601134940936,1,FP
UTA,27,Fold3_part1/27/0,617665.3,619665.3,0,0.4148490007279741,0.3908484635426172,1,FP
UTA,27,Fold3_part1/27/0,618165.3,620165.3,0,0.4124930509500665,0.3875843531302271,1,FP
UTA,27,Fold3_part1/27/0,627665.3,629665.3,0,0.40352836228103883,0.3752066274891554,1,FP
UTA,27,Fold3_part1/27/0,628165.3,630165.3,0,0.40352836228103883,0.3752066274891554,1,FP
UTA,27,Fold3_part1/27/0,628665.3,630665.3,0,0.40352836228103883,0.3752066274891554,1,FP
UTA,27,Fold3_part1/27/0,633665.3,635665.3,0,0.4644324841431345,0.4603358093213724,1,FP
UTA,27,Fold3_part1/27/0,643665.3,645665.3,0,0.4154030164534412,0.3916166806808475,1,FP
UTA,27,Fold3_part1/27/0,645665.3,647665.3,0,0.43797302512644987,0.4230962255234996,1,FP
UTA,27,Fold3_part1/27/0,646165.3,648165.3,0,0.43797302512644987,0.4230962255234996,1,FP
UTA,27,Fold3_part1/27/10,2165.3,4165.3,1,0.3611664986467452,0.3178416963307791,0,FN
UTA,27,Fold3_part1/27/10,2665.3,4665.3,1,0.3611664986467452,0.3178416963307791,0,FN
UTA,27,Fold3_part1/27/10,3165.3,5165.3,1,0.38353977484907653,0.34788414798096967,0,FN
UTA,27,Fold3_part1/27/10,3665.3,5665.3,1,0.3956616870736911,0.36440521988649294,0,FN
UTA,27,Fold3_part1/27/10,4165.3,6165.3,1,0.37243353425648307,0.33289272416413884,0,FN
UTA,27,Fold3_part1/27/10,4665.3,6665.3,1,0.3909917242343409,0.35802202522352883,0,FN
UTA,27,Fold3_part1/27/10,5665.3,7665.3,1,0.363919470082904,0.3215037995580887,0,FN
UTA,27,Fold3_part1/27/10,6165.3,8165.3,1,0.3607571163507232,0.3172980002399564,0,FN
UTA,27,Fold3_part1/27/10,6665.3,8665.3,1,0.35159384920009973,0.3051897959569823,0,FN
UTA,27,Fold3_part1/27/10,7165.3,9165.3,1,0.3875586453721823,0.35334403341784654,0,FN
UTA,27,Fold3_part1/27/10,7665.3,9665.3,1,0.36822447130664915,0.32725071172730563,0,FN
UTA,27,Fold3_part1/27/10,24165.3,26165.3,1,0.392988484570493,0.3607485807792551,0,FN
UTA,27,Fold3_part1/27/10,24665.3,26665.3,1,0.37424681523805475,0.3353301894413603,0,FN
UTA,27,Fold3_part1/27/10,25165.3,27165.3,1,0.37296142338463845,0.3336019072864046,0,FN
UTA,27,Fold3_part1/27/10,35165.3,37165.3,1,0.3923753893898537,0.35991096513139237,0,FN
UTA,27,Fold3_part1/27/10,35665.3,37665.3,1,0.37296142338463845,0.3336019072864046,0,FN
UTA,27,Fold3_part1/27/10,36165.3,38165.3,1,0.38327946410686725,0.34753112201973135,0,FN
UTA,27,Fold3_part1/27/10,36665.3,38665.3,1,0.3680706589236411,0.3270449639263631,0,FN
UTA,27,Fold3_part1/27/10,37165.3,39165.3,1,0.34477707499612875,0.2962615436909612,0,FN
UTA,27,Fold3_part1/27/10,37665.3,39665.3,1,0.3658050380023525,0.32401791439198996,0,FN
UTA,27,Fold3_part1/27/10,38165.3,40165.3,1,0.2775192546422281,0.21247888401436796,0,FN
UTA,27,Fold3_part1/27/10,39165.3,41165.3,1,0.34560373771799346,0.2973405297389456,0,FN
UTA,27,Fold3_part1/27/10,40165.3,42165.3,1,0.3749588933730676,0.33628849473050576,0,FN
UTA,27,Fold3_part1/27/10,40665.3,42665.3,1,0.3749588933730676,0.33628849473050576,0,FN
UTA,27,Fold3_part1/27/10,41165.3,43165.3,1,0.39427898721711724,0.3625129371890688,0,FN
UTA,27,Fold3_part1/27/10,41665.3,43665.3,1,0.3749588933730676,0.33628849473050576,0,FN
UTA,27,Fold3_part1/27/10,42165.3,44165.3,1,0.3749588933730676,0.33628849473050576,0,FN
UTA,27,Fold3_part1/27/10,42665.3,44665.3,1,0.3676045696162175,0.32642168471254385,0,FN
UTA,27,Fold3_part1/27/10,43165.3,45165.3,1,0.3676045696162175,0.32642168471254385,0,FN
UTA,27,Fold3_part1/27/10,43665.3,45665.3,1,0.33344122386176617,0.2815737686455747,0,FN
UTA,27,Fold3_part1/27/10,44165.3,46165.3,1,0.3676045696162175,0.32642168471254385,0,FN
UTA,27,Fold3_part1/27/10,44665.3,46665.3,1,0.3483925731083742,0.30098826118664834,0,FN
UTA,27,Fold3_part1/27/10,45165.3,47165.3,1,0.38320711049359696,0.3474330117598923,0,FN
UTA,27,Fold3_part1/27/10,45665.3,47665.3,1,0.3696703774489309,0.32918632440402734,0,FN
UTA,27,Fold3_part1/27/10,46665.3,48665.3,1,0.3920598483619479,0.3594800220014943,0,FN
UTA,27,Fold3_part1/27/10,47665.3,49665.3,1,0.39799561975954945,0.3676036277173039,0,FN
UTA,27,Fold3_part1/27/10,48165.3,50165.3,1,0.3658419084262051,0.3240671223759587,0,FN
UTA,27,Fold3_part1/27/10,48665.3,50665.3,1,0.35825903566603357,0.3139853303726282,0,FN
UTA,27,Fold3_part1/27/10,49165.3,51165.3,1,0.31976029620701624,0.264130495578564,0,FN
UTA,27,Fold3_part1/27/10,51165.3,53165.3,1,0.37734105522782163,0.33949885877193436,0,FN
UTA,27,Fold3_part1/27/10,51665.3,53665.3,1,0.33409798152409204,0.2824190899022523,0,FN
UTA,27,Fold3_part1/27/10,52165.3,54165.3,1,0.33137630610694746,0.2789206255158102,0,FN
UTA,27,Fold3_part1/27/10,52665.3,54665.3,1,0.32097696327858544,0.26566862728461577,0,FN
UTA,27,Fold3_part1/27/10,53165.3,55165.3,1,0.36971212318911206,0.3292422486235641,0,FN
UTA,27,Fold3_part1/27/10,53665.3,55665.3,1,0.345399068726671,0.2970732920644472,0,FN
UTA,27,Fold3_part1/27/10,54165.3,56165.3,1,0.3779147073088198,0.3402729716266416,0,FN
UTA,27,Fold3_part1/27/10,55165.3,57165.3,1,0.3692671386708839,0.3286462447816243,0,FN
UTA,27,Fold3_part1/27/10,58165.3,60165.3,1,0.39989227404055155,0.37020670913159265,0,FN
UTA,27,Fold3_part1/27/10,58665.3,60665.3,1,0.37891293605578286,0.3416209610693544,0,FN
UTA,27,Fold3_part1/27/10,60165.3,62165.3,1,0.3678085388331197,0.32669440843819375,0,FN
UTA,27,Fold3_part1/27/10,61665.3,63665.3,1,0.3975053680028198,0.3669313443601615,0,FN
UTA,27,Fold3_part1/27/10,62165.3,64165.3,1,0.40095667025301174,0.3716690583624581,0,FN
UTA,27,Fold3_part1/27/10,62665.3,64665.3,1,0.38477427223024296,0.3495593781104728,0,FN
UTA,27,Fold3_part1/27/10,63165.3,65165.3,1,0.3874124663764282,0.3531451280527872,0,FN
UTA,27,Fold3_part1/27/10,63665.3,65665.3,1,0.3644775415438663,0.3222474096174429,0,FN
UTA,27,Fold3_part1/27/10,64165.3,66165.3,1,0.3627092978607854,0.3198927225690623,0,FN
UTA,27,Fold3_part1/27/10,64665.3,66665.3,1,0.3757317193246046,0.3373292547164081,0,FN
UTA,27,Fold3_part1/27/10,65165.3,67165.3,1,0.38650629479206916,0.35191262351831554,0,FN
UTA,27,Fold3_part1/27/10,65665.3,67665.3,1,0.396855718469228,0.36604084160703215,0,FN
UTA,27,Fold3_part1/27/10,66165.3,68165.3,1,0.39387513963639564,0.361960619807504,0,FN
UTA,27,Fold3_part1/27/10,66665.3,68665.3,1,0.3767266473271856,0.33867018499572143,0,FN
UTA,27,Fold3_part1/27/10,67165.3,69165.3,1,0.3767266473271856,0.33867018499572143,0,FN
UTA,27,Fold3_part1/27/10,67665.3,69665.3,1,0.3767266473271856,0.33867018499572143,0,FN
UTA,27,Fold3_part1/27/10,68165.3,70165.3,1,0.3722055839585771,0.33258659593343065,0,FN
UTA,27,Fold3_part1/27/10,68665.3,70665.3,1,0.3681957016011971,0.3272122254793655,0,FN
UTA,27,Fold3_part1/27/10,69165.3,71165.3,1,0.34597820281399194,0.29782963664962386,0,FN
UTA,27,Fold3_part1/27/10,69665.3,71665.3,1,0.3503242953172241,0.3035217475791593,0,FN
UTA,27,Fold3_part1/27/10,70165.3,72165.3,1,0.37156423433360225,0.3317256379347052,0,FN
UTA,27,Fold3_part1/27/10,70665.3,72665.3,1,0.3210407699882265,0.2657493651902735,0,FN
UTA,27,Fold3_part1/27/10,71165.3,73165.3,1,0.32809527339509753,0.27471958824313963,0,FN
UTA,27,Fold3_part1/27/10,71665.3,73665.3,1,0.3059579383554751,0.24686984164984538,0,FN
UTA,27,Fold3_part1/27/10,72165.3,74165.3,1,0.3960334224657514,0.3649142827020738,0,FN
UTA,27,Fold3_part1/27/10,72665.3,74665.3,1,0.3342431995799301,0.28260609752205396,0,FN
UTA,27,Fold3_part1/27/10,73165.3,75165.3,1,0.3018484152760673,0.24179979545768704,0,FN
UTA,27,Fold3_part1/27/10,73665.3,75665.3,1,0.3342431995799301,0.28260609752205396,0,FN
UTA,27,Fold3_part1/27/10,74165.3,76165.3,1,0.329072280333848,0.27596865254038627,0,FN
UTA,27,Fold3_part1/27/10,74665.3,76665.3,1,0.38734513041458546,0.3530535120199449,0,FN
UTA,27,Fold3_part1/27/10,75165.3,77165.3,1,0.39923847682170926,0.36930900741499817,0,FN
UTA,27,Fold3_part1/27/10,76165.3,78165.3,1,0.2909545555489497,0.2285205121380834,0,FN
UTA,27,Fold3_part1/27/10,76665.3,78665.3,1,0.29405484315085145,0.23227545842386949,0,FN
UTA,27,Fold3_part1/27/10,77165.3,79165.3,1,0.2902312467946594,0.2276472885329239,0,FN
UTA,27,Fold3_part1/27/10,77665.3,79665.3,1,0.28688816097315906,0.22362531049215645,0,FN
UTA,27,Fold3_part1/27/10,78165.3,80165.3,1,0.3379962370532538,0.2874510492653012,0,FN
UTA,27,Fold3_part1/27/10,78665.3,80665.3,1,0.36025062782061806,0.31662565640302,0,FN
UTA,27,Fold3_part1/27/10,79165.3,81165.3,1,0.3304868233261674,0.27777994386852667,0,FN
UTA,27,Fold3_part1/27/10,79665.3,81665.3,1,0.3674556466337734,0.3262225964973694,0,FN
UTA,27,Fold3_part1/27/10,80165.3,82165.3,1,0.3674556466337734,0.3262225964973694,0,FN
UTA,27,Fold3_part1/27/10,80665.3,82665.3,1,0.39520827397928415,0.36378449294728393,0,FN
UTA,27,Fold3_part1/27/10,88165.3,90165.3,1,0.3846338630731866,0.3493687547073123,0,FN
UTA,27,Fold3_part1/27/10,88665.3,90665.3,1,0.39410574695013506,0.36227598686012835,0,FN
UTA,27,Fold3_part1/27/10,89165.3,91165.3,1,0.3633293457146004,0.32071793342559035,0,FN
UTA,27,Fold3_part1/27/10,89665.3,91665.3,1,0.36565952686725045,0.32382372990035785,0,FN
UTA,27,Fold3_part1/27/10,122665.3,124665.3,1,0.3874227997715207,0.3531591879114286,0,FN
UTA,27,Fold3_part1/27/10,139665.3,141665.3,1,0.37311086960572554,0.333802741102112,0,FN
UTA,27,Fold3_part1/27/10,152665.3,154665.3,1,0.37808063925333635,0.3404969610814776,0,FN
UTA,27,Fold3_part1/27/10,153665.3,155665.3,1,0.3739214777044828,0.334892561785857,0,FN
UTA,27,Fold3_part1/27/10,154165.3,156165.3,1,0.3677186745978886,0.32657424586132733,0,FN
UTA,27,Fold3_part1/27/10,154665.3,156665.3,1,0.37642988864309546,0.33827009855264767,0,FN
UTA,27,Fold3_part1/27/10,170665.3,172665.3,1,0.380979459065341,0.3444152803841798,0,FN
UTA,27,Fold3_part1/27/10,176665.3,178665.3,1,0.39807013564780624,0.3677058320699306,0,FN
UTA,27,Fold3_part1/27/10,177665.3,179665.3,1,0.31138718024735895,0.25361739485618595,0,FN
UTA,27,Fold3_part1/27/10,178165.3,180165.3,1,0.31747054574167666,0.2612429087720486,0,FN
UTA,27,Fold3_part1/27/10,178665.3,180665.3,1,0.39634648214740953,0.36534310048209856,0,FN
UTA,27,Fold3_part1/27/10,182165.3,184165.3,1,0.3596642126381,0.3158476540045248,0,FN
UTA,27,Fold3_part1/27/10,183165.3,185165.3,1,0.3716748278118893,0.33187406354951293,0,FN
UTA,27,Fold3_part1/27/10,183665.3,185665.3,1,0.38239857468225213,0.346337055967552,0,FN
UTA,27,Fold3_part1/27/10,186165.3,188165.3,1,0.39123143929544474,0.3583491340655418,0,FN
UTA,27,Fold3_part1/27/10,186665.3,188665.3,1,0.3962143365445137,0.3651620803490778,0,FN
UTA,27,Fold3_part1/27/10,191165.3,193165.3,1,0.3831597476044025,0.34736879170955287,0,FN
UTA,27,Fold3_part1/27/10,199665.3,201665.3,1,0.39393326107217524,0.36204009867672143,0,FN
UTA,27,Fold3_part1/27/10,203665.3,205665.3,1,0.3776330020906111,0.33989277638446314,0,FN
UTA,27,Fold3_part1/27/10,205665.3,207665.3,1,0.2604181339764919,0.1926281627746216,0,FN
UTA,27,Fold3_part1/27/10,206165.3,208165.3,1,0.37368412084274766,0.33457336361795575,0,FN
UTA,27,Fold3_part1/27/10,206665.3,208665.3,1,0.2877600255996773,0.22467199793032763,0,FN
UTA,27,Fold3_part1/27/10,207165.3,209165.3,1,0.29150496228107653,0.22918571498503254,0,FN
UTA,27,Fold3_part1/27/10,210665.3,212665.3,1,0.3929368253972437,0.36067798863478,0,FN
UTA,27,Fold3_part1/27/10,211665.3,213665.3,1,0.29232043345441205,0.23017240198558575,0,FN
UTA,27,Fold3_part1/27/10,212165.3,214165.3,1,0.35807162833578066,0.31373716151199105,0,FN
UTA,27,Fold3_part1/27/10,212665.3,214665.3,1,0.3590721819748824,0.3150626835495822,0,FN
UTA,27,Fold3_part1/27/10,213165.3,215165.3,1,0.3428418049288799,0.2937396770565573,0,FN
UTA,27,Fold3_part1/27/10,213665.3,215665.3,1,0.3914089239538284,0.3585913637587634,0,FN
UTA,27,Fold3_part1/27/10,214165.3,216165.3,1,0.39543270636536076,0.36409171730401,0,FN
UTA,27,Fold3_part1/27/10,219665.3,221665.3,1,0.3719711683027092,0.33227185278614024,0,FN
UTA,27,Fold3_part1/27/10,220165.3,222165.3,1,0.3430270865511218,0.2939808684703946,0,FN
UTA,27,Fold3_part1/27/10,223165.3,225165.3,1,0.3650357292891518,0.3229915895916778,0,FN
UTA,27,Fold3_part1/27/10,223665.3,225665.3,1,0.34897411629943353,0.30175038051826136,0,FN
UTA,27,Fold3_part1/27/10,224165.3,226165.3,1,0.3283679048675876,0.2750679739682201,0,FN
UTA,27,Fold3_part1/27/10,224665.3,226665.3,1,0.3065576568158166,0.24761244415667516,0,FN
UTA,27,Fold3_part1/27/10,225165.3,227165.3,1,0.31521370069617544,0.2584060577368239,0,FN
UTA,27,Fold3_part1/27/10,225665.3,227665.3,1,0.3293563314246954,0.2763321034276693,0,FN
UTA,27,Fold3_part1/27/10,226165.3,228165.3,1,0.31419292931482234,0.25712599152799254,0,FN
UTA,27,Fold3_part1/27/10,226665.3,228665.3,1,0.2868741311825353,0.22360848042884,0,FN
UTA,27,Fold3_part1/27/10,227165.3,229165.3,1,0.30823836428527307,0.24969722485454557,0,FN
UTA,27,Fold3_part1/27/10,227665.3,229665.3,1,0.3003276703821828,0.2399319070084312,0,FN
UTA,27,Fold3_part1/27/10,228165.3,230165.3,1,0.31361528422668233,0.25640245901221864,0,FN
UTA,27,Fold3_part1/27/10,228665.3,230665.3,1,0.31361528422668233,0.25640245901221864,0,FN
UTA,27,Fold3_part1/27/10,229165.3,231165.3,1,0.31361528422668233,0.25640245901221864,0,FN
UTA,27,Fold3_part1/27/10,229665.3,231665.3,1,0.3217150444855006,0.2666029984858716,0,FN
UTA,27,Fold3_part1/27/10,230165.3,232165.3,1,0.3302713925154183,0.2775038723602505,0,FN
UTA,27,Fold3_part1/27/10,230665.3,232665.3,1,0.29966767051594373,0.2391226570057629,0,FN
UTA,27,Fold3_part1/27/10,231165.3,233165.3,1,0.3038914551896289,0.2443162868664493,0,FN
UTA,27,Fold3_part1/27/10,231665.3,233665.3,1,0.30930608904008644,0.25102442335106023,0,FN
UTA,27,Fold3_part1/27/10,232165.3,234165.3,1,0.32840984517332966,0.2751215791340739,0,FN
UTA,27,Fold3_part1/27/10,232665.3,234665.3,1,0.3575367230836236,0.31302909870496076,0,FN
UTA,27,Fold3_part1/27/10,233165.3,235165.3,1,0.3433266898447518,0.29437099141556766,0,FN
UTA,27,Fold3_part1/27/10,233665.3,235665.3,1,0.2664776460232324,0.1995868451353164,0,FN
UTA,27,Fold3_part1/27/10,234665.3,236665.3,1,0.35158474841887477,0.305177830147837,0,FN
UTA,27,Fold3_part1/27/10,235165.3,237165.3,1,0.35535725639375326,0.31014827206113604,0,FN
UTA,27,Fold3_part1/27/10,235665.3,237665.3,1,0.287111690523498,0.2238935106409289,0,FN
UTA,27,Fold3_part1/27/10,236165.3,238165.3,1,0.39595638070362765,0.36480876865155937,0,FN
UTA,27,Fold3_part1/27/10,236665.3,238665.3,1,0.3212413821947479,0.2660032569639617,0,FN
UTA,27,Fold3_part1/27/10,237165.3,239165.3,1,0.3213766903932663,0.26617454108709193,0,FN
UTA,27,Fold3_part1/27/10,237665.3,239665.3,1,0.3381698985019246,0.2876757860397598,0,FN
UTA,27,Fold3_part1/27/10,238165.3,240165.3,1,0.26849321724843017,0.20191998560886715,0,FN
UTA,27,Fold3_part1/27/10,238665.3,240665.3,1,0.2764850982704978,0.21126003537689075,0,FN
UTA,27,Fold3_part1/27/10,239165.3,241165.3,1,0.32262114079651044,0.2677513786462336,0,FN
UTA,27,Fold3_part1/27/10,239665.3,241665.3,1,0.3624807644927884,0.31958870230769315,0,FN
UTA,27,Fold3_part1/27/10,240165.3,242165.3,1,0.35116037752219836,0.3046199973825524,0,FN
UTA,27,Fold3_part1/27/10,241165.3,243165.3,1,0.30371141830025294,0.24409420392601153,0,FN
UTA,27,Fold3_part1/27/10,242165.3,244165.3,1,0.3099531116121614,0.25182972498735495,0,FN
UTA,27,Fold3_part1/27/10,242665.3,244665.3,1,0.33172720157054403,0.2793709804496192,0,FN
UTA,27,Fold3_part1/27/10,243165.3,245165.3,1,0.3527096453303495,0.30665777399819066,0,FN
UTA,27,Fold3_part1/27/10,243665.3,245665.3,1,0.35235878772837964,0.30619597853251324,0,FN
UTA,27,Fold3_part1/27/10,244665.3,246665.3,1,0.36098828070942973,0.317604978876398,0,FN
UTA,27,Fold3_part1/27/10,245165.3,247165.3,1,0.3772202854202972,0.3393359364854632,0,FN
UTA,27,Fold3_part1/27/10,245665.3,247665.3,1,0.37194045066780174,0.33223061420465394,0,FN
UTA,27,Fold3_part1/27/10,246165.3,248165.3,1,0.36300439816402946,0.32028540181466103,0,FN
UTA,27,Fold3_part1/27/10,246665.3,248665.3,1,0.38829628205856215,0.3543480875486617,0,FN
UTA,27,Fold3_part1/27/10,247165.3,249165.3,1,0.3701164446848493,0.32978400851863576,0,FN
UTA,27,Fold3_part1/27/10,247665.3,249665.3,1,0.3525069809907925,0.30639100725556606,0,FN
UTA,27,Fold3_part1/27/10,248165.3,250165.3,1,0.3375806408870259,0.28691341886365157,0,FN
UTA,27,Fold3_part1/27/10,248665.3,250665.3,1,0.32047261972484203,0.26503070891391173,0,FN
UTA,27,Fold3_part1/27/10,249165.3,251165.3,1,0.38597086961510974,0.35118480323822115,0,FN
UTA,27,Fold3_part1/27/10,249665.3,251665.3,1,0.35640347936236577,0.3115303343122501,0,FN
UTA,27,Fold3_part1/27/10,250165.3,252165.3,1,0.3318313128513032,0.2795046409362876,0,FN
UTA,27,Fold3_part1/27/10,250665.3,252665.3,1,0.38514948032543395,0.35006887915658547,0,FN
UTA,27,Fold3_part1/27/10,251165.3,253165.3,1,0.34437156323589285,0.29573263983019266,0,FN
UTA,27,Fold3_part1/27/10,251665.3,253665.3,1,0.3604123447903438,0.31684029110429024,0,FN
UTA,27,Fold3_part1/27/10,252165.3,254165.3,1,0.3208718280816435,0.265535610019448,0,FN
UTA,27,Fold3_part1/27/10,252665.3,254665.3,1,0.3052067594274018,0.2459406618419642,0,FN
UTA,27,Fold3_part1/27/10,253165.3,255165.3,1,0.29060136227504735,0.22809398116626134,0,FN
UTA,27,Fold3_part1/27/10,253665.3,255665.3,1,0.3269548086405576,0.2732636013208069,0,FN
UTA,27,Fold3_part1/27/10,254165.3,256165.3,1,0.28978177174193565,0.22710519488175115,0,FN
UTA,27,Fold3_part1/27/10,254665.3,256665.3,1,0.31402915578666685,0.25692079393213807,0,FN
UTA,27,Fold3_part1/27/10,255165.3,257165.3,1,0.35109241356192344,0.30453068375860276,0,FN
UTA,27,Fold3_part1/27/10,255665.3,257665.3,1,0.37399382092988376,0.3349898629760718,0,FN
UTA,27,Fold3_part1/27/10,256165.3,258165.3,1,0.3007892347307268,0.24049835571311512,0,FN
UTA,27,Fold3_part1/27/10,256665.3,258665.3,1,0.29796170084246726,0.23703488147242577,0,FN
UTA,27,Fold3_part1/27/10,257165.3,259165.3,1,0.30437097400244223,0.24490809791405357,0,FN
UTA,27,Fold3_part1/27/10,257665.3,259665.3,1,0.2682897285098927,0.20168402104559954,0,FN
UTA,27,Fold3_part1/27/10,258165.3,260165.3,1,0.2839157732809131,0.22006884404953753,0,FN
UTA,27,Fold3_part1/27/10,258665.3,260665.3,1,0.273867181870262,0.2081849921907801,0,FN
UTA,27,Fold3_part1/27/10,259165.3,261165.3,1,0.2876232381026923,0.22450767790091097,0,FN
UTA,27,Fold3_part1/27/10,259665.3,261665.3,1,0.28978177174193565,0.22710519488175115,0,FN
UTA,27,Fold3_part1/27/10,260165.3,262165.3,1,0.28978177174193565,0.22710519488175115,0,FN
UTA,27,Fold3_part1/27/10,260665.3,262665.3,1,0.333013457532626,0.28102356679454554,0,FN
UTA,27,Fold3_part1/27/10,261165.3,263165.3,1,0.32474639809511074,0.27045054465995483,0,FN
UTA,27,Fold3_part1/27/10,261665.3,263665.3,1,0.3270464198742144,0.27338047586476233,0,FN
UTA,27,Fold3_part1/27/10,262165.3,264165.3,1,0.3636462518095841,0.3211398978901616,0,FN
UTA,27,Fold3_part1/27/10,262665.3,264665.3,1,0.32829480736708516,0.27497455298604156,0,FN
UTA,27,Fold3_part1/27/10,263165.3,265165.3,1,0.3201075694768553,0.2645692566834504,0,FN
UTA,27,Fold3_part1/27/10,263665.3,265665.3,1,0.32359836808244735,0.268991521367515,0,FN
UTA,27,Fold3_part1/27/10,264165.3,266165.3,1,0.313471334861162,0.25622224980754577,0,FN
UTA,27,Fold3_part1/27/10,264665.3,266665.3,1,0.3245967933320065,0.2702602834156589,0,FN
UTA,27,Fold3_part1/27/10,265665.3,267665.3,1,0.31743760046686,0.2612014303683302,0,FN
UTA,27,Fold3_part1/27/10,266165.3,268165.3,1,0.3497427595595361,0.3027584701956857,0,FN
UTA,27,Fold3_part1/27/10,266665.3,268665.3,1,0.3582885313968563,0.31402439372902496,0,FN
UTA,27,Fold3_part1/27/10,267165.3,269165.3,1,0.3147309123906844,0.2578003949867939,0,FN
UTA,27,Fold3_part1/27/10,267665.3,269665.3,1,0.30530810761768357,0.24606596269448802,0,FN
UTA,27,Fold3_part1/27/10,268165.3,270165.3,1,0.25613924414456296,0.18776531771993527,0,FN
UTA,27,Fold3_part1/27/10,268665.3,270665.3,1,0.2847034002735724,0.22100943622078265,0,FN
UTA,27,Fold3_part1/27/10,269165.3,271165.3,1,0.244316862943869,0.17455472153766022,0,FN
UTA,27,Fold3_part1/27/10,269665.3,271665.3,1,0.2890214840749301,0.22618918893208337,0,FN
UTA,27,Fold3_part1/27/10,270165.3,272165.3,1,0.2493232815576957,0.18010811517948336,0,FN
UTA,27,Fold3_part1/27/10,270665.3,272665.3,1,0.3248296344793925,0.2705564180806098,0,FN
UTA,27,Fold3_part1/27/10,271165.3,273165.3,1,0.3297658446816975,0.2768563258993771,0,FN
UTA,27,Fold3_part1/27/10,271665.3,273665.3,1,0.3706700300823761,0.3305261080395201,0,FN
UTA,27,Fold3_part1/27/10,272165.3,274165.3,1,0.35035343234000754,0.30356000366915864,0,FN
UTA,27,Fold3_part1/27/10,273165.3,275165.3,1,0.24288734951965815,0.1729802168886376,0,FN
UTA,27,Fold3_part1/27/10,273665.3,275665.3,1,0.33269137420279704,0.28060949586146344,0,FN
UTA,27,Fold3_part1/27/10,276665.3,278665.3,1,0.36627119700884775,0.32464019097737346,0,FN
UTA,27,Fold3_part1/27/10,277165.3,279165.3,1,0.3474396685297309,0.2997405637169447,0,FN
UTA,27,Fold3_part1/27/10,277665.3,279665.3,1,0.3964861415496808,0.36553443226277943,0,FN
UTA,27,Fold3_part1/27/10,279665.3,281665.3,1,0.39720009954015884,0.366512847952583,0,FN
UTA,27,Fold3_part1/27/10,281665.3,283665.3,1,0.31954146569459485,0.26385412516258616,0,FN
UTA,27,Fold3_part1/27/10,282665.3,284665.3,1,0.3872791517608505,0.3529637475087582,0,FN
UTA,27,Fold3_part1/27/10,283665.3,285665.3,1,0.38442402377082635,0.34908391213004386,0,FN
UTA,27,Fold3_part1/27/10,286165.3,288165.3,1,0.3915792390496806,0.35882383947710084,0,FN
UTA,27,Fold3_part1/27/10,286665.3,288665.3,1,0.39518295425282585,0.36374983607773126,0,FN
UTA,27,Fold3_part1/27/10,287165.3,289165.3,1,0.3978539801409643,0.36740937285983405,0,FN
UTA,27,Fold3_part1/27/10,289165.3,291165.3,1,0.38110181703662643,0.3445808868942154,0,FN
UTA,27,Fold3_part1/27/10,289665.3,291665.3,1,0.3633115357942894,0.32069422329460934,0,FN
UTA,27,Fold3_part1/27/10,290165.3,292165.3,1,0.3243574117368833,0.26995592833138543,0,FN
UTA,27,Fold3_part1/27/10,290665.3,292665.3,1,0.3316545382341089,0.27927770424716,0,FN
UTA,27,Fold3_part1/27/10,291165.3,293165.3,1,0.3236878750871017,0.2691051928479023,0,FN
UTA,27,Fold3_part1/27/10,291665.3,293665.3,1,0.3237934046225972,0.2692392304297589,0,FN
UTA,27,Fold3_part1/27/10,292165.3,294165.3,1,0.35223754256597445,0.30603643846488365,0,FN
UTA,27,Fold3_part1/27/10,292665.3,294665.3,1,0.3235465422958914,0.26892571039731034,0,FN
UTA,27,Fold3_part1/27/10,293165.3,295165.3,1,0.34303729086769347,0.2939941535456566,0,FN
UTA,27,Fold3_part1/27/10,293665.3,295665.3,1,0.3726900805862465,0.3332373333336098,0,FN
UTA,27,Fold3_part1/27/10,294665.3,296665.3,1,0.36732619388293863,0.32604956056960904,0,FN
UTA,27,Fold3_part1/27/10,295165.3,297165.3,1,0.30688180229795153,0.2480141030637237,0,FN
UTA,27,Fold3_part1/27/10,295665.3,297665.3,1,0.29183903146731094,0.22958976128174857,0,FN
UTA,27,Fold3_part1/27/10,296165.3,298165.3,1,0.2979643434969564,0.23703811111756679,0,FN
UTA,27,Fold3_part1/27/10,296665.3,298665.3,1,0.32351625967078007,0.2688872581751418,0,FN
UTA,27,Fold3_part1/27/10,297165.3,299165.3,1,0.30524603177866927,0.24598921349763847,0,FN
UTA,27,Fold3_part1/27/10,297665.3,299665.3,1,0.28596760740272,0.22252188927051259,0,FN
UTA,27,Fold3_part1/27/10,298165.3,300165.3,1,0.2849073132376313,0.22125316380131047,0,FN
UTA,27,Fold3_part1/27/10,298665.3,300665.3,1,0.31532683681345175,0.25854804959694766,0,FN
UTA,27,Fold3_part1/27/10,299165.3,301165.3,1,0.3668389264804671,0.32539843951104136,0,FN
UTA,27,Fold3_part1/27/10,299665.3,301665.3,1,0.3668389264804671,0.32539843951104136,0,FN
UTA,27,Fold3_part1/27/10,300165.3,302165.3,1,0.36578093690334484,0.323985749565514,0,FN
UTA,27,Fold3_part1/27/10,300665.3,302665.3,1,0.37638393289912553,0.33820815107262864,0,FN
UTA,27,Fold3_part1/27/10,301165.3,303165.3,1,0.24109806033173772,0.17101651392245523,0,FN
UTA,27,Fold3_part1/27/10,301665.3,303665.3,1,0.3068069556518471,0.2479213404770092,0,FN
UTA,27,Fold3_part1/27/10,302165.3,304165.3,1,0.3239604854120762,0.26945148652449413,0,FN
UTA,27,Fold3_part1/27/10,302665.3,304665.3,1,0.31981892994176003,0.26420456110637003,0,FN
UTA,27,Fold3_part1/27/10,303165.3,305165.3,1,0.2730708573385972,0.207252596166256,0,FN
UTA,27,Fold3_part1/27/10,303665.3,305665.3,1,0.30316546309767844,0.24342112832950988,0,FN
UTA,27,Fold3_part1/27/10,304165.3,306165.3,1,0.32493265703615615,0.27068747533846527,0,FN
UTA,27,Fold3_part1/27/10,304665.3,306665.3,1,0.3443767649452885,0.2957394227545091,0,FN
UTA,27,Fold3_part1/27/10,305165.3,307165.3,1,0.34981512982622703,0.3028534303372256,0,FN
UTA,27,Fold3_part1/27/10,305665.3,307665.3,1,0.35268720360756384,0.3066282310544345,0,FN
UTA,27,Fold3_part1/27/10,306165.3,308165.3,1,0.3694507913173643,0.3288921949491962,0,FN
UTA,27,Fold3_part1/27/10,306665.3,308665.3,1,0.3743930239920916,0.3355269044982986,0,FN
UTA,27,Fold3_part1/27/10,307165.3,309165.3,1,0.299028006501223,0.23833915919057486,0,FN
UTA,27,Fold3_part1/27/10,307665.3,309665.3,1,0.3108935297779668,0.2530015912004954,0,FN
UTA,27,Fold3_part1/27/10,308165.3,310165.3,1,0.2778958222221645,0.2129232791021742,0,FN
UTA,27,Fold3_part1/27/10,308665.3,310665.3,1,0.2778958222221645,0.2129232791021742,0,FN
UTA,27,Fold3_part1/27/10,309165.3,311165.3,1,0.2350567153841393,0.1644449223068878,0,FN
UTA,27,Fold3_part1/27/10,309665.3,311665.3,1,0.26380457846046007,0.1965067843292606,0,FN
UTA,27,Fold3_part1/27/10,311665.3,313665.3,1,0.333380705795307,0.2814959107511185,0,FN
UTA,27,Fold3_part1/27/10,312165.3,314165.3,1,0.2174964026649334,0.14587091616550354,0,FN
UTA,27,Fold3_part1/27/10,312665.3,314665.3,1,0.22271444467123097,0.15130665879281,0,FN
UTA,27,Fold3_part1/27/10,313165.3,315165.3,1,0.21213804590508512,0.1403641633486421,0,FN
UTA,27,Fold3_part1/27/10,313665.3,315665.3,1,0.28589563727589024,0.22243569687801862,0,FN
UTA,27,Fold3_part1/27/10,314165.3,316165.3,1,0.321910211798475,0.26685023030222355,0,FN
UTA,27,Fold3_part1/27/10,314665.3,316665.3,1,0.2502383088323219,0.18112964990954303,0,FN
UTA,27,Fold3_part1/27/10,315165.3,317165.3,1,0.26734285841522726,0.20058725829260227,0,FN
UTA,27,Fold3_part1/27/10,315665.3,317665.3,1,0.26371693125986934,0.19640606742422925,0,FN
UTA,27,Fold3_part1/27/10,316165.3,318165.3,1,0.2849073132376313,0.22125316380131047,0,FN
UTA,27,Fold3_part1/27/10,316665.3,318665.3,1,0.38285513022204426,0.3469558173330771,0,FN
UTA,27,Fold3_part1/27/10,320665.3,322665.3,1,0.3935497763041366,0.36151576140175806,0,FN
UTA,27,Fold3_part1/27/10,321665.3,323665.3,1,0.3796820628069533,0.34266037813110123,0,FN
UTA,27,Fold3_part1/27/10,324665.3,326665.3,1,0.3857005870057678,0.3508175197811854,0,FN
UTA,27,Fold3_part1/27/10,327665.3,329665.3,1,0.36994050769593734,0.3295482407855943,0,FN
UTA,27,Fold3_part1/27/10,328665.3,330665.3,1,0.27520901207758425,0.20975925517042945,0,FN
UTA,27,Fold3_part1/27/10,329665.3,331665.3,1,0.28988367773977625,0.22722806318528047,0,FN
UTA,27,Fold3_part1/27/10,330665.3,332665.3,1,0.31076562167201627,0.25284210640932786,0,FN
UTA,27,Fold3_part1/27/10,331165.3,333165.3,1,0.2660737549390304,0.19912041949272255,0,FN
UTA,27,Fold3_part1/27/10,331665.3,333665.3,1,0.33676867292344553,0.2858638281572475,0,FN
UTA,27,Fold3_part1/27/10,332165.3,334165.3,1,0.3080696799390867,0.2494877441696952,0,FN
UTA,27,Fold3_part1/27/10,333665.3,335665.3,1,0.37874635261598416,0.3413959278699354,0,FN
UTA,27,Fold3_part1/27/10,335165.3,337165.3,1,0.3701958672839065,0.3298904532075869,0,FN
UTA,27,Fold3_part1/27/10,335665.3,337665.3,1,0.307788494945355,0.24913867406580006,0,FN
UTA,27,Fold3_part1/27/10,341165.3,343165.3,1,0.38198506080806416,0.3457768337817928,0,FN
UTA,27,Fold3_part1/27/10,341665.3,343665.3,1,0.3477878864967198,0.3001963490782497,0,FN
UTA,27,Fold3_part1/27/10,342165.3,344165.3,1,0.32147479883897073,0.2662987549318937,0,FN
UTA,27,Fold3_part1/27/10,342665.3,344665.3,1,0.254402208415944,0.18580344247264344,0,FN
UTA,27,Fold3_part1/27/10,343165.3,345165.3,1,0.2691078322544847,0.20263325364348267,0,FN
UTA,27,Fold3_part1/27/10,345665.3,347665.3,1,0.37900270383628154,0.3417422395917904,0,FN
UTA,27,Fold3_part1/27/10,346165.3,348165.3,1,0.3973451691313849,0.3667117142860914,0,FN
UTA,27,Fold3_part1/27/10,346665.3,348665.3,1,0.37900270383628154,0.3417422395917904,0,FN
UTA,27,Fold3_part1/27/10,347165.3,349165.3,1,0.39476499133861,0.3631778344549578,0,FN
UTA,27,Fold3_part1/27/10,347665.3,349665.3,1,0.37900270383628154,0.3417422395917904,0,FN
UTA,27,Fold3_part1/27/10,348165.3,350165.3,1,0.38832410808671114,0.3543859752267558,0,FN
UTA,27,Fold3_part1/27/10,348665.3,350665.3,1,0.38832410808671114,0.3543859752267558,0,FN
UTA,27,Fold3_part1/27/10,379165.3,381165.3,1,0.3762704651405048,0.3380552095836622,0,FN
UTA,27,Fold3_part1/27/10,379665.3,381665.3,1,0.3926028045690388,0.3602216163156846,0,FN
UTA,27,Fold3_part1/27/10,385165.3,387165.3,1,0.3943220114629635,0.36257178856344624,0,FN
UTA,27,Fold3_part1/27/10,390165.3,392165.3,1,0.3953436237382022,0.3639697664950871,0,FN
UTA,27,Fold3_part1/27/10,390665.3,392665.3,1,0.3714079705558187,0.3315159452224843,0,FN
UTA,27,Fold3_part1/27/10,391165.3,393165.3,1,0.2798062663562285,0.21518254526389632,0,FN
UTA,27,Fold3_part1/27/10,391665.3,393665.3,1,0.3623075854112164,0.31935836746275087,0,FN
UTA,27,Fold3_part1/27/10,392165.3,394165.3,1,0.38472434303520364,0.34949159031119076,0,FN
UTA,27,Fold3_part1/27/10,395665.3,397665.3,1,0.39476499133861,0.3631778344549578,0,FN
UTA,27,Fold3_part1/27/10,396165.3,398165.3,1,0.3881438514995039,0.3541405542652854,0,FN
UTA,27,Fold3_part1/27/10,399665.3,401665.3,1,0.39900468143433887,0.36898809229488577,0,FN
UTA,27,Fold3_part1/27/10,400165.3,402165.3,1,0.39900468143433887,0.36898809229488577,0,FN
UTA,27,Fold3_part1/27/10,400665.3,402665.3,1,0.39403168954123036,0.36217470374166366,0,FN
UTA,27,Fold3_part1/27/10,401665.3,403665.3,1,0.39196230001769355,0.35934681844597993,0,FN
UTA,27,Fold3_part1/27/10,404665.3,406665.3,1,0.39476499133861,0.3631778344549578,0,FN
UTA,27,Fold3_part1/27/10,405165.3,407165.3,1,0.39476499133861,0.3631778344549578,0,FN
UTA,27,Fold3_part1/27/10,410165.3,412165.3,1,0.39476499133861,0.3631778344549578,0,FN
UTA,27,Fold3_part1/27/10,416665.3,418665.3,1,0.39476499133861,0.3631778344549578,0,FN
UTA,27,Fold3_part1/27/10,420665.3,422665.3,1,0.3981608408762179,0.36783024866341485,0,FN
UTA,27,Fold3_part1/27/10,421165.3,423165.3,1,0.38596890365253494,0.35118213142607363,0,FN
UTA,27,Fold3_part1/27/10,421665.3,423665.3,1,0.36130349335407597,0.318023688654457,0,FN
UTA,27,Fold3_part1/27/10,422165.3,424165.3,1,0.3825806084265928,0.34658373446552804,0,FN
UTA,27,Fold3_part1/27/10,422665.3,424665.3,1,0.3895798576725485,0.35609665941273233,0,FN
UTA,27,Fold3_part1/27/10,424665.3,426665.3,1,0.38639683045280543,0.3517637995226479,0,FN
UTA,27,Fold3_part1/27/10,425165.3,427165.3,1,0.33739829159644963,0.2866776126332801,0,FN
UTA,27,Fold3_part1/27/10,425665.3,427665.3,1,0.36417304246718324,0.3218416240602004,0,FN
UTA,27,Fold3_part1/27/10,426165.3,428165.3,1,0.375401377266532,0.3368842960818809,0,FN
UTA,27,Fold3_part1/27/10,426665.3,428665.3,1,0.37053700743671375,0.3303477512712129,0,FN
UTA,27,Fold3_part1/27/10,427165.3,429165.3,1,0.3820313035017955,0.345839472936207,0,FN
UTA,27,Fold3_part1/27/10,427665.3,429665.3,1,0.37053700743671375,0.3303477512712129,0,FN
UTA,27,Fold3_part1/27/10,428165.3,430165.3,1,0.37053700743671375,0.3303477512712129,0,FN
UTA,27,Fold3_part1/27/10,428665.3,430665.3,1,0.3806367783399434,0.343951568383526,0,FN
UTA,27,Fold3_part1/27/10,429165.3,431165.3,1,0.394694152836133,0.3630809061439251,0,FN
UTA,27,Fold3_part1/27/10,429665.3,431665.3,1,0.3616454881536225,0.31847812763901234,0,FN
UTA,27,Fold3_part1/27/10,430165.3,432165.3,1,0.35881920920013993,0.31472741645378266,0,FN
UTA,27,Fold3_part1/27/10,430665.3,432665.3,1,0.35881920920013993,0.31472741645378266,0,FN
UTA,27,Fold3_part1/27/10,431165.3,433165.3,1,0.3640566936312613,0.3216866064191448,0,FN
UTA,27,Fold3_part1/27/10,431665.3,433665.3,1,0.37689321617685717,0.33889479754359014,0,FN
UTA,27,Fold3_part1/27/10,432165.3,434165.3,1,0.33223240624859995,0.2800197422839107,0,FN
UTA,27,Fold3_part1/27/10,432665.3,434665.3,1,0.34595588265035626,0.29780047722355696,0,FN
UTA,27,Fold3_part1/27/10,433165.3,435165.3,1,0.37538078386126555,0.33685656191553076,0,FN
UTA,27,Fold3_part1/27/10,436665.3,438665.3,1,0.3871511452353359,0.352789607103636,0,FN
UTA,27,Fold3_part1/27/10,439665.3,441665.3,1,0.40114205496207433,0.3719238636686978,0,FN
UTA,27,Fold3_part1/27/10,441165.3,443165.3,1,0.3971324084784972,0.3664200618213101,0,FN
UTA,27,Fold3_part1/27/10,442665.3,444665.3,1,0.386951716823628,0.3525183398481417,0,FN
UTA,27,Fold3_part1/27/10,444165.3,446165.3,1,0.39988412237661825,0.3701955139042626,0,FN
UTA,27,Fold3_part1/27/10,445665.3,447665.3,1,0.3877335947977544,0.35358211718197863,0,FN
UTA,27,Fold3_part1/27/10,446165.3,448165.3,1,0.3877335947977544,0.35358211718197863,0,FN
UTA,27,Fold3_part1/27/10,447165.3,449165.3,1,0.3582111983746962,0.3139219785273746,0,FN
UTA,27,Fold3_part1/27/10,451165.3,453165.3,1,0.36776396032303793,0.3266347986685907,0,FN
UTA,27,Fold3_part1/27/10,451665.3,453665.3,1,0.3824622726302469,0.3464233703516886,0,FN
UTA,27,Fold3_part1/27/10,452165.3,454165.3,1,0.3910598245312275,0.35811494695656865,0,FN
UTA,27,Fold3_part1/27/10,452665.3,454665.3,1,0.3959133615278834,0.3647498534733547,0,FN
UTA,27,Fold3_part1/27/10,461165.3,463165.3,1,0.3791954399262863,0.34200266297607784,0,FN
UTA,27,Fold3_part1/27/10,461665.3,463665.3,1,0.363695828739527,0.32120592238546386,0,FN
UTA,27,Fold3_part1/27/10,462165.3,464165.3,1,0.29835120080442046,0.23751104707821297,0,FN
UTA,27,Fold3_part1/27/10,469165.3,471165.3,1,0.3991231375335802,0.36915068239726445,0,FN
UTA,27,Fold3_part1/27/10,469665.3,471665.3,1,0.3825839601350308,0.34658827680451065,0,FN
UTA,27,Fold3_part1/27/10,474665.3,476665.3,1,0.3236774923372188,0.2690920063203389,0,FN
UTA,27,Fold3_part1/27/10,475165.3,477165.3,1,0.3412774847364689,0.29170544577656654,0,FN
UTA,27,Fold3_part1/27/10,475665.3,477665.3,1,0.32582934222551685,0.27182894222100257,0,FN
UTA,27,Fold3_part1/27/10,476165.3,478165.3,1,0.32565881139797276,0.2716117522709099,0,FN
UTA,27,Fold3_part1/27/10,476665.3,478665.3,1,0.3823378628844161,0.3462547923054299,0,FN
UTA,27,Fold3_part1/27/10,477165.3,479165.3,1,0.37447464635514083,0.33563673388375176,0,FN
UTA,27,Fold3_part1/27/10,477665.3,479665.3,1,0.37763768845423434,0.33989910042439603,0,FN
UTA,27,Fold3_part1/27/10,480165.3,482165.3,1,0.39695608117647296,0.3661783859794888,0,FN
UTA,27,Fold3_part1/27/10,480665.3,482665.3,1,0.3964424348512505,0.36547455250684596,0,FN
UTA,27,Fold3_part1/27/10,482665.3,484665.3,1,0.32810230636493704,0.27472857383083343,0,FN
UTA,27,Fold3_part1/27/10,483165.3,485165.3,1,0.2520364557423747,0.18314293215784042,0,FN
UTA,27,Fold3_part1/27/10,483665.3,485665.3,1,0.270414895168008,0.20415292266027943,0,FN
UTA,27,Fold3_part1/27/10,484165.3,486165.3,1,0.3201045147661732,0.2645653962865687,0,FN
UTA,27,Fold3_part1/27/10,486165.3,488165.3,1,0.37542903500830915,0.33692154495498444,0,FN
UTA,27,Fold3_part1/27/10,487165.3,489165.3,1,0.3158287779574347,0.25917829345288884,0,FN
UTA,27,Fold3_part1/27/10,487665.3,489665.3,1,0.2875593722997203,0.22443097051404592,0,FN
UTA,27,Fold3_part1/27/10,488165.3,490165.3,1,0.2917675661444442,0.22950330705901553,0,FN
UTA,27,Fold3_part1/27/10,488665.3,490665.3,1,0.34322788197531173,0.29424231518619626,0,FN
UTA,27,Fold3_part1/27/10,490665.3,492665.3,1,0.3809402158279239,0.3443621699388032,0,FN
UTA,27,Fold3_part1/27/10,491665.3,493665.3,1,0.3981738043600311,0.3678480307896234,0,FN
UTA,27,Fold3_part1/27/10,494165.3,496165.3,1,0.3914618267908277,0.35866357152152545,0,FN
UTA,27,Fold3_part1/27/10,496665.3,498665.3,1,0.3989551735584497,0.3689201429357857,0,FN
UTA,27,Fold3_part1/27/10,497165.3,499165.3,1,0.2370560129864032,0.1666096174769748,0,FN
UTA,27,Fold3_part1/27/10,497665.3,499665.3,1,0.3074572229277774,0.24872761663631981,0,FN
UTA,27,Fold3_part1/27/10,498165.3,500165.3,1,0.2370560129864032,0.1666096174769748,0,FN
UTA,27,Fold3_part1/27/10,498665.3,500665.3,1,0.24726611244137783,0.17781884711533127,0,FN
UTA,27,Fold3_part1/27/10,499165.3,501165.3,1,0.2370560129864032,0.1666096174769748,0,FN
UTA,27,Fold3_part1/27/10,499665.3,501665.3,1,0.2989202005251821,0.2382071915670927,0,FN
UTA,27,Fold3_part1/27/10,500165.3,502165.3,1,0.2961386613637962,0.23481021423930426,0,FN
UTA,27,Fold3_part1/27/10,502665.3,504665.3,1,0.38602829481189915,0.3512628479800371,0,FN
UTA,27,Fold3_part1/27/10,505165.3,507165.3,1,0.35642542561145457,0.3115593419746222,0,FN
UTA,27,Fold3_part1/27/10,510165.3,512165.3,1,0.3954659231606098,0.3641371919004408,0,FN
UTA,27,Fold3_part1/27/10,551665.3,553665.3,1,0.3707546615389253,0.33063959357300093,0,FN
UTA,27,Fold3_part1/27/10,552165.3,554165.3,1,0.294149580259983,0.23239050708225925,0,FN
UTA,27,Fold3_part1/27/10,552665.3,554665.3,1,0.2891437801284757,0.22633645265326938,0,FN
UTA,27,Fold3_part1/27/10,553165.3,555165.3,1,0.3139355421292337,0.2568035241854268,0,FN
UTA,27,Fold3_part1/27/10,560165.3,562165.3,1,0.36471619151423645,0.32256552881702355,0,FN
UTA,27,Fold3_part1/27/10,576665.3,578665.3,1,0.38124820496566675,0.34477903972416357,0,FN
UTA,27,Fold3_part1/27/10,577165.3,579165.3,1,0.3543825708881846,0.30886211525640145,0,FN
UTA,27,Fold3_part1/27/10,579165.3,581165.3,1,0.35039532093422815,0.30361500441057876,0,FN
UTA,27,Fold3_part1/27/10,580165.3,582165.3,1,0.3847532286431424,0.3495308073429829,0,FN
UTA,28,Fold3_part1/28/0,1667.47,3667.47,0,0.43087909127989843,0.41316668756389513,1,FP
UTA,28,Fold3_part1/28/0,2167.4700000000003,4167.47,0,0.4251711243407325,0.4051992619809068,1,FP
UTA,28,Fold3_part1/28/0,2667.4700000000003,4667.47,0,0.49837435508447864,0.5083158423837525,1,FP
UTA,28,Fold3_part1/28/0,3167.4700000000003,5167.47,0,0.6006722331398465,0.6501213730022197,1,FP
UTA,28,Fold3_part1/28/0,3667.47,5667.47,0,0.55446797217331,0.5870207560825056,1,FP
UTA,28,Fold3_part1/28/0,4167.47,6167.47,0,0.7207697230197281,0.7994602054923058,1,FP
UTA,28,Fold3_part1/28/0,4667.47,6667.47,0,0.7845317191928274,0.8663632635940819,1,FP
UTA,28,Fold3_part1/28/0,5167.47,7167.47,0,0.7254172077451944,0.8046688943052184,1,FP
UTA,28,Fold3_part1/28/0,5667.47,7667.47,0,0.7982404403029033,0.8793819266184321,1,FP
UTA,28,Fold3_part1/28/0,6167.47,8167.47,0,0.6407863999960013,0.7027867951356286,1,FP
UTA,28,Fold3_part1/28/0,6667.47,8667.470000000001,0,0.6262785809334201,0.6840103542865213,1,FP
UTA,28,Fold3_part1/28/0,7167.47,9167.47,0,0.5678908055271277,0.6055674824263988,1,FP
UTA,28,Fold3_part1/28/0,7667.47,9667.47,0,0.5259916410554248,0.5472473891817912,1,FP
UTA,28,Fold3_part1/28/0,8167.47,10167.47,0,0.4714326666523844,0.47022386138399686,1,FP
UTA,28,Fold3_part1/28/0,8667.470000000001,10667.47,0,0.46748152846790225,0.4646415394400818,1,FP
UTA,28,Fold3_part1/28/0,9167.47,11167.47,0,0.4404553915927522,0.4265773738554524,1,FP
UTA,28,Fold3_part1/28/0,9667.47,11667.47,0,0.4068508576399929,0.37978591389142397,1,FP
UTA,28,Fold3_part1/28/0,11667.47,13667.47,0,0.47935693806403323,0.4814260917358769,1,FP
UTA,28,Fold3_part1/28/0,12167.47,14167.47,0,0.5976025139481947,0.6460006286615075,1,FP
UTA,28,Fold3_part1/28/0,12667.47,14667.47,0,0.5788488427363245,0.6205878630332029,1,FP
UTA,28,Fold3_part1/28/0,15167.47,17167.47,0,0.432229926179159,0.4150552327316707,1,FP
UTA,28,Fold3_part1/28/0,15667.47,17667.47,0,0.4144146407223402,0.39024633455225066,1,FP
UTA,28,Fold3_part1/28/0,16667.47,18667.47,0,0.4449988509971722,0.4329568136572572,1,FP
UTA,28,Fold3_part1/28/0,17167.47,19167.47,0,0.43760293753709334,0.4225775093801174,1,FP
UTA,28,Fold3_part1/28/0,17667.47,19667.47,0,0.5194326168963527,0.5380242623381134,1,FP
UTA,28,Fold3_part1/28/0,18167.47,20167.47,0,0.5482232911866772,0.5783434606488145,1,FP
UTA,28,Fold3_part1/28/0,18667.47,20667.47,0,0.6310329226713877,0.6901995499774253,1,FP
UTA,28,Fold3_part1/28/0,19167.47,21167.47,0,0.7546343571582859,0.8362495015953771,1,FP
UTA,28,Fold3_part1/28/0,19667.47,21667.47,0,0.6861143627528496,0.7591259202090601,1,FP
UTA,28,Fold3_part1/28/0,20167.47,22167.47,0,0.6294559240605182,0.6881504169738861,1,FP
UTA,28,Fold3_part1/28/0,20667.47,22667.47,0,0.41851973505087786,0.39594285781749794,1,FP
UTA,28,Fold3_part1/28/0,21167.47,23167.47,0,0.4137454132506763,0.38931891566948107,1,FP
UTA,28,Fold3_part1/28/0,23667.47,25667.47,0,0.43581047615204704,0.42006623764490114,1,FP
UTA,28,Fold3_part1/28/0,24167.47,26167.47,0,0.4510513533901587,0.44146941889770686,1,FP
UTA,28,Fold3_part1/28/0,24667.47,26667.47,0,0.4706024620960611,0.46905069392967524,1,FP
UTA,28,Fold3_part1/28/0,25167.47,27167.47,0,0.40861472922005015,0.38222096435332076,1,FP
UTA,28,Fold3_part1/28/0,26667.47,28667.47,0,0.4064857065514559,0.37928215677339405,1,FP
UTA,28,Fold3_part1/28/0,27167.47,29167.47,0,0.43167822690385516,0.4142837923191755,1,FP
UTA,28,Fold3_part1/28/0,27667.47,29667.47,0,0.42861951535486914,0.4100101771563921,1,FP
UTA,28,Fold3_part1/28/0,28167.47,30167.47,0,0.47529741572002815,0.47568645099730344,1,FP
UTA,28,Fold3_part1/28/0,30167.47,32167.47,0,0.43117620035914517,0.4135819684862082,1,FP
UTA,28,Fold3_part1/28/0,31167.47,33167.47,0,0.43637408953682016,0.42085568100719156,1,FP
UTA,28,Fold3_part1/28/0,32667.47,34667.47,0,0.45575744557317194,0.44809820563963076,1,FP
UTA,28,Fold3_part1/28/0,33167.47,35167.47,0,0.47463783714080415,0.47475404257015025,1,FP
UTA,28,Fold3_part1/28/0,33667.47,35667.47,0,0.5656967425060315,0.6025464396881879,1,FP
UTA,28,Fold3_part1/28/0,34167.47,36167.47,0,0.5874710705108378,0.6323205788306939,1,FP
UTA,28,Fold3_part1/28/0,34667.47,36667.47,0,0.4685426794056591,0.4661404999935761,1,FP
UTA,28,Fold3_part1/28/0,37167.47,39167.47,0,0.40877782147562497,0.3824462514316034,1,FP
UTA,28,Fold3_part1/28/0,39667.47,41667.47,0,0.4310484201349601,0.41340335850010734,1,FP
UTA,28,Fold3_part1/28/0,40167.47,42167.47,0,0.43808875311295464,0.42325844527264006,1,FP
UTA,28,Fold3_part1/28/0,44167.47,46167.47,0,0.4102583062287917,0.38449235187236397,1,FP
UTA,28,Fold3_part1/28/0,59167.47,61167.47,0,0.414607211755396,0.39051326656361324,1,FP
UTA,28,Fold3_part1/28/0,59667.47,61667.47,0,0.41200746857681586,0.3869121487987458,1,FP
UTA,28,Fold3_part1/28/0,60167.47,62167.47,0,0.43481298142569674,0.41866949844488077,1,FP
UTA,28,Fold3_part1/28/0,60667.47,62667.47,0,0.4114242437611265,0.3861050315508929,1,FP
UTA,28,Fold3_part1/28/0,61167.47,63167.47,0,0.42052323127070207,0.3987276843135347,1,FP
UTA,28,Fold3_part1/28/0,61667.47,63667.47,0,0.44228520652930997,0.42914541308467846,1,FP
UTA,28,Fold3_part1/28/0,63167.47,65167.47,0,0.4462895633819791,0.4347708438132918,1,FP
UTA,28,Fold3_part1/28/0,63667.47,65667.47,0,0.46517526297839,0.4613845427909488,1,FP
UTA,28,Fold3_part1/28/0,64167.47,66167.47,0,0.42553074711915523,0.4057006114234832,1,FP
UTA,28,Fold3_part1/28/0,64667.47,66667.47,0,0.48155581897181204,0.4845355115363033,1,FP
UTA,28,Fold3_part1/28/0,65167.47,67167.47,0,0.5307381994043329,0.5539097198178933,1,FP
UTA,28,Fold3_part1/28/0,65667.47,67667.47,0,0.48567265852698654,0.4903575102508842,1,FP
UTA,28,Fold3_part1/28/0,66167.47,68167.47,0,0.5948925538012642,0.642353285858925,1,FP
UTA,28,Fold3_part1/28/0,66667.47,68667.47,0,0.5818912502585617,0.6247368745540396,1,FP
UTA,28,Fold3_part1/28/0,67167.47,69167.47,0,0.6411555493603396,0.7032602121705104,1,FP
UTA,28,Fold3_part1/28/0,67667.47,69667.47,0,0.7565007420984141,0.838196289131473,1,FP
UTA,28,Fold3_part1/28/0,68167.47,70167.47,0,0.6842210756711256,0.7568500060710586,1,FP
UTA,28,Fold3_part1/28/0,68667.47,70667.47,0,0.7753135003879752,0.8573256956898069,1,FP
UTA,28,Fold3_part1/28/0,69167.47,71167.47,0,0.6618951455073684,0.7294880190894801,1,FP
UTA,28,Fold3_part1/28/0,69667.47,71667.47,0,0.6878835192147537,0.761246112234042,1,FP
UTA,28,Fold3_part1/28/0,70167.47,72167.47,0,0.6251676915940262,0.6825592998054808,1,FP
UTA,28,Fold3_part1/28/0,70667.47,72667.47,0,0.628130501719441,0.6864252494029578,1,FP
UTA,28,Fold3_part1/28/0,71167.47,73167.47,0,0.6272915385677464,0.6853318839159945,1,FP
UTA,28,Fold3_part1/28/0,71667.47,73667.47,0,0.6066143999607658,0.6580644164818662,1,FP
UTA,28,Fold3_part1/28/0,72167.47,74167.47,0,0.6336725985371978,0.6936209412127377,1,FP
UTA,28,Fold3_part1/28/0,72667.47,74667.47,0,0.6345055670659492,0.694698335594958,1,FP
UTA,28,Fold3_part1/28/0,73167.47,75167.47,0,0.6878835192147537,0.761246112234042,1,FP
UTA,28,Fold3_part1/28/0,73667.47,75667.47,0,0.7239428698301287,0.8030218677382581,1,FP
UTA,28,Fold3_part1/28/0,74167.47,76167.47,0,0.7313484054915995,0.8112440998497713,1,FP
UTA,28,Fold3_part1/28/0,74667.47,76667.47,0,0.7313484054915995,0.8112440998497713,1,FP
UTA,28,Fold3_part1/28/0,75167.47,77167.47,0,0.743011826153172,0.82393257091432,1,FP
UTA,28,Fold3_part1/28/0,75667.47,77667.47,0,0.6489006222562007,0.7131410295674748,1,FP
UTA,28,Fold3_part1/28/0,76167.47,78167.47,0,0.7006616053685597,0.7763690353577288,1,FP
UTA,28,Fold3_part1/28/0,76667.47,78667.47,0,0.6483518209960085,0.712444198113214,1,FP
UTA,28,Fold3_part1/28/0,77167.47,79167.47,0,0.7310415351491238,0.810905916282095,1,FP
UTA,28,Fold3_part1/28/0,77667.47,79667.47,0,0.7578164467795755,0.8395634349726825,1,FP
UTA,28,Fold3_part1/28/0,78167.47,80167.47,0,0.7723536144479767,0.8543763979839208,1,FP
UTA,28,Fold3_part1/28/0,78667.47,80667.47,0,0.7339449833021457,0.8140967956718654,1,FP
UTA,28,Fold3_part1/28/0,79167.47,81167.47,0,0.5182691027519599,0.5363863310727586,1,FP
UTA,28,Fold3_part1/28/0,80167.47,82167.47,0,0.4235909144337944,0.402997335922496,1,FP
UTA,28,Fold3_part1/28/0,80667.47,82667.47,0,0.5002436744295207,0.5109572794648176,1,FP
UTA,28,Fold3_part1/28/0,81167.47,83167.47,0,0.5465200308745279,0.5759718290271606,1,FP
UTA,28,Fold3_part1/28/0,81667.47,83667.47,0,0.7737040967913725,0.8557248851358151,1,FP
UTA,28,Fold3_part1/28/0,82167.47,84167.47,0,0.756416145641059,0.8381082366967191,1,FP
UTA,28,Fold3_part1/28/0,82667.47,84667.47,0,0.6786995494185424,0.7501719907668519,1,FP
UTA,28,Fold3_part1/28/0,83167.47,85167.47,0,0.6999689715673547,0.7755580312036294,1,FP
UTA,28,Fold3_part1/28/0,83667.47,85667.47,0,0.7017898162089555,0.7776878773259018,1,FP
UTA,28,Fold3_part1/28/0,84167.47,86167.47,0,0.6314650087480436,0.690760331836705,1,FP
UTA,28,Fold3_part1/28/0,84667.47,86667.47,0,0.679075388245375,0.7506284494656728,1,FP
UTA,28,Fold3_part1/28/0,85167.47,87167.47,0,0.4230832956477324,0.4022903650784064,1,FP
UTA,28,Fold3_part1/28/0,89167.47,91167.47,0,0.4392277780384688,0.4248554304602443,1,FP
UTA,28,Fold3_part1/28/0,90167.47,92167.47,0,0.4109311496104708,0.38542286449577096,1,FP
UTA,28,Fold3_part1/28/0,91167.47,93167.47,0,0.43661115970699543,0.42118779330852035,1,FP
UTA,28,Fold3_part1/28/0,91667.47,93667.47,0,0.4153328097460503,0.3915193163128986,1,FP
UTA,28,Fold3_part1/28/0,92167.47,94167.47,0,0.4315282136017134,0.41407406052741286,1,FP
UTA,28,Fold3_part1/28/0,93667.47,95667.47,0,0.42013324802219326,0.3981853826007625,1,FP
UTA,28,Fold3_part1/28/0,94167.47,96167.47,0,0.4537218848332456,0.4452300389759745,1,FP
UTA,28,Fold3_part1/28/0,95167.47,97167.47,0,0.43766860264726876,0.4226695405039132,1,FP
UTA,28,Fold3_part1/28/0,97167.47,99167.47,0,0.4147481980009956,0.39070871304727,1,FP
UTA,28,Fold3_part1/28/0,97667.47,99667.47,0,0.42308119980401815,0.4022874465269272,1,FP
UTA,28,Fold3_part1/28/0,98167.47,100167.47,0,0.4448739234063855,0.4327812739544143,1,FP
UTA,28,Fold3_part1/28/0,98667.47,100667.47,0,0.4797952181637182,0.482045839402194,1,FP
UTA,28,Fold3_part1/28/0,99167.47,101167.47,0,0.5456235049239717,0.5747226991658813,1,FP
UTA,28,Fold3_part1/28/0,99667.47,101667.47,0,0.4852643920786542,0.48978013644303564,1,FP
UTA,28,Fold3_part1/28/0,100167.47,102167.47,0,0.46130505874799377,0.4559216433518309,1,FP
UTA,28,Fold3_part1/28/0,100667.47,102667.47,0,0.4081498260098179,0.38157889696770597,1,FP
UTA,28,Fold3_part1/28/0,101167.47,103167.47,0,0.4128809320619649,0.3881214453234878,1,FP
UTA,28,Fold3_part1/28/0,101667.47,103667.47,0,0.43836831534413084,0.42365034617561104,1,FP
UTA,28,Fold3_part1/28/0,102167.47,104167.47,0,0.4468135738524,0.43550752330525483,1,FP
UTA,28,Fold3_part1/28/0,102667.47,104667.47,0,0.48538498976194966,0.48995068678145465,1,FP
UTA,28,Fold3_part1/28/0,103167.47,105167.47,0,0.48538498976194966,0.48995068678145465,1,FP
UTA,28,Fold3_part1/28/0,103667.47,105667.47,0,0.43643571955910815,0.42094201572203527,1,FP
UTA,28,Fold3_part1/28/0,104167.47,106167.47,0,0.4309376079247867,0.4132484742978286,1,FP
UTA,28,Fold3_part1/28/0,104667.47,106667.47,0,0.43007994350631884,0.4120499561973771,1,FP
UTA,28,Fold3_part1/28/0,106167.47,108167.47,0,0.4308197928486351,0.41308381028883734,1,FP
UTA,28,Fold3_part1/28/0,107167.47,109167.47,0,0.4309376079247867,0.4132484742978286,1,FP
UTA,28,Fold3_part1/28/0,107667.47,109667.47,0,0.4719473974487463,0.47095128432379446,1,FP
UTA,28,Fold3_part1/28/0,108167.47,110167.47,0,0.524785085558652,0.5455521545329088,1,FP
UTA,28,Fold3_part1/28/0,108667.47,110667.47,0,0.43771092235845777,0.4227288537505662,1,FP
UTA,28,Fold3_part1/28/0,111167.47,113167.47,0,0.41324058318169427,0.38861955704729445,1,FP
UTA,28,Fold3_part1/28/0,111667.47,113667.47,0,0.41382457246814686,0.3894285962554987,1,FP
UTA,28,Fold3_part1/28/0,112667.47,114667.47,0,0.46453603069992333,0.4604819996707689,1,FP
UTA,28,Fold3_part1/28/0,115667.47,117667.47,0,0.42963559887370306,0.411429198726559,1,FP
UTA,28,Fold3_part1/28/0,116167.47,118167.47,0,0.6047152832956141,0.6555307313960114,1,FP
UTA,28,Fold3_part1/28/0,116667.47,118667.47,0,0.6271980786724126,0.6852100182236905,1,FP
UTA,28,Fold3_part1/28/0,117167.47,119167.47,0,0.6120994869805629,0.6653556192052837,1,FP
UTA,28,Fold3_part1/28/0,117667.47,119667.47,0,0.6344161976059027,0.6945827936422034,1,FP
UTA,28,Fold3_part1/28/0,118167.47,120167.47,0,0.7399879649491562,0.820674107322833,1,FP
UTA,28,Fold3_part1/28/0,118667.47,120667.47,0,0.7208001936227361,0.7994945157438257,1,FP
UTA,28,Fold3_part1/28/0,119167.47,121167.47,0,0.7399879649491562,0.820674107322833,1,FP
UTA,28,Fold3_part1/28/0,119667.47,121667.47,0,0.618619849227192,0.6739696997108937,1,FP
UTA,28,Fold3_part1/28/0,120167.47,122167.47,0,0.448164167180075,0.4374067963267361,1,FP
UTA,28,Fold3_part1/28/0,120667.47,122667.47,0,0.6785907226314086,0.750039768502991,1,FP
UTA,28,Fold3_part1/28/0,121167.47,123167.47,0,0.7171309866127992,0.7953478732143632,1,FP
UTA,28,Fold3_part1/28/0,121667.47,123667.47,0,0.7335599243330992,0.8136747564739638,1,FP
UTA,28,Fold3_part1/28/0,122167.47,124167.47,0,0.747114790685192,0.8283184834565426,1,FP
UTA,28,Fold3_part1/28/0,122667.47,124667.47,0,0.6204221287558201,0.6763401568970501,1,FP
UTA,28,Fold3_part1/28/0,123167.47,125167.47,0,0.6113159997518496,0.6643166117086261,1,FP
UTA,28,Fold3_part1/28/0,123667.47,125667.47,0,0.6113159997518496,0.6643166117086261,1,FP
UTA,28,Fold3_part1/28/0,124167.47,126167.47,0,0.6131043215168877,0.6666869414319305,1,FP
UTA,28,Fold3_part1/28/0,124667.47,126667.47,0,0.6353567471360912,0.6957981609859064,1,FP
UTA,28,Fold3_part1/28/0,125167.47,127167.47,0,0.7535687632769315,0.8351341073555274,1,FP
UTA,28,Fold3_part1/28/0,125667.47,127667.47,0,0.7660367247659863,0.8480060974448237,1,FP
UTA,28,Fold3_part1/28/0,126167.47,128167.47,0,0.7892979038956537,0.8709472563567544,1,FP
UTA,28,Fold3_part1/28/0,126667.47,128667.47,0,0.7751967534774209,0.8572097999842424,1,FP
UTA,28,Fold3_part1/28/0,127167.47,129167.47,0,0.7892979038956537,0.8709472563567544,1,FP
UTA,28,Fold3_part1/28/0,127667.47,129667.47,0,0.7407980783567636,0.821549229577618,1,FP
UTA,28,Fold3_part1/28/0,128167.47,130167.47,0,0.6512513034688113,0.7161199642653592,1,FP
UTA,28,Fold3_part1/28/0,128667.47,130667.47,0,0.636087640820482,0.6967416508001224,1,FP
UTA,28,Fold3_part1/28/0,129167.47,131167.47,0,0.6366537926789833,0.6974718989537478,1,FP
UTA,28,Fold3_part1/28/0,129667.47,131667.47,0,0.7407253765698347,0.8214707580730767,1,FP
UTA,28,Fold3_part1/28/0,130167.47,132167.47,0,0.7656048809636415,0.8475668506661287,1,FP
UTA,28,Fold3_part1/28/0,130667.47,132667.47,0,0.7656048809636415,0.8475668506661287,1,FP
UTA,28,Fold3_part1/28/0,131167.47,133167.47,0,0.7738335851279178,0.8558539324113227,1,FP
UTA,28,Fold3_part1/28/0,131667.47,133667.47,0,0.636087640820482,0.6967416508001224,1,FP
UTA,28,Fold3_part1/28/0,132167.47,134167.47,0,0.636087640820482,0.6967416508001224,1,FP
UTA,28,Fold3_part1/28/0,132667.47,134667.47,0,0.6304794930347265,0.6894808636382063,1,FP
UTA,28,Fold3_part1/28/0,133167.47,135167.47,0,0.6212245779024499,0.677394082836096,1,FP
UTA,28,Fold3_part1/28/0,133667.47,135667.47,0,0.7648238973241139,0.8467712667754883,1,FP
UTA,28,Fold3_part1/28/0,134167.47,136167.47,0,0.7406625779074096,0.8214029653985165,1,FP
UTA,28,Fold3_part1/28/0,134667.47,136667.47,0,0.7533329218107843,0.834886862223476,1,FP
UTA,28,Fold3_part1/28/0,135167.47,137167.47,0,0.6046320301082039,0.6554195534491972,1,FP
UTA,28,Fold3_part1/28/0,135667.47,137667.47,0,0.5535823298719059,0.5857918782655063,1,FP
UTA,28,Fold3_part1/28/0,136167.47,138167.47,0,0.5150857379933168,0.5319024288678816,1,FP
UTA,28,Fold3_part1/28/0,136667.47,138667.47,0,0.5414536925031826,0.5689058978709207,1,FP
UTA,28,Fold3_part1/28/0,137167.47,139167.47,0,0.5155051794872778,0.5324934337635189,1,FP
UTA,28,Fold3_part1/28/0,137667.47,139667.47,0,0.5534832452930423,0.585654355687148,1,FP
UTA,28,Fold3_part1/28/0,138167.47,140167.47,0,0.5810167553154851,0.6235452923209931,1,FP
UTA,28,Fold3_part1/28/0,138667.47,140667.47,0,0.4199770841028984,0.39796825579904876,1,FP
UTA,28,Fold3_part1/28/0,139167.47,141167.47,0,0.45166804592924953,0.44233760471951133,1,FP
UTA,28,Fold3_part1/28/0,139667.47,141667.47,0,0.5380910960663139,0.5642071393372133,1,FP
UTA,28,Fold3_part1/28/0,140167.47,142167.47,0,0.46181550081613043,0.4566419305794544,1,FP
UTA,28,Fold3_part1/28/0,140667.47,142667.47,0,0.4301289426202498,0.4121184163579594,1,FP
UTA,28,Fold3_part1/28/0,141167.47,143167.47,0,0.56048346023706,0.5953512217550513,1,FP
UTA,28,Fold3_part1/28/0,141667.47,143667.47,0,0.5247386779234579,0.5454869377738872,1,FP
UTA,28,Fold3_part1/28/0,142167.47,144167.47,0,0.5419885864927867,0.5696526921775711,1,FP
UTA,28,Fold3_part1/28/0,142667.47,144667.47,0,0.47269327937561734,0.47200544141592177,1,FP
UTA,28,Fold3_part1/28/0,143167.47,145167.47,0,0.5293811209223055,0.5520060330406592,1,FP
UTA,28,Fold3_part1/28/0,143667.47,145667.47,0,0.621663912894918,0.677970705556407,1,FP
UTA,28,Fold3_part1/28/0,144167.47,146167.47,0,0.6120847688400258,0.665336108677706,1,FP
UTA,28,Fold3_part1/28/0,144667.47,146667.47,0,0.6268397943254926,0.6847427170415245,1,FP
UTA,28,Fold3_part1/28/0,145167.47,147167.47,0,0.6120847688400258,0.665336108677706,1,FP
UTA,28,Fold3_part1/28/0,145667.47,147667.47,0,0.6144397846936489,0.6684541797803998,1,FP
UTA,28,Fold3_part1/28/0,146167.47,148167.47,0,0.6144397846936489,0.6684541797803998,1,FP
UTA,28,Fold3_part1/28/0,146667.47,148667.47,0,0.6080340792435985,0.6599553948830844,1,FP
UTA,28,Fold3_part1/28/0,147167.47,149167.47,0,0.6040251591596132,0.654608857165375,1,FP
UTA,28,Fold3_part1/28/0,147667.47,149667.47,0,0.6295754854529355,0.6883059067033536,1,FP
UTA,28,Fold3_part1/28/0,148167.47,150167.47,0,0.5835242001304599,0.6269597534027289,1,FP
UTA,28,Fold3_part1/28/0,148667.47,150667.47,0,0.615187952135951,0.6694431661275702,1,FP
UTA,28,Fold3_part1/28/0,149167.47,151167.47,0,0.6543001987395598,0.7199695578983009,1,FP
UTA,28,Fold3_part1/28/0,149667.47,151667.47,0,0.6931242686252707,0.7674894201392406,1,FP
UTA,28,Fold3_part1/28/0,150167.47,152167.47,0,0.7458213828904523,0.8269402991178724,1,FP
UTA,28,Fold3_part1/28/0,150667.47,152667.47,0,0.7464132786625384,0.8275714972427578,1,FP
UTA,28,Fold3_part1/28/0,151167.47,153167.47,0,0.784012449248771,0.8658601638496604,1,FP
UTA,28,Fold3_part1/28/0,151667.47,153667.47,0,0.7590033961876438,0.8407930611389616,1,FP
UTA,28,Fold3_part1/28/0,152167.47,154167.47,0,0.7450657813938908,0.8261332853714164,1,FP
UTA,28,Fold3_part1/28/0,152667.47,154667.47,0,0.7163240763737136,0.7944319095472038,1,FP
UTA,28,Fold3_part1/28/0,153167.47,155167.47,0,0.7132521502916411,0.7909315317475946,1,FP
UTA,28,Fold3_part1/28/0,153667.47,155667.47,0,0.6491739811809734,0.7134879318920355,1,FP
UTA,28,Fold3_part1/28/0,154167.47,156167.47,0,0.6581688483527058,0.7248308067217443,1,FP
UTA,28,Fold3_part1/28/0,154667.47,156667.47,0,0.6304684870035264,0.6894665663908623,1,FP
UTA,28,Fold3_part1/28/0,155167.47,157167.47,0,0.622060143320801,0.6784905140380636,1,FP
UTA,28,Fold3_part1/28/0,155667.47,157667.47,0,0.6512023473501803,0.7160580203508128,1,FP
UTA,28,Fold3_part1/28/0,156167.47,158167.47,0,0.6482394074198516,0.7123013998346001,1,FP
UTA,28,Fold3_part1/28/0,156667.47,158667.47,0,0.6662334681860826,0.7348784584247297,1,FP
UTA,28,Fold3_part1/28/0,157167.47,159167.47,0,0.7006512365675285,0.7763569020331753,1,FP
UTA,28,Fold3_part1/28/0,157667.47,159667.47,0,0.7006894839985701,0.7764016571376509,1,FP
UTA,28,Fold3_part1/28/0,158167.47,160167.47,0,0.7002171053707079,0.7758486875664683,1,FP
UTA,28,Fold3_part1/28/0,158667.47,160667.47,0,0.6451905493027419,0.7084203409758579,1,FP
UTA,28,Fold3_part1/28/0,159167.47,161167.47,0,0.6192135551652704,0.6747510868504224,1,FP
UTA,28,Fold3_part1/28/0,159667.47,161667.47,0,0.6138169297529739,0.6676302515848191,1,FP
UTA,28,Fold3_part1/28/0,160167.47,162167.47,0,0.5662042923265284,0.6032456782433596,1,FP
UTA,28,Fold3_part1/28/0,160667.47,162667.47,0,0.5927331058471236,0.6394406173200856,1,FP
UTA,28,Fold3_part1/28/0,161167.47,163167.47,0,0.6421548109140505,0.7045406039156363,1,FP
UTA,28,Fold3_part1/28/0,161667.47,163667.47,0,0.5855970611776747,0.6297773370264625,1,FP
UTA,28,Fold3_part1/28/0,162167.47,164167.47,0,0.6089982820480689,0.6612381756157943,1,FP
UTA,28,Fold3_part1/28/0,162667.47,164667.47,0,0.6513371737050933,0.7162286054660162,1,FP
UTA,28,Fold3_part1/28/0,163167.47,165167.47,0,0.6131538092874355,0.6667524730067086,1,FP
UTA,28,Fold3_part1/28/0,163667.47,165667.47,0,0.5782182780004661,0.6197267473764805,1,FP
UTA,28,Fold3_part1/28/0,164167.47,166167.47,0,0.5736851555840965,0.6135244210485705,1,FP
UTA,28,Fold3_part1/28/0,164667.47,166667.47,0,0.5711016248573108,0.6099805689706054,1,FP
UTA,28,Fold3_part1/28/0,165167.47,167167.47,0,0.5264900618076216,0.5479474861067022,1,FP
UTA,28,Fold3_part1/28/0,165667.47,167667.47,0,0.5210603390943339,0.5403147971348934,1,FP
UTA,28,Fold3_part1/28/0,166167.47,168167.47,0,0.5264900618076216,0.5479474861067022,1,FP
UTA,28,Fold3_part1/28/0,166667.47,168667.47,0,0.6953668349506191,0.7701437465171773,1,FP
UTA,28,Fold3_part1/28/0,167167.47,169167.47,0,0.5926870884527293,0.6393784893465315,1,FP
UTA,28,Fold3_part1/28/0,167667.47,169667.47,0,0.6505318111243386,0.7152091804365857,1,FP
UTA,28,Fold3_part1/28/0,168167.47,170167.47,0,0.6510940135408806,0.7159209315254225,1,FP
UTA,28,Fold3_part1/28/0,168667.47,170667.47,0,0.6541177589977378,0.7197396598451531,1,FP
UTA,28,Fold3_part1/28/0,169167.47,171167.47,0,0.6303880189369545,0.6893620297175654,1,FP
UTA,28,Fold3_part1/28/0,169667.47,171667.47,0,0.6303880189369545,0.6893620297175654,1,FP
UTA,28,Fold3_part1/28/0,170167.47,172167.47,0,0.5119197968529294,0.5274396646651931,1,FP
UTA,28,Fold3_part1/28/0,170667.47,172667.47,0,0.6097169677211123,0.6621935162487862,1,FP
UTA,28,Fold3_part1/28/0,171167.47,173167.47,0,0.652488260508655,0.717683709823306,1,FP
UTA,28,Fold3_part1/28/0,171667.47,173667.47,0,0.6216392444022212,0.6779383358163841,1,FP
UTA,28,Fold3_part1/28/0,172167.47,174167.47,0,0.6250845194616991,0.682450585782677,1,FP
UTA,28,Fold3_part1/28/0,172667.47,174667.47,0,0.516621913260267,0.5340666464706978,1,FP
UTA,28,Fold3_part1/28/0,173167.47,175167.47,0,0.45244757270403724,0.4434352351282069,1,FP
UTA,28,Fold3_part1/28/0,173667.47,175667.47,0,0.4879227359667691,0.49353954411662676,1,FP
UTA,28,Fold3_part1/28/0,174167.47,176167.47,0,0.40234082258172604,0.37357230835388877,1,FP
UTA,28,Fold3_part1/28/0,174667.47,176667.47,0,0.501196442018408,0.5123033583095786,1,FP
UTA,28,Fold3_part1/28/0,175167.47,177167.47,0,0.4881763042774241,0.49389812933773247,1,FP
UTA,28,Fold3_part1/28/0,175667.47,177667.47,0,0.4188225166766734,0.3963635285781717,1,FP
UTA,28,Fold3_part1/28/0,176167.47,178167.47,0,0.4724098881908407,0.47160491446150105,1,FP
UTA,28,Fold3_part1/28/0,176667.47,178667.47,0,0.44490602539128243,0.43282638079165886,1,FP
UTA,28,Fold3_part1/28/0,177167.47,179167.47,0,0.4304901826549057,0.412623176431784,1,FP
UTA,28,Fold3_part1/28/0,177667.47,179667.47,0,0.44915248501685306,0.43879710245155,1,FP
UTA,28,Fold3_part1/28/0,178167.47,180167.47,0,0.5267433073762223,0.5483031583309549,1,FP
UTA,28,Fold3_part1/28/0,178667.47,180667.47,0,0.4850993380754182,0.48954671550019296,1,FP
UTA,28,Fold3_part1/28/0,179167.47,181167.47,0,0.5736685085500404,0.6135016067525074,1,FP
UTA,28,Fold3_part1/28/0,179667.47,181667.47,0,0.4469880601874399,0.43575285111960427,1,FP
UTA,28,Fold3_part1/28/0,180167.47,182167.47,0,0.4216492874470881,0.40029417014841007,1,FP
UTA,28,Fold3_part1/28/0,181167.47,183167.47,0,0.4314966166895061,0.4140298869965249,1,FP
UTA,28,Fold3_part1/28/0,181667.47,183667.47,0,0.44181421556405037,0.4284842471959879,1,FP
UTA,28,Fold3_part1/28/0,182167.47,184167.47,0,0.45639596717051956,0.4489981889430942,1,FP
UTA,28,Fold3_part1/28/0,182667.47,184667.47,0,0.4449124310554171,0.432835381513786,1,FP
UTA,28,Fold3_part1/28/0,183167.47,185167.47,0,0.48011461380401216,0.4824974862739603,1,FP
UTA,28,Fold3_part1/28/0,183667.47,185667.47,0,0.4780175772568039,0.4795322554021315,1,FP
UTA,28,Fold3_part1/28/0,184167.47,186167.47,0,0.6001289730479017,0.6493929562472042,1,FP
UTA,28,Fold3_part1/28/0,184667.47,186667.47,0,0.5911521165857533,0.6373047175305697,1,FP
UTA,28,Fold3_part1/28/0,185167.47,187167.47,0,0.4922865508635141,0.49971020543774336,1,FP
UTA,28,Fold3_part1/28/0,185667.47,187667.47,0,0.4494585373197229,0.4392277192908959,1,FP
UTA,28,Fold3_part1/28/0,186167.47,188167.47,0,0.42328008718836313,0.40256441931781645,1,FP
UTA,28,Fold3_part1/28/0,188167.47,190167.47,0,0.5309473931277096,0.5542030900421022,1,FP
UTA,28,Fold3_part1/28/0,188667.47,190667.47,0,0.5117635641734132,0.5272193548251353,1,FP
UTA,28,Fold3_part1/28/0,189167.47,191167.47,0,0.547779944413926,0.5777263355802065,1,FP
UTA,28,Fold3_part1/28/0,189667.47,191667.47,0,0.5403224953270593,0.5673259815797739,1,FP
UTA,28,Fold3_part1/28/0,190167.47,192167.47,0,0.5283109994114609,0.5505042376926127,1,FP
UTA,28,Fold3_part1/28/0,190667.47,192667.47,0,0.5301313185410663,0.5530585125149667,1,FP
UTA,28,Fold3_part1/28/0,191167.47,193167.47,0,0.4220767183236103,0.40088901829743534,1,FP
UTA,28,Fold3_part1/28/0,191667.47,193667.47,0,0.4716160899107671,0.470483072468821,1,FP
UTA,28,Fold3_part1/28/0,192167.47,194167.47,0,0.4220767183236103,0.40088901829743534,1,FP
UTA,28,Fold3_part1/28/0,192667.47,194667.47,0,0.5376126150526882,0.5635379747361782,1,FP
UTA,28,Fold3_part1/28/0,193167.47,195167.47,0,0.5411130728325433,0.568430246462464,1,FP
UTA,28,Fold3_part1/28/0,193667.47,195667.47,0,0.4488658529811852,0.438393844457441,1,FP
UTA,28,Fold3_part1/28/0,194167.47,196167.47,0,0.4475639301565861,0.43656261698212395,1,FP
UTA,28,Fold3_part1/28/0,194667.47,196667.47,0,0.4383415131846904,0.42361277210570897,1,FP
UTA,28,Fold3_part1/28/0,195167.47,197167.47,0,0.42982948773056967,0.41170004983684905,1,FP
UTA,28,Fold3_part1/28/0,195667.47,197667.47,0,0.5217037975584872,0.5412199801796231,1,FP
UTA,28,Fold3_part1/28/0,196167.47,198167.47,0,0.526806391714155,0.5483917528366934,1,FP
UTA,28,Fold3_part1/28/0,196667.47,198667.47,0,0.4820466602985936,0.48522963610813263,1,FP
UTA,28,Fold3_part1/28/0,197167.47,199167.47,0,0.4822158456057563,0.48546889187979986,1,FP
UTA,28,Fold3_part1/28/0,197667.47,199667.47,0,0.4493257682249296,0.4390409079870583,1,FP
UTA,28,Fold3_part1/28/0,198167.47,200167.47,0,0.44742788456369587,0.43637130222900106,1,FP
UTA,28,Fold3_part1/28/0,198667.47,200667.47,0,0.4698608308110938,0.4680027846337938,1,FP
UTA,28,Fold3_part1/28/0,199167.47,201167.47,0,0.4471336630444245,0.43595757878414243,1,FP
UTA,28,Fold3_part1/28/0,199667.47,201667.47,0,0.47042630225960996,0.4688017755312378,1,FP
UTA,28,Fold3_part1/28/0,200167.47,202167.47,0,0.49663153444413366,0.505852676324171,1,FP
UTA,28,Fold3_part1/28/0,200667.47,202667.47,0,0.47717848869213825,0.47834586687130315,1,FP
UTA,28,Fold3_part1/28/0,201167.47,203167.47,0,0.4591551263509178,0.45288864810989365,1,FP
UTA,28,Fold3_part1/28/0,201667.47,203667.47,0,0.4477014015458267,0.4367559447315533,1,FP
UTA,28,Fold3_part1/28/0,202167.47,204167.47,0,0.4249967417241096,0.4049561869009498,1,FP
UTA,28,Fold3_part1/28/0,202667.47,204667.47,0,0.4382078639450393,0.4234254142857243,1,FP
UTA,28,Fold3_part1/28/0,203167.47,205167.47,0,0.5311904820119058,0.5545439660629208,1,FP
UTA,28,Fold3_part1/28/0,203667.47,205667.47,0,0.48068562911695567,0.4833049539954236,1,FP
UTA,28,Fold3_part1/28/0,204167.47,206167.47,0,0.41081575203948956,0.38526324787330624,1,FP
UTA,28,Fold3_part1/28/0,204667.47,206667.47,0,0.47173322778671417,0.4706486126818486,1,FP
UTA,28,Fold3_part1/28/0,205167.47,207167.47,0,0.45658124604059463,0.4492593606081006,1,FP
UTA,28,Fold3_part1/28/0,205667.47,207667.47,0,0.45658124604059463,0.4492593606081006,1,FP
UTA,28,Fold3_part1/28/0,206167.47,208167.47,0,0.4621107621959753,0.45705860662055914,1,FP
UTA,28,Fold3_part1/28/0,206667.47,208667.47,0,0.4331144199399719,0.41629239710347854,1,FP
UTA,28,Fold3_part1/28/0,207167.47,209167.47,0,0.42017013396084724,0.3982366705852695,1,FP
UTA,28,Fold3_part1/28/0,207667.47,209667.47,0,0.4234547213694907,0.40280763953514986,1,FP
UTA,28,Fold3_part1/28/0,208167.47,210167.47,0,0.4861679524950588,0.4910579572618208,1,FP
UTA,28,Fold3_part1/28/0,208667.47,210667.47,0,0.47543163760823054,0.47587619873018605,1,FP
UTA,28,Fold3_part1/28/0,209167.47,211167.47,0,0.42924624939452555,0.4108853719111853,1,FP
UTA,28,Fold3_part1/28/0,209667.47,211667.47,0,0.47011586728249677,0.4683631353760831,1,FP
UTA,28,Fold3_part1/28/0,210167.47,212167.47,0,0.4163163630859088,0.392883682577109,1,FP
UTA,28,Fold3_part1/28/0,210667.47,212667.47,0,0.42270796659102144,0.40176775242165963,1,FP
UTA,28,Fold3_part1/28/0,211167.47,213167.47,0,0.42369752573632125,0.4031458383463237,1,FP
UTA,28,Fold3_part1/28/0,211667.47,213667.47,0,0.44965736404179296,0.4395074895073176,1,FP
UTA,28,Fold3_part1/28/0,212167.47,214167.47,0,0.437808030820249,0.4228649598601747,1,FP
UTA,28,Fold3_part1/28/0,212667.47,214667.47,0,0.4297896488716847,0.4116443954246941,1,FP
UTA,28,Fold3_part1/28/0,213167.47,215167.47,0,0.4622824073039215,0.4573008444449032,1,FP
UTA,28,Fold3_part1/28/0,213667.47,215667.47,0,0.46020521001223036,0.45436988100826853,1,FP
UTA,28,Fold3_part1/28/0,214167.47,216167.47,0,0.47807860212210707,0.4796185407911951,1,FP
UTA,28,Fold3_part1/28/0,214667.47,216667.47,0,0.49638845531419773,0.5055090942048888,1,FP
UTA,28,Fold3_part1/28/0,215167.47,217167.47,0,0.5089660048495612,0.5232732013707987,1,FP
UTA,28,Fold3_part1/28/0,215667.47,217667.47,0,0.521157482343268,0.5404514638975508,1,FP
UTA,28,Fold3_part1/28/0,216167.47,218167.47,0,0.6645162770692461,0.732748937384036,1,FP
UTA,28,Fold3_part1/28/0,216667.47,218667.47,0,0.5920562240908176,0.6385265121360446,1,FP
UTA,28,Fold3_part1/28/0,217167.47,219167.47,0,0.5098354466272109,0.5244998478903025,1,FP
UTA,28,Fold3_part1/28/0,217667.47,219667.47,0,0.47070470268418946,0.46919516484206897,1,FP
UTA,28,Fold3_part1/28/0,218167.47,220167.47,0,0.5136080909312885,0.5298199133908307,1,FP
UTA,28,Fold3_part1/28/0,218667.47,220667.47,0,0.43260298657397916,0.4155769855639516,1,FP
UTA,28,Fold3_part1/28/0,219167.47,221167.47,0,0.5412251859023731,0.5685868125123139,1,FP
UTA,28,Fold3_part1/28/0,219667.47,221667.47,0,0.5682965681337983,0.6061257060706282,1,FP
UTA,28,Fold3_part1/28/0,220167.47,222167.47,0,0.5440827869840649,0.5725747542452987,1,FP
UTA,28,Fold3_part1/28/0,220667.47,222667.47,0,0.5474846425736849,0.577315208331866,1,FP
UTA,28,Fold3_part1/28/0,221167.47,223167.47,0,0.46942550408926925,0.46738772075962426,1,FP
UTA,28,Fold3_part1/28/0,221667.47,223667.47,0,0.4505986921237084,0.4408322507504158,1,FP
UTA,28,Fold3_part1/28/0,222167.47,224167.47,0,0.5361912214363174,0.5615493407766105,1,FP
UTA,28,Fold3_part1/28/0,222667.47,224667.47,0,0.43853208734027144,0.4238799471053352,1,FP
UTA,28,Fold3_part1/28/0,223167.47,225167.47,0,0.45041108395153473,0.44056819591860613,1,FP
UTA,28,Fold3_part1/28/0,223667.47,225667.47,0,0.5347977676204528,0.5595986748650097,1,FP
UTA,28,Fold3_part1/28/0,224167.47,226167.47,0,0.45986601282619155,0.453891379875217,1,FP
UTA,28,Fold3_part1/28/0,224667.47,226667.47,0,0.47617698828137234,0.476929925923626,1,FP
UTA,28,Fold3_part1/28/0,225167.47,227167.47,0,0.46798590711672033,0.46535398761874763,1,FP
UTA,28,Fold3_part1/28/0,225667.47,227667.47,0,0.4418723376388668,0.4285658317424788,1,FP
UTA,28,Fold3_part1/28/0,226167.47,228167.47,0,0.47144353890027396,0.4702392257436226,1,FP
UTA,28,Fold3_part1/28/0,226667.47,228667.47,0,0.4459020872180567,0.43422618816299086,1,FP
UTA,28,Fold3_part1/28/0,227167.47,229167.47,0,0.51194487773161,0.5274750315092457,1,FP
UTA,28,Fold3_part1/28/0,227667.47,229667.47,0,0.4877061964732668,0.4932333217262811,1,FP
UTA,28,Fold3_part1/28/0,228167.47,230167.47,0,0.572651687850511,0.6121075731841616,1,FP
UTA,28,Fold3_part1/28/0,228667.47,230667.47,0,0.5219564683866558,0.5415753775175931,1,FP
UTA,28,Fold3_part1/28/0,229167.47,231167.47,0,0.5312722165747007,0.5546585730558262,1,FP
UTA,28,Fold3_part1/28/0,229667.47,231667.47,0,0.5661491037232425,0.6031696574396411,1,FP
UTA,28,Fold3_part1/28/0,230167.47,232167.47,0,0.42336900970558433,0.4026882627211077,1,FP
UTA,28,Fold3_part1/28/0,230667.47,232667.47,0,0.5468945195396623,0.5764934417880356,1,FP
UTA,28,Fold3_part1/28/0,231167.47,233167.47,0,0.5853328442685046,0.6294184539766482,1,FP
UTA,28,Fold3_part1/28/0,231667.47,233667.47,0,0.6877250273601287,0.7610564299281481,1,FP
UTA,28,Fold3_part1/28/0,232167.47,234167.47,0,0.6614660335245623,0.728952977283982,1,FP
UTA,28,Fold3_part1/28/0,232667.47,234667.47,0,0.6846956329269929,0.7574211428940467,1,FP
UTA,28,Fold3_part1/28/0,233167.47,235167.47,0,0.6697830893770214,0.7392631000497181,1,FP
UTA,28,Fold3_part1/28/0,233667.47,235667.47,0,0.820804315063391,0.8996769649016368,1,FP
UTA,28,Fold3_part1/28/0,234167.47,236167.47,0,0.6706535838686659,0.7403347760316691,1,FP
UTA,28,Fold3_part1/28/0,234667.47,236667.47,0,0.6614660335245623,0.728952977283982,1,FP
UTA,28,Fold3_part1/28/0,235167.47,237167.47,0,0.7369895452345948,0.8174214138067902,1,FP
UTA,28,Fold3_part1/28/0,235667.47,237667.47,0,0.7172571373542188,0.7954909413775607,1,FP
UTA,28,Fold3_part1/28/0,236167.47,238167.47,0,0.6791362465677312,0.7507023363635053,1,FP
UTA,28,Fold3_part1/28/0,236667.47,238667.47,0,0.8143961632006843,0.8940594137974638,1,FP
UTA,28,Fold3_part1/28/0,237167.47,239167.47,0,0.8348271996942012,0.9115551563022979,1,FP
UTA,28,Fold3_part1/28/0,237667.47,239667.47,0,0.837354489582988,0.9136344695373748,1,FP
UTA,28,Fold3_part1/28/0,238167.47,240167.47,0,0.7869421271887482,0.868689160048349,1,FP
UTA,28,Fold3_part1/28/0,238667.47,240667.47,0,0.7919243650198042,0.8734471400005005,1,FP
UTA,28,Fold3_part1/28/0,239167.47,241167.47,0,0.6857967341365082,0.7587446009858717,1,FP
UTA,28,Fold3_part1/28/0,239667.47,241667.47,0,0.6214119961540258,0.6776401015576996,1,FP
UTA,28,Fold3_part1/28/0,240167.47,242167.47,0,0.703222772011088,0.7793590488002944,1,FP
UTA,28,Fold3_part1/28/0,240667.47,242667.47,0,0.6970090850996951,0.7720809017191268,1,FP
UTA,28,Fold3_part1/28/0,241167.47,243167.47,0,0.6761266201229297,0.7470397796528688,1,FP
UTA,28,Fold3_part1/28/0,241667.47,243667.47,0,0.6928923824134595,0.7672143637474456,1,FP
UTA,28,Fold3_part1/28/0,242167.47,244167.47,0,0.7368205568979114,0.8172374568668945,1,FP
UTA,28,Fold3_part1/28/0,242667.47,244667.47,0,0.7205557611966501,0.7992192227500462,1,FP
UTA,28,Fold3_part1/28/0,243167.47,245167.47,0,0.6500180404090307,0.7145582708069528,1,FP
UTA,28,Fold3_part1/28/0,243667.47,245667.47,0,0.7782623790001176,0.8602412123725531,1,FP
UTA,28,Fold3_part1/28/0,244167.47,246167.47,0,0.7815395344392435,0.8634543924148869,1,FP
UTA,28,Fold3_part1/28/0,244667.47,246667.47,0,0.8386452108503603,0.9146890789328065,1,FP
UTA,28,Fold3_part1/28/0,245167.47,247167.47,0,0.8293576783575528,0.9069905257117072,1,FP
UTA,28,Fold3_part1/28/0,245667.47,247667.47,0,0.822544581194126,0.9011821698981782,1,FP
UTA,28,Fold3_part1/28/0,246167.47,248167.47,0,0.7998404978406742,0.8808680197561649,1,FP
UTA,28,Fold3_part1/28/0,246667.47,248667.47,0,0.6768238754066046,0.7478898652069088,1,FP
UTA,28,Fold3_part1/28/0,247167.47,249167.47,0,0.8062922595645865,0.8867882948849106,1,FP
UTA,28,Fold3_part1/28/0,247667.47,249667.47,0,0.732321975906658,0.8123155547977495,1,FP
UTA,28,Fold3_part1/28/0,248167.47,250167.47,0,0.8141477494865963,0.8938392871789307,1,FP
UTA,28,Fold3_part1/28/0,248667.47,250667.47,0,0.8691164230931018,0.9381146107935687,1,FP
UTA,28,Fold3_part1/28/0,249167.47,251167.47,0,0.8621341299686234,0.9330003508046715,1,FP
UTA,28,Fold3_part1/28/0,249667.47,251667.47,0,0.8675925569769447,0.9370115560120948,1,FP
UTA,28,Fold3_part1/28/0,250167.47,252167.47,0,0.8719703361274078,0.9401605801324311,1,FP
UTA,28,Fold3_part1/28/0,250667.47,252667.47,0,0.8553846462611563,0.9279116902801414,1,FP
UTA,28,Fold3_part1/28/0,251167.47,253167.47,0,0.8553846462611563,0.9279116902801414,1,FP
UTA,28,Fold3_part1/28/0,251667.47,253667.47,0,0.8514797219332083,0.924903368995063,1,FP
UTA,28,Fold3_part1/28/0,252167.47,254167.47,0,0.8065061944870645,0.8869826196761583,1,FP
UTA,28,Fold3_part1/28/0,252667.47,254667.47,0,0.8502323435756787,0.9239325509173635,1,FP
UTA,28,Fold3_part1/28/0,253167.47,255167.47,0,0.8482048575000974,0.9223444597972992,1,FP
UTA,28,Fold3_part1/28/0,253667.47,255667.47,0,0.8393207900256799,0.9152390941948171,1,FP
UTA,28,Fold3_part1/28/0,254167.47,256167.47,0,0.8241467032758386,0.9025601534837379,1,FP
UTA,28,Fold3_part1/28/0,254667.47,256667.47,0,0.8466440053530102,0.921113360321331,1,FP
UTA,28,Fold3_part1/28/0,255167.47,257167.47,0,0.8225947963121026,0.9012254725941183,1,FP
UTA,28,Fold3_part1/28/0,255667.47,257667.47,0,0.8375051488331373,0.9137578243862573,1,FP
UTA,28,Fold3_part1/28/0,256167.47,258167.47,0,0.8091637615151483,0.889385885757626,1,FP
UTA,28,Fold3_part1/28/0,256667.47,258667.47,0,0.8446415166878389,0.9195231199316016,1,FP
UTA,28,Fold3_part1/28/0,257167.47,259167.47,0,0.8220064326865028,0.900717643510237,1,FP
UTA,28,Fold3_part1/28/0,257667.47,259667.47,0,0.8234620990644834,0.9019722352003616,1,FP
UTA,28,Fold3_part1/28/0,258167.47,260167.47,0,0.8098837094538307,0.8900335253232233,1,FP
UTA,28,Fold3_part1/28/0,258667.47,260667.47,0,0.7592141388324828,0.8410110103054311,1,FP
UTA,28,Fold3_part1/28/0,259167.47,261167.47,0,0.775661795891966,0.8576712396558773,1,FP
UTA,28,Fold3_part1/28/0,259667.47,261667.47,0,0.761023101856446,0.8428772217506548,1,FP
UTA,28,Fold3_part1/28/0,260167.47,262167.47,0,0.6715169179041628,0.7413962270088539,1,FP
UTA,28,Fold3_part1/28/0,260667.47,262667.47,0,0.6974878975614196,0.7726446352410219,1,FP
UTA,28,Fold3_part1/28/0,261167.47,263167.47,0,0.6148723287256052,0.6690260448844623,1,FP
UTA,28,Fold3_part1/28/0,261667.47,263667.47,0,0.7597519669867993,0.84156672241506,1,FP
UTA,28,Fold3_part1/28/0,262167.47,264167.47,0,0.7032517740329546,0.7793928268606588,1,FP
UTA,28,Fold3_part1/28/0,262667.47,264667.47,0,0.6054161515085543,0.6564663305702318,1,FP
UTA,28,Fold3_part1/28/0,263167.47,265167.47,0,0.6211622371241251,0.6773122385762026,1,FP
UTA,28,Fold3_part1/28/0,263667.47,265667.47,0,0.5847100148110409,0.6285721697928791,1,FP
UTA,28,Fold3_part1/28/0,264167.47,266167.47,0,0.5982043293107101,0.6468094086235165,1,FP
UTA,28,Fold3_part1/28/0,264667.47,266667.47,0,0.5859973123826518,0.6303208483211385,1,FP
UTA,28,Fold3_part1/28/0,265167.47,267167.47,0,0.5542084963799662,0.5866607812312725,1,FP
UTA,28,Fold3_part1/28/0,265667.47,267667.47,0,0.5499654720703694,0.5807671762062755,1,FP
UTA,28,Fold3_part1/28/0,266167.47,268167.47,0,0.5453822888770402,0.5743865198893825,1,FP
UTA,28,Fold3_part1/28/0,266667.47,268667.47,0,0.5813890916594255,0.6240527342876658,1,FP
UTA,28,Fold3_part1/28/0,267167.47,269167.47,0,0.5529602385351216,0.5849283350230999,1,FP
UTA,28,Fold3_part1/28/0,267667.47,269667.47,0,0.5844069765728873,0.6281602569171445,1,FP
UTA,28,Fold3_part1/28/0,268167.47,270167.47,0,0.5879657860462658,0.6329913133721371,1,FP
UTA,28,Fold3_part1/28/0,268667.47,270667.47,0,0.5642236358045704,0.6005156857835977,1,FP
UTA,28,Fold3_part1/28/0,269167.47,271167.47,0,0.5085670873122555,0.5227103222387547,1,FP
UTA,28,Fold3_part1/28/0,269667.47,271667.47,0,0.578387062236835,0.6199572833763768,1,FP
UTA,28,Fold3_part1/28/0,270167.47,272167.47,0,0.618487782921747,0.6737958166962422,1,FP
UTA,28,Fold3_part1/28/0,270667.47,272667.47,0,0.618487782921747,0.6737958166962422,1,FP
UTA,28,Fold3_part1/28/0,271167.47,273167.47,0,0.577495430695156,0.6187391096354212,1,FP
UTA,28,Fold3_part1/28/0,271667.47,273667.47,0,0.5127436562594272,0.5286012977425256,1,FP
UTA,28,Fold3_part1/28/0,272167.47,274167.47,0,0.5432501792864083,0.5714133470937309,1,FP
UTA,28,Fold3_part1/28/0,272667.47,274667.47,0,0.568934143238892,0.6070025382656706,1,FP
UTA,28,Fold3_part1/28/0,273167.47,275167.47,0,0.5836388912023522,0.6271157713091755,1,FP
UTA,28,Fold3_part1/28/0,273667.47,275667.47,0,0.6599369276855513,0.7270436990145687,1,FP
UTA,28,Fold3_part1/28/0,274167.47,276167.47,0,0.6730524898178449,0.7432806945949642,1,FP
UTA,28,Fold3_part1/28/0,274667.47,276667.47,0,0.668447387426292,0.7376159390066124,1,FP
UTA,28,Fold3_part1/28/0,275167.47,277167.47,0,0.7383073388916791,0.8188536030920999,1,FP
UTA,28,Fold3_part1/28/0,275667.47,277667.47,0,0.6642694730827484,0.7324424260226273,1,FP
UTA,28,Fold3_part1/28/0,276167.47,278167.47,0,0.6113105504868007,0.6643093823549852,1,FP
UTA,28,Fold3_part1/28/0,276667.47,278667.47,0,0.5854213720644571,0.629538708857184,1,FP
UTA,28,Fold3_part1/28/0,277167.47,279167.47,0,0.5854213720644571,0.629538708857184,1,FP
UTA,28,Fold3_part1/28/0,277667.47,279667.47,0,0.6192806085322596,0.6748393054401666,1,FP
UTA,28,Fold3_part1/28/0,278167.47,280167.47,0,0.5854213720644571,0.629538708857184,1,FP
UTA,28,Fold3_part1/28/0,278667.47,280667.47,0,0.6234654588367469,0.6803322817485773,1,FP
UTA,28,Fold3_part1/28/0,279167.47,281167.47,0,0.5602786163367514,0.5950680296769035,1,FP
UTA,28,Fold3_part1/28/0,279667.47,281667.47,0,0.5475641662760805,0.5774259293637287,1,FP
UTA,28,Fold3_part1/28/0,280167.47,282167.47,0,0.622310820604344,0.678819255836408,1,FP
UTA,28,Fold3_part1/28/0,280667.47,282667.47,0,0.5411300211896805,0.5684539153704505,1,FP
UTA,28,Fold3_part1/28/0,281167.47,283167.47,0,0.5876826288248286,0.6326074427069327,1,FP
UTA,28,Fold3_part1/28/0,281667.47,283667.47,0,0.5755825794439707,0.6161230094606269,1,FP
UTA,28,Fold3_part1/28/0,282167.47,284167.47,0,0.6851954400201469,0.7580221819832197,1,FP
UTA,28,Fold3_part1/28/0,282667.47,284667.47,0,0.672575719430084,0.742696076711086,1,FP
UTA,28,Fold3_part1/28/0,283167.47,285167.47,0,0.6834998555353284,0.7559811474980157,1,FP
UTA,28,Fold3_part1/28/0,283667.47,285667.47,0,0.667261558634042,0.736150809310946,1,FP
UTA,28,Fold3_part1/28/0,284167.47,286167.47,0,0.6782781850078914,0.7496599135932904,1,FP
UTA,28,Fold3_part1/28/0,284667.47,286667.47,0,0.620644309621789,0.6766320591569902,1,FP
UTA,28,Fold3_part1/28/0,285167.47,287167.47,0,0.65321199937691,0.7185974254526577,1,FP
UTA,28,Fold3_part1/28/0,285667.47,287667.47,0,0.5560000962185491,0.5891452331230134,1,FP
UTA,28,Fold3_part1/28/0,286167.47,288167.47,0,0.539167821800468,0.5657124622728746,1,FP
UTA,28,Fold3_part1/28/0,286667.47,288667.47,0,0.521680436467523,0.5411871200108619,1,FP
UTA,28,Fold3_part1/28/0,287167.47,289167.47,0,0.5010024017477142,0.5120292295810568,1,FP
UTA,28,Fold3_part1/28/0,287667.47,289667.47,0,0.6146529902701482,0.668736090536462,1,FP
UTA,28,Fold3_part1/28/0,288167.47,290167.47,0,0.6146529902701482,0.668736090536462,1,FP
UTA,28,Fold3_part1/28/0,288667.47,290667.47,0,0.5854213720644571,0.629538708857184,1,FP
UTA,28,Fold3_part1/28/0,289167.47,291167.47,0,0.5736403675418845,0.6134630396725589,1,FP
UTA,28,Fold3_part1/28/0,289667.47,291667.47,0,0.5852552575660493,0.6293130542785883,1,FP
UTA,28,Fold3_part1/28/0,290167.47,292167.47,0,0.5888367016629377,0.6341714329810239,1,FP
UTA,28,Fold3_part1/28/0,290667.47,292667.47,0,0.5978532881626627,0.6463376979074694,1,FP
UTA,28,Fold3_part1/28/0,291167.47,293167.47,0,0.5487130883519785,0.5790250826175506,1,FP
UTA,28,Fold3_part1/28/0,291667.47,293667.47,0,0.5535481263656683,0.5857444069951764,1,FP
UTA,28,Fold3_part1/28/0,292167.47,294167.47,0,0.5946439685487932,0.6420182739958451,1,FP
UTA,28,Fold3_part1/28/0,292667.47,294667.47,0,0.6259061759955311,0.6835241199707669,1,FP
UTA,28,Fold3_part1/28/0,293167.47,295167.47,0,0.571999371304231,0.6112127405597766,1,FP
UTA,28,Fold3_part1/28/0,293667.47,295667.47,0,0.6015151655585665,0.6512508690297741,1,FP
UTA,28,Fold3_part1/28/0,294167.47,296167.47,0,0.5068009733598732,0.520217808399974,1,FP
UTA,28,Fold3_part1/28/0,294667.47,296667.47,0,0.5713708176811816,0.6103501208503871,1,FP
UTA,28,Fold3_part1/28/0,295167.47,297167.47,0,0.5155151545420865,0.5325074881651269,1,FP
UTA,28,Fold3_part1/28/0,295667.47,297667.47,0,0.5004506773069182,0.5112497486774922,1,FP
UTA,28,Fold3_part1/28/0,296167.47,298167.47,0,0.4493257682249296,0.4390409079870583,1,FP
UTA,28,Fold3_part1/28/0,296667.47,298667.47,0,0.42891514392824115,0.4104229729206567,1,FP
UTA,28,Fold3_part1/28/0,297167.47,299167.47,0,0.4562091515421813,0.4487348622946815,1,FP
UTA,28,Fold3_part1/28/0,297667.47,299667.47,0,0.5186251258045179,0.5368875753381833,1,FP
UTA,28,Fold3_part1/28/0,298167.47,300167.47,0,0.5276804013877817,0.5496190030846538,1,FP
UTA,28,Fold3_part1/28/0,298667.47,300667.47,0,0.5105714831497291,0.5255381153171503,1,FP
UTA,28,Fold3_part1/28/0,299167.47,301167.47,0,0.48060294058719727,0.4831880238442176,1,FP
UTA,28,Fold3_part1/28/0,299667.47,301667.47,0,0.4369840738110933,0.42171027192937643,1,FP
UTA,28,Fold3_part1/28/0,300167.47,302167.47,0,0.4917422125996645,0.4989405495055636,1,FP
UTA,28,Fold3_part1/28/0,300667.47,302667.47,0,0.44945829358305905,0.4392273763373831,1,FP
UTA,28,Fold3_part1/28/0,301167.47,303167.47,0,0.5063720648417436,0.5196123723461684,1,FP
UTA,28,Fold3_part1/28/0,301667.47,303667.47,0,0.46906404292309417,0.4668770452835208,1,FP
UTA,28,Fold3_part1/28/0,302167.47,304167.47,0,0.4722429673416671,0.4713690045535801,1,FP
UTA,28,Fold3_part1/28/0,303167.47,305167.47,0,0.4458957963914723,0.4342173460122593,1,FP
UTA,28,Fold3_part1/28/0,303667.47,305667.47,0,0.44182224459040076,0.4284955172473348,1,FP
UTA,28,Fold3_part1/28/0,304167.47,306167.47,0,0.4541609850866303,0.44584862371026673,1,FP
UTA,28,Fold3_part1/28/0,304667.47,306667.47,0,0.5311904820119058,0.5545439660629208,1,FP
UTA,28,Fold3_part1/28/0,305167.47,307167.47,0,0.4963656765860593,0.5054768970385687,1,FP
UTA,28,Fold3_part1/28/0,305667.47,307667.47,0,0.5276804013877817,0.5496190030846538,1,FP
UTA,28,Fold3_part1/28/0,306167.47,308167.47,0,0.5404847034945796,0.5675525827421827,1,FP
UTA,28,Fold3_part1/28/0,306667.47,308667.47,0,0.42866531379614453,0.41007412337082033,1,FP
UTA,28,Fold3_part1/28/0,307167.47,309167.47,0,0.47608285137735196,0.47679683828089353,1,FP
UTA,28,Fold3_part1/28/0,307667.47,309667.47,0,0.5704681738073569,0.6091106880099731,1,FP
UTA,28,Fold3_part1/28/0,308167.47,310167.47,0,0.5586413308791194,0.5928032727476568,1,FP
UTA,28,Fold3_part1/28/0,308667.47,310667.47,0,0.5061901072082942,0.519355512252586,1,FP
UTA,28,Fold3_part1/28/0,309167.47,311167.47,0,0.5554018475547049,0.588315905807613,1,FP
UTA,28,Fold3_part1/28/0,309667.47,311667.47,0,0.5484511991984963,0.578660647900114,1,FP
UTA,28,Fold3_part1/28/0,310167.47,312167.47,0,0.5484796234126454,0.5787002042694838,1,FP
UTA,28,Fold3_part1/28/0,310667.47,312667.47,0,0.5369835539181732,0.5626580165883536,1,FP
UTA,28,Fold3_part1/28/0,311167.47,313167.47,0,0.48037527712901973,0.4828660858861377,1,FP
UTA,28,Fold3_part1/28/0,311667.47,313667.47,0,0.48037527712901973,0.4828660858861377,1,FP
UTA,28,Fold3_part1/28/0,312167.47,314167.47,0,0.55250672920029,0.5842986214473201,1,FP
UTA,28,Fold3_part1/28/0,312667.47,314667.47,0,0.634251252904623,0.6943695108094774,1,FP
UTA,28,Fold3_part1/28/0,313167.47,315167.47,0,0.7857126720694302,0.8675047565102709,1,FP
UTA,28,Fold3_part1/28/0,313667.47,315667.47,0,0.789185835018017,0.8708401732672303,1,FP
UTA,28,Fold3_part1/28/0,314167.47,316167.47,0,0.6906080556299927,0.7644988564446575,1,FP
UTA,28,Fold3_part1/28/0,314667.47,316667.47,0,0.5259585624962622,0.5472009219768772,1,FP
UTA,28,Fold3_part1/28/0,315167.47,317167.47,0,0.4454074632022086,0.433531016782156,1,FP
UTA,28,Fold3_part1/28/0,315667.47,317667.47,0,0.49258246756897933,0.5001286006415735,1,FP
UTA,28,Fold3_part1/28/0,316167.47,318167.47,0,0.4857205848938876,0.4904252880462634,1,FP
UTA,28,Fold3_part1/28/0,316667.47,318667.47,0,0.48813210785592076,0.4938356288526399,1,FP
UTA,28,Fold3_part1/28/0,317167.47,319167.47,0,0.43004293796042403,0.4119982540939185,1,FP
UTA,28,Fold3_part1/28/0,317667.47,319667.47,0,0.4755732227600936,0.47607635792236414,1,FP
UTA,28,Fold3_part1/28/0,318167.47,320167.47,0,0.511972612456431,0.5275141403508382,1,FP
UTA,28,Fold3_part1/28/0,318667.47,320667.47,0,0.42922981268746196,0.41086241591170186,1,FP
UTA,28,Fold3_part1/28/0,319167.47,321167.47,0,0.515217898395487,0.5320886530692072,1,FP
UTA,28,Fold3_part1/28/0,319667.47,321667.47,0,0.4577440740111645,0.45089874826057924,1,FP
UTA,28,Fold3_part1/28/0,320167.47,322167.47,0,0.4018305118653108,0.37287040784923403,1,FP
UTA,28,Fold3_part1/28/0,320667.47,322667.47,0,0.4233318281428388,0.402636478865737,1,FP
UTA,28,Fold3_part1/28/0,321167.47,323167.47,0,0.511972612456431,0.5275141403508382,1,FP
UTA,28,Fold3_part1/28/0,321667.47,323667.47,0,0.511972612456431,0.5275141403508382,1,FP
UTA,28,Fold3_part1/28/0,322167.47,324167.47,0,0.582406698636678,0.6254388434688687,1,FP
UTA,28,Fold3_part1/28/0,322667.47,324667.47,0,0.5003517023999464,0.5111099104226942,1,FP
UTA,28,Fold3_part1/28/0,323167.47,325167.47,0,0.4439693576284146,0.4315104527447834,1,FP
UTA,28,Fold3_part1/28/0,323667.47,325667.47,0,0.4439693576284146,0.4315104527447834,1,FP
UTA,28,Fold3_part1/28/0,324167.47,326167.47,0,0.48150045411610976,0.48445721773817785,1,FP
UTA,28,Fold3_part1/28/0,324667.47,326667.47,0,0.49874503568207834,0.5088396760397288,1,FP
UTA,28,Fold3_part1/28/0,325167.47,327167.47,0,0.49874503568207834,0.5088396760397288,1,FP
UTA,28,Fold3_part1/28/0,325667.47,327667.47,0,0.6548696089233379,0.7206867157777237,1,FP
UTA,28,Fold3_part1/28/0,326167.47,328167.47,0,0.6619302509120756,0.729531775811014,1,FP
UTA,28,Fold3_part1/28/0,326667.47,328667.47,0,0.4751414828267104,0.47546601318064,1,FP
UTA,28,Fold3_part1/28/0,327167.47,329167.47,0,0.48144427509239096,0.48437777271364213,1,FP
UTA,28,Fold3_part1/28/0,327667.47,329667.47,0,0.6906086462467502,0.7644995599259622,1,FP
UTA,28,Fold3_part1/28/0,328167.47,330167.47,0,0.7550528965818939,0.8366868278792146,1,FP
UTA,28,Fold3_part1/28/0,328667.47,330667.47,0,0.718873301747431,0.7973206802784175,1,FP
UTA,28,Fold3_part1/28/0,329167.47,331167.47,0,0.6760121794098373,0.7469001652258616,1,FP
UTA,28,Fold3_part1/28/0,329667.47,331667.47,0,0.5163443369967455,0.5336756482558125,1,FP
UTA,28,Fold3_part1/28/0,330167.47,332167.47,0,0.5724748817209264,0.6118650749733385,1,FP
UTA,28,Fold3_part1/28/0,330667.47,332667.47,0,0.8021484495472008,0.8829991288548941,1,FP
UTA,28,Fold3_part1/28/0,331167.47,333167.47,0,0.8256714778483567,0.9038647000749516,1,FP
UTA,28,Fold3_part1/28/0,331667.47,333667.47,0,0.8287816557559097,0.9065046859931346,1,FP
UTA,28,Fold3_part1/28/0,332167.47,334167.47,0,0.8369594705646174,0.9133107203626397,1,FP
UTA,28,Fold3_part1/28/0,332667.47,334667.47,0,0.8227164633254265,0.9013303611682125,1,FP
UTA,28,Fold3_part1/28/0,333167.47,335167.47,0,0.8447914154181928,0.9196425789339671,1,FP
UTA,28,Fold3_part1/28/0,333667.47,335667.47,0,0.8760221328137766,0.9430205954912669,1,FP
UTA,28,Fold3_part1/28/0,334167.47,336167.47,0,0.8760221328137766,0.9430205954912669,1,FP
UTA,28,Fold3_part1/28/0,334667.47,336667.47,0,0.7272126772106929,0.8066679162658728,1,FP
UTA,28,Fold3_part1/28/0,335167.47,337167.47,0,0.628965484668754,0.6875123724227519,1,FP
UTA,28,Fold3_part1/28/0,335667.47,337667.47,0,0.5241611317851059,0.5446752308451281,1,FP
UTA,28,Fold3_part1/28/0,336167.47,338167.47,0,0.5056303937560522,0.5185653446481046,1,FP
UTA,28,Fold3_part1/28/0,336667.47,338667.47,0,0.6755141569257368,0.7462922981134349,1,FP
UTA,28,Fold3_part1/28/0,337167.47,339167.47,0,0.6633103590896823,0.7312502237111536,1,FP
UTA,28,Fold3_part1/28/0,337667.47,339667.47,0,0.7288767525294025,0.8085139960152748,1,FP
UTA,28,Fold3_part1/28/0,338167.47,340167.47,0,0.6588909817063449,0.7257352885333653,1,FP
UTA,28,Fold3_part1/28/0,338667.47,340667.47,0,0.4439693576284146,0.4315104527447834,1,FP
UTA,28,Fold3_part1/28/0,339167.47,341167.47,0,0.4251044796027267,0.4051063622497254,1,FP
UTA,28,Fold3_part1/28/0,339667.47,341667.47,0,0.6666107988014639,0.7353456649298904,1,FP
UTA,28,Fold3_part1/28/0,340167.47,342167.47,0,0.6820578414575539,0.7542408467237275,1,FP
UTA,28,Fold3_part1/28/0,340667.47,342667.47,0,0.6900499630626987,0.7638337962390143,1,FP
UTA,28,Fold3_part1/28/0,341167.47,343167.47,0,0.725219179586069,0.8044479612015258,1,FP
UTA,28,Fold3_part1/28/0,341667.47,343667.47,0,0.4653250144623399,0.4615959928638934,1,FP
UTA,28,Fold3_part1/28/0,342167.47,344167.47,0,0.440452336715259,0.42657308790295856,1,FP
UTA,28,Fold3_part1/28/0,342667.47,344667.47,0,0.4056206036075514,0.3780891436939034,1,FP
UTA,28,Fold3_part1/28/0,343167.47,345167.47,0,0.5243051293077217,0.5448776246447338,1,FP
UTA,28,Fold3_part1/28/0,343667.47,345667.47,0,0.7901710744956534,0.8717804185156728,1,FP
UTA,28,Fold3_part1/28/0,344167.47,346167.47,0,0.8270625924159434,0.9050489949499805,1,FP
UTA,28,Fold3_part1/28/0,344667.47,346667.47,0,0.8257333875497641,0.903917525290247,1,FP
UTA,28,Fold3_part1/28/0,345167.47,347167.47,0,0.8272865567054036,0.9052391351288106,1,FP
UTA,28,Fold3_part1/28/0,345667.47,347667.47,0,0.6888794535110263,0.7624368779931381,1,FP
UTA,28,Fold3_part1/28/0,346167.47,348167.47,0,0.6031599940495228,0.6534523010117164,1,FP
UTA,28,Fold3_part1/28/0,346667.47,348667.47,0,0.49165619153468204,0.4988189196631473,1,FP
UTA,28,Fold3_part1/28/0,347167.47,349167.47,0,0.6032470632542425,0.653568738635563,1,FP
UTA,28,Fold3_part1/28/0,347667.47,349667.47,0,0.5386008751078125,0.564919925493837,1,FP
UTA,28,Fold3_part1/28/0,348167.47,350167.47,0,0.5567811932131482,0.5902276116304802,1,FP
UTA,28,Fold3_part1/28/0,348667.47,350667.47,0,0.47518597464050644,0.47552890969547656,1,FP
UTA,28,Fold3_part1/28/0,349167.47,351167.47,0,0.661256397364633,0.7286914697172071,1,FP
UTA,28,Fold3_part1/28/0,349667.47,351667.47,0,0.6257639678786049,0.6833383899645521,1,FP
UTA,28,Fold3_part1/28/0,350167.47,352167.47,0,0.5756398035948777,0.6162013247954012,1,FP
UTA,28,Fold3_part1/28/0,350667.47,352667.47,0,0.6737146111779446,0.7440918728281177,1,FP
UTA,28,Fold3_part1/28/0,351167.47,353167.47,0,0.5618268669452057,0.5972075798318489,1,FP
UTA,28,Fold3_part1/28/0,351667.47,353667.47,0,0.7079784811552678,0.7848737476620256,1,FP
UTA,28,Fold3_part1/28/0,352167.47,354167.47,0,0.6795639530572493,0.7512214023167408,1,FP
UTA,28,Fold3_part1/28/0,352667.47,354667.47,0,0.6195282931979167,0.6751651154899312,1,FP
UTA,28,Fold3_part1/28/0,353167.47,355167.47,0,0.48584833673148853,0.49060595546944324,1,FP
UTA,28,Fold3_part1/28/0,355167.47,357167.47,0,0.5426486643566234,0.5705740117653872,1,FP
UTA,28,Fold3_part1/28/0,355667.47,357667.47,0,0.6726142480044601,0.7427433366604568,1,FP
UTA,28,Fold3_part1/28/0,356167.47,358167.47,0,0.7419729140661678,0.8228155393971136,1,FP
UTA,28,Fold3_part1/28/0,356667.47,358667.47,0,0.7479449885351395,0.8292009432889754,1,FP
UTA,28,Fold3_part1/28/0,357167.47,359167.47,0,0.7751255371415052,0.8571390853664631,1,FP
UTA,28,Fold3_part1/28/0,357667.47,359667.47,0,0.7630417974030443,0.8449500200485133,1,FP
UTA,28,Fold3_part1/28/0,358167.47,360167.47,0,0.707551146826135,0.7843802119905097,1,FP
UTA,28,Fold3_part1/28/0,358667.47,360667.47,0,0.5129641951699794,0.5289122195538588,1,FP
UTA,28,Fold3_part1/28/0,360167.47,362167.47,0,0.4611729328702894,0.45573521122060084,1,FP
UTA,28,Fold3_part1/28/0,360667.47,362667.47,0,0.5564920664416533,0.5898270203086579,1,FP
UTA,28,Fold3_part1/28/0,361167.47,363167.47,0,0.6827148218665945,0.7550342373301421,1,FP
UTA,28,Fold3_part1/28/0,361667.47,363667.47,0,0.6392725501909947,0.7008430402498576,1,FP
UTA,28,Fold3_part1/28/0,362167.47,364167.47,0,0.5564920664416533,0.5898270203086579,1,FP
UTA,28,Fold3_part1/28/0,362667.47,364667.47,0,0.4606080022059945,0.454938136702832,1,FP
UTA,28,Fold3_part1/28/0,363167.47,365167.47,0,0.5308352460787535,0.5540458194501562,1,FP
UTA,28,Fold3_part1/28/0,363667.47,365667.47,0,0.5822775334131233,0.6252629648769078,1,FP
UTA,28,Fold3_part1/28/0,364167.47,366167.47,0,0.6133207706982017,0.6669735381315329,1,FP
UTA,28,Fold3_part1/28/0,364667.47,366667.47,0,0.7435273833790378,0.8244859265436831,1,FP
UTA,28,Fold3_part1/28/0,365167.47,367167.47,0,0.5977101698035895,0.6461453398309192,1,FP
UTA,28,Fold3_part1/28/0,365667.47,367667.47,0,0.46879723735772716,0.46650011513850936,1,FP
UTA,28,Fold3_part1/28/0,366167.47,368167.47,0,0.45037125627846103,0.4405121410182831,1,FP
UTA,28,Fold3_part1/28/0,366667.47,368667.47,0,0.45037125627846103,0.4405121410182831,1,FP
UTA,28,Fold3_part1/28/0,367167.47,369167.47,0,0.4606080022059945,0.454938136702832,1,FP
UTA,28,Fold3_part1/28/0,367667.47,369667.47,0,0.4790877352208602,0.48104543286907836,1,FP
UTA,28,Fold3_part1/28/0,368167.47,370167.47,0,0.4790877352208602,0.48104543286907836,1,FP
UTA,28,Fold3_part1/28/0,368667.47,370667.47,0,0.4881936659938797,0.49392268143518686,1,FP
UTA,28,Fold3_part1/28/0,369167.47,371167.47,0,0.5365394347752722,0.5620366248496156,1,FP
UTA,28,Fold3_part1/28/0,369667.47,371667.47,0,0.47885610323845634,0.4807179039009134,1,FP
UTA,28,Fold3_part1/28/0,370167.47,372167.47,0,0.4269879451204469,0.407732971326136,1,FP
UTA,28,Fold3_part1/28/0,377667.47,379667.47,0,0.48376494502565964,0.48765960714950457,1,FP
UTA,28,Fold3_part1/28/0,378167.47,380167.47,0,0.4075845180481975,0.3807984144480587,1,FP
UTA,28,Fold3_part1/28/0,378667.47,380667.47,0,0.4548865302580637,0.4468708862018698,1,FP
UTA,28,Fold3_part1/28/0,379167.47,381167.47,0,0.5792066685044629,0.6210763379483162,1,FP
UTA,28,Fold3_part1/28/0,379667.47,381667.47,0,0.7619532442578766,0.8438335775670055,1,FP
UTA,28,Fold3_part1/28/0,380167.47,382167.47,0,0.736475236191147,0.8168613374506541,1,FP
UTA,28,Fold3_part1/28/0,380667.47,382667.47,0,0.7486167035578544,0.8299137083106447,1,FP
UTA,28,Fold3_part1/28/0,381167.47,383167.47,0,0.7544529742335214,0.8360598413824009,1,FP
UTA,28,Fold3_part1/28/0,381667.47,383667.47,0,0.5723105679178822,0.6116396836889688,1,FP
UTA,28,Fold3_part1/28/0,382167.47,384167.47,0,0.43040080152859994,0.41249827683912793,1,FP
UTA,28,Fold3_part1/28/0,382667.47,384667.47,0,0.527103028268006,0.5488083188067604,1,FP
UTA,28,Fold3_part1/28/0,383167.47,385167.47,0,0.43040080152859994,0.41249827683912793,1,FP
UTA,28,Fold3_part1/28/0,383667.47,385667.47,0,0.5426493140480201,0.5705749184504642,1,FP
UTA,28,Fold3_part1/28/0,384167.47,386167.47,0,0.44160591101175944,0.4281918687180079,1,FP
UTA,28,Fold3_part1/28/0,384667.47,386667.47,0,0.5596321548518775,0.5941740827951911,1,FP
UTA,28,Fold3_part1/28/0,385167.47,387167.47,0,0.7188192120303584,0.7972595376737398,1,FP
UTA,28,Fold3_part1/28/0,385667.47,387667.47,0,0.7316258881630991,0.8115497073447531,1,FP
UTA,28,Fold3_part1/28/0,386167.47,388167.47,0,0.718480119767151,0.7968760802379417,1,FP
UTA,28,Fold3_part1/28/0,386667.47,388667.47,0,0.5927884443327015,0.6395153264022235,1,FP
UTA,28,Fold3_part1/28/0,387167.47,389167.47,0,0.42080225136120597,0.39911575109379277,1,FP
UTA,28,Fold3_part1/28/0,387667.47,389667.47,0,0.40211182927455513,0.37325731240892873,1,FP
UTA,28,Fold3_part1/28/0,388667.47,390667.47,0,0.4640694481208778,0.45982328321643834,1,FP
UTA,28,Fold3_part1/28/0,389167.47,391167.47,0,0.6451504938669159,0.7083692486489668,1,FP
UTA,28,Fold3_part1/28/0,389667.47,391667.47,0,0.6933835214892908,0.7677968066892298,1,FP
UTA,28,Fold3_part1/28/0,390167.47,392167.47,0,0.7185202256844853,0.79692144691403,1,FP
UTA,28,Fold3_part1/28/0,390667.47,392667.47,0,0.7185202256844853,0.79692144691403,1,FP
UTA,28,Fold3_part1/28/0,391167.47,393167.47,0,0.6485955523684008,0.7127537350835578,1,FP
UTA,28,Fold3_part1/28/0,391667.47,393667.47,0,0.6480465328928264,0.7120563426901231,1,FP
UTA,28,Fold3_part1/28/0,392167.47,394167.47,0,0.4947193457490124,0.5031496809267902,1,FP
UTA,28,Fold3_part1/28/0,392667.47,394667.47,0,0.42007767122339024,0.39810810782352574,1,FP
UTA,28,Fold3_part1/28/0,393167.47,395167.47,0,0.4266458744120236,0.40725575777319295,1,FP
UTA,28,Fold3_part1/28/0,394667.47,396667.47,0,0.4659356321581515,0.4624582403106802,1,FP
UTA,28,Fold3_part1/28/0,395167.47,397167.47,0,0.4659356321581515,0.4624582403106802,1,FP
UTA,28,Fold3_part1/28/0,395667.47,397667.47,0,0.4659356321581515,0.4624582403106802,1,FP
UTA,28,Fold3_part1/28/0,396167.47,398167.47,0,0.4659356321581515,0.4624582403106802,1,FP
UTA,28,Fold3_part1/28/0,396667.47,398667.47,0,0.4663975969830423,0.4631106300265137,1,FP
UTA,28,Fold3_part1/28/0,397167.47,399167.47,0,0.45750978470119563,0.4505684064587812,1,FP
UTA,28,Fold3_part1/28/0,397667.47,399667.47,0,0.45750978470119563,0.4505684064587812,1,FP
UTA,28,Fold3_part1/28/0,398167.47,400167.47,0,0.6817889250403971,0.7539158484934849,1,FP
UTA,28,Fold3_part1/28/0,398667.47,400667.47,0,0.6595545619259848,0.7265656113119342,1,FP
UTA,28,Fold3_part1/28/0,399167.47,401167.47,0,0.6595545619259848,0.7265656113119342,1,FP
UTA,28,Fold3_part1/28/0,399667.47,401667.47,0,0.5107427013904692,0.5257796168756197,1,FP
UTA,28,Fold3_part1/28/0,400167.47,402167.47,0,0.4474620028096808,0.43641928043436173,1,FP
UTA,28,Fold3_part1/28/0,400667.47,402667.47,0,0.4228746607016942,0.40199984710890574,1,FP
UTA,28,Fold3_part1/28/0,401167.47,403167.47,0,0.43824183672290024,0.42347303854492785,1,FP
UTA,28,Fold3_part1/28/0,401667.47,403667.47,0,0.4228746607016942,0.40199984710890574,1,FP
UTA,28,Fold3_part1/28/0,402167.47,404167.47,0,0.4228746607016942,0.40199984710890574,1,FP
UTA,28,Fold3_part1/28/0,402667.47,404667.47,0,0.4320201583966283,0.4147618932204156,1,FP
UTA,28,Fold3_part1/28/0,403167.47,405167.47,0,0.4320201583966283,0.4147618932204156,1,FP
UTA,28,Fold3_part1/28/0,403667.47,405667.47,0,0.5208392423029232,0.5400037310969584,1,FP
UTA,28,Fold3_part1/28/0,404167.47,406167.47,0,0.5185852259174083,0.5368314027280983,1,FP
UTA,28,Fold3_part1/28/0,404667.47,406667.47,0,0.5498402245983807,0.5805930047639996,1,FP
UTA,28,Fold3_part1/28/0,405167.47,407167.47,0,0.5428162086220589,0.5708078213034248,1,FP
UTA,28,Fold3_part1/28/0,405667.47,407667.47,0,0.545125087098151,0.5740280184650968,1,FP
UTA,28,Fold3_part1/28/0,406167.47,408167.47,0,0.45750978470119563,0.4505684064587812,1,FP
UTA,28,Fold3_part1/28/0,406667.47,408667.47,0,0.45750978470119563,0.4505684064587812,1,FP
UTA,28,Fold3_part1/28/0,407167.47,409167.47,0,0.45084005183289616,0.44117197996208735,1,FP
UTA,28,Fold3_part1/28/0,407667.47,409667.47,0,0.4542223922923821,0.44593513681193137,1,FP
UTA,28,Fold3_part1/28/0,408167.47,410167.47,0,0.5164859924569815,0.5338751897362985,1,FP
UTA,28,Fold3_part1/28/0,408667.47,410667.47,0,0.671738878264224,0.7416688950784532,1,FP
UTA,28,Fold3_part1/28/0,409167.47,411167.47,0,0.6915224242992108,0.7655871027365929,1,FP
UTA,28,Fold3_part1/28/0,409667.47,411667.47,0,0.5441222683514606,0.572629815655091,1,FP
UTA,28,Fold3_part1/28/0,410167.47,412167.47,0,0.6997997242932608,0.7753597054046594,1,FP
UTA,28,Fold3_part1/28/0,410667.47,412667.47,0,0.6337639962559088,0.6937392116343883,1,FP
UTA,28,Fold3_part1/28/0,411167.47,413167.47,0,0.7530309447014547,0.834570081913328,1,FP
UTA,28,Fold3_part1/28/0,411667.47,413667.47,0,0.7385588629563276,0.8191264910908629,1,FP
UTA,28,Fold3_part1/28/0,412167.47,414167.47,0,0.5951792416263091,0.6427395563158256,1,FP
UTA,28,Fold3_part1/28/0,412667.47,414667.47,0,0.46008127502995416,0.45419504374701747,1,FP
UTA,28,Fold3_part1/28/0,413167.47,415167.47,0,0.4269867065331067,0.40773124326810484,1,FP
UTA,28,Fold3_part1/28/0,413667.47,415667.47,0,0.41442838891039985,0.39026539060403165,1,FP
UTA,28,Fold3_part1/28/0,414167.47,416167.47,0,0.4275384093981975,0.4085010697472581,1,FP
UTA,28,Fold3_part1/28/0,416167.47,418167.47,0,0.4272269260962728,0.40806641268219446,1,FP
UTA,28,Fold3_part1/28/0,416667.47,418667.47,0,0.48937014438691556,0.4955863714965744,1,FP
UTA,28,Fold3_part1/28/0,417167.47,419167.47,0,0.4617018607949524,0.4564815666369372,1,FP
UTA,28,Fold3_part1/28/0,417667.47,419667.47,0,0.6548082889369086,0.7206095120230412,1,FP
UTA,28,Fold3_part1/28/0,418167.47,420167.47,0,0.775648046076418,0.8576576044897809,1,FP
UTA,28,Fold3_part1/28/0,418667.47,420667.47,0,0.7166836403122061,0.7948402482975847,1,FP
UTA,28,Fold3_part1/28/0,419167.47,421167.47,0,0.6271817395246179,0.6851887116788711,1,FP
UTA,28,Fold3_part1/28/0,419667.47,421667.47,0,0.7520247099001613,0.8335128880840913,1,FP
UTA,28,Fold3_part1/28/0,420167.47,422167.47,0,0.6271817395246179,0.6851887116788711,1,FP
UTA,28,Fold3_part1/28/0,420667.47,422667.47,0,0.6946342412058385,0.7692777867057944,1,FP
UTA,28,Fold3_part1/28/0,421167.47,423167.47,0,0.6733085925364238,0.743594550284829,1,FP
UTA,28,Fold3_part1/28/0,421667.47,423667.47,0,0.658207607387149,0.7248793765193351,1,FP
UTA,28,Fold3_part1/28/0,422167.47,424167.47,0,0.6848628809604261,0.7576223212882999,1,FP
UTA,28,Fold3_part1/28/0,422667.47,424667.47,0,0.6440125061530482,0.7069165855994478,1,FP
UTA,28,Fold3_part1/28/0,423167.47,425167.47,0,0.652299833969258,0.7174456737861691,1,FP
UTA,28,Fold3_part1/28/0,423667.47,425667.47,0,0.6336643009177135,0.6936102032862514,1,FP
UTA,28,Fold3_part1/28/0,424167.47,426167.47,0,0.641154674427899,0.7032590903722901,1,FP
UTA,28,Fold3_part1/28/0,424667.47,426667.47,0,0.641154674427899,0.7032590903722901,1,FP
UTA,28,Fold3_part1/28/0,425167.47,427167.47,0,0.652435444030317,0.7176169938567858,1,FP
UTA,28,Fold3_part1/28/0,425667.47,427667.47,0,0.7578523537207948,0.839600684908245,1,FP
UTA,28,Fold3_part1/28/0,426167.47,428167.47,0,0.7578523537207948,0.839600684908245,1,FP
UTA,28,Fold3_part1/28/0,426667.47,428667.47,0,0.7109008569426962,0.7882381760182311,1,FP
UTA,28,Fold3_part1/28/0,427167.47,429167.47,0,0.7109008569426962,0.7882381760182311,1,FP
UTA,28,Fold3_part1/28/0,427667.47,429667.47,0,0.7242162735629073,0.8033276715310445,1,FP
UTA,28,Fold3_part1/28/0,428167.47,430167.47,0,0.6315489245285,0.690869208388675,1,FP
UTA,28,Fold3_part1/28/0,428667.47,430667.47,0,0.6419621195892692,0.7042938282269393,1,FP
UTA,28,Fold3_part1/28/0,429167.47,431167.47,0,0.6512297969090902,0.7160927526378166,1,FP
UTA,28,Fold3_part1/28/0,429667.47,431667.47,0,0.6419621195892692,0.7042938282269393,1,FP
UTA,28,Fold3_part1/28/0,430167.47,432167.47,0,0.49155364090472614,0.4986739170440363,1,FP
UTA,28,Fold3_part1/28/0,430667.47,432667.47,0,0.47382782462218437,0.4736090443197246,1,FP
UTA,28,Fold3_part1/28/0,431167.47,433167.47,0,0.4043569113943987,0.37634766045816004,1,FP
UTA,28,Fold3_part1/28/0,433667.47,435667.47,0,0.5152065730336892,0.5320726949931502,1,FP
UTA,28,Fold3_part1/28/0,434167.47,436167.47,0,0.5305764790026923,0.5536829101243298,1,FP
UTA,28,Fold3_part1/28/0,434667.47,436667.47,0,0.5310914860910507,0.5544051508248343,1,FP
UTA,28,Fold3_part1/28/0,435167.47,437167.47,0,0.5028026224312534,0.5145722036405731,1,FP
UTA,28,Fold3_part1/28/0,435667.47,437667.47,0,0.4753003513960005,0.47569060110312106,1,FP
UTA,28,Fold3_part1/28/0,436167.47,438167.47,0,0.5552975527503259,0.5881712976124341,1,FP
UTA,28,Fold3_part1/28/0,436667.47,438667.47,0,0.5552975527503259,0.5881712976124341,1,FP
UTA,28,Fold3_part1/28/0,437167.47,439167.47,0,0.478782196047119,0.4806133994785948,1,FP
UTA,28,Fold3_part1/28/0,437667.47,439667.47,0,0.5193583746673249,0.5379197636715342,1,FP
UTA,28,Fold3_part1/28/0,438167.47,440167.47,0,0.49325226414233303,0.5010755945281962,1,FP
UTA,28,Fold3_part1/28/0,438667.47,440667.47,0,0.5048854921556836,0.5175136274742936,1,FP
UTA,28,Fold3_part1/28/0,439167.47,441167.47,0,0.49573536507360444,0.5045859413656986,1,FP
UTA,28,Fold3_part1/28/0,439667.47,441667.47,0,0.5193583746673249,0.5379197636715342,1,FP
UTA,28,Fold3_part1/28/0,440167.47,442167.47,0,0.4986647524729447,0.5087262242355914,1,FP
UTA,28,Fold3_part1/28/0,440667.47,442667.47,0,0.5836910206082445,0.6271866799204544,1,FP
UTA,28,Fold3_part1/28/0,441167.47,443167.47,0,0.5760871835303634,0.6168134839359785,1,FP
UTA,28,Fold3_part1/28/0,441667.47,443667.47,0,0.5838587782468733,0.627414851069219,1,FP
UTA,28,Fold3_part1/28/0,442667.47,444667.47,0,0.45322463484564335,0.4445296179670707,1,FP
UTA,28,Fold3_part1/28/0,445167.47,447167.47,0,0.5798067490931903,0.6218952234110604,1,FP
UTA,28,Fold3_part1/28/0,447667.47,449667.47,0,0.40157072093466595,0.37251317489656477,1,FP
UTA,28,Fold3_part1/28/0,448167.47,450167.47,0,0.4789241247094781,0.48081408627676325,1,FP
UTA,28,Fold3_part1/28/0,448667.47,450667.47,0,0.6111333551810378,0.6640742815536703,1,FP
UTA,28,Fold3_part1/28/0,449167.47,451167.47,0,0.6111333551810378,0.6640742815536703,1,FP
UTA,28,Fold3_part1/28/0,449667.47,451667.47,0,0.5045728725506696,0.5170722064226392,1,FP
UTA,28,Fold3_part1/28/0,454167.47,456167.47,0,0.43406076255875325,0.4176165787132599,1,FP
UTA,28,Fold3_part1/28/0,454667.47,456667.47,0,0.5064991151855573,0.5197917179550336,1,FP
UTA,28,Fold3_part1/28/0,455167.47,457167.47,0,0.5749304658833425,0.6152303164670727,1,FP
UTA,28,Fold3_part1/28/0,455667.47,457667.47,0,0.6818605706176054,0.7540024495237813,1,FP
UTA,28,Fold3_part1/28/0,456167.47,458167.47,0,0.7232876858663456,0.8022883444438518,1,FP
UTA,28,Fold3_part1/28/0,456667.47,458667.47,0,0.761479865275252,0.8433471317703575,1,FP
UTA,28,Fold3_part1/28/0,457167.47,459167.47,0,0.682784067278315,0.7551178105300727,1,FP
UTA,28,Fold3_part1/28/0,457667.47,459667.47,0,0.6715804666415145,0.741474303223376,1,FP
UTA,28,Fold3_part1/28/0,458167.47,460167.47,0,0.6954623117540367,0.7702565223688023,1,FP
UTA,28,Fold3_part1/28/0,458667.47,460667.47,0,0.5280299046067081,0.5501096599891254,1,FP
UTA,28,Fold3_part1/28/0,459167.47,461167.47,0,0.40963987653283995,0.3836374264813772,1,FP
UTA,28,Fold3_part1/28/0,459667.47,461667.47,0,0.451710502111128,0.4423973802584655,1,FP
UTA,28,Fold3_part1/28/0,460167.47,462167.47,0,0.44070593294176313,0.4269288960090192,1,FP
UTA,28,Fold3_part1/28/0,460667.47,462667.47,0,0.5010533794878459,0.5121012486091262,1,FP
UTA,28,Fold3_part1/28/0,461167.47,463167.47,0,0.50818182555657,0.522166671483893,1,FP
UTA,28,Fold3_part1/28/0,461667.47,463667.47,0,0.50818182555657,0.522166671483893,1,FP
UTA,28,Fold3_part1/28/0,462167.47,464167.47,0,0.5267064472777526,0.5482513918116171,1,FP
UTA,28,Fold3_part1/28/0,462667.47,464667.47,0,0.46571017577256457,0.46213986598859325,1,FP
UTA,28,Fold3_part1/28/0,463167.47,465167.47,0,0.47501957378636017,0.47529367578355636,1,FP
UTA,28,Fold3_part1/28/0,463667.47,465667.47,0,0.5360119153292884,0.5612983956557851,1,FP
UTA,28,Fold3_part1/28/0,464167.47,466167.47,0,0.5121009323834359,0.5276950817247659,1,FP
UTA,28,Fold3_part1/28/0,464667.47,466667.47,0,0.5121009323834359,0.5276950817247659,1,FP
UTA,28,Fold3_part1/28/0,465167.47,467167.47,0,0.5121009323834359,0.5276950817247659,1,FP
UTA,28,Fold3_part1/28/0,465667.47,467667.47,0,0.5121009323834359,0.5276950817247659,1,FP
UTA,28,Fold3_part1/28/0,466167.47,468167.47,0,0.5496826116291584,0.5803738092154477,1,FP
UTA,28,Fold3_part1/28/0,466667.47,468667.47,0,0.5849207722450117,0.6288585887080712,1,FP
UTA,28,Fold3_part1/28/0,467167.47,469167.47,0,0.5496826116291584,0.5803738092154477,1,FP
UTA,28,Fold3_part1/28/0,467667.47,469667.47,0,0.5901762423720782,0.6359848825599074,1,FP
UTA,28,Fold3_part1/28/0,468167.47,470167.47,0,0.5121009323834359,0.5276950817247659,1,FP
UTA,28,Fold3_part1/28/0,468667.47,470667.47,0,0.5121009323834359,0.5276950817247659,1,FP
UTA,28,Fold3_part1/28/0,469167.47,471167.47,0,0.5121009323834359,0.5276950817247659,1,FP
UTA,28,Fold3_part1/28/0,469667.47,471667.47,0,0.5121009323834359,0.5276950817247659,1,FP
UTA,28,Fold3_part1/28/0,470167.47,472167.47,0,0.5306142847010321,0.5537359330722048,1,FP
UTA,28,Fold3_part1/28/0,470667.47,472667.47,0,0.5306142847010321,0.5537359330722048,1,FP
UTA,28,Fold3_part1/28/0,471167.47,473167.47,0,0.5360119153292884,0.5612983956557851,1,FP
UTA,28,Fold3_part1/28/0,471667.47,473667.47,0,0.5550448441047628,0.5878208736173876,1,FP
UTA,28,Fold3_part1/28/0,472167.47,474167.47,0,0.5849207722450117,0.6288585887080712,1,FP
UTA,28,Fold3_part1/28/0,472667.47,474667.47,0,0.5758199533906547,0.6164478514088352,1,FP
UTA,28,Fold3_part1/28/0,473167.47,475167.47,0,0.5849207722450117,0.6288585887080712,1,FP
UTA,28,Fold3_part1/28/0,473667.47,475667.47,0,0.5404162367527469,0.5674569382264648,1,FP
UTA,28,Fold3_part1/28/0,474167.47,476167.47,0,0.5641206763470132,0.6003736795734087,1,FP
UTA,28,Fold3_part1/28/0,474667.47,476667.47,0,0.5034000184408716,0.5154159385902489,1,FP
UTA,28,Fold3_part1/28/0,475167.47,477167.47,0,0.5052536283469476,0.5180334101760398,1,FP
UTA,28,Fold3_part1/28/0,475667.47,477667.47,0,0.5034000184408716,0.5154159385902489,1,FP
UTA,28,Fold3_part1/28/0,476167.47,478167.47,0,0.5457976355301793,0.5749653580595162,1,FP
UTA,28,Fold3_part1/28/0,476667.47,478667.47,0,0.5121009323834359,0.5276950817247659,1,FP
UTA,28,Fold3_part1/28/0,477167.47,479167.47,0,0.5027607762464228,0.5145130992752006,1,FP
UTA,28,Fold3_part1/28/0,477667.47,479667.47,0,0.5121009323834359,0.5276950817247659,1,FP
UTA,28,Fold3_part1/28/0,478167.47,480167.47,0,0.5121009323834359,0.5276950817247659,1,FP
UTA,28,Fold3_part1/28/0,478667.47,480667.47,0,0.5027607762464228,0.5145130992752006,1,FP
UTA,28,Fold3_part1/28/0,479167.47,481167.47,0,0.6436725225746273,0.706482173746863,1,FP
UTA,28,Fold3_part1/28/0,479667.47,481667.47,0,0.6111519633957287,0.6640989727215075,1,FP
UTA,28,Fold3_part1/28/0,480167.47,482167.47,0,0.6386830789524044,0.7000851690515624,1,FP
UTA,28,Fold3_part1/28/0,480667.47,482667.47,0,0.6148723824400689,0.6690261158841113,1,FP
UTA,28,Fold3_part1/28/0,481167.47,483167.47,0,0.4852607698601667,0.48977501386793487,1,FP
UTA,28,Fold3_part1/28/0,481667.47,483667.47,0,0.5121009323834359,0.5276950817247659,1,FP
UTA,28,Fold3_part1/28/0,482167.47,484167.47,0,0.5121009323834359,0.5276950817247659,1,FP
UTA,28,Fold3_part1/28/0,482667.47,484667.47,0,0.5027607762464228,0.5145130992752006,1,FP
UTA,28,Fold3_part1/28/0,483167.47,485167.47,0,0.5121009323834359,0.5276950817247659,1,FP
UTA,28,Fold3_part1/28/0,483667.47,485667.47,0,0.50818182555657,0.522166671483893,1,FP
UTA,28,Fold3_part1/28/0,484167.47,486167.47,0,0.50818182555657,0.522166671483893,1,FP
UTA,28,Fold3_part1/28/0,484667.47,486667.47,0,0.47431866990072774,0.47430287222249906,1,FP
UTA,28,Fold3_part1/28/0,485167.47,487167.47,0,0.4917116488105626,0.4988973337733634,1,FP
UTA,28,Fold3_part1/28/0,485667.47,487667.47,0,0.4441571850730726,0.43177429988082366,1,FP
UTA,28,Fold3_part1/28/0,486167.47,488167.47,0,0.442167743089412,0.4289805106309721,1,FP
UTA,28,Fold3_part1/28/0,486667.47,488667.47,0,0.4917116488105626,0.4988973337733634,1,FP
UTA,28,Fold3_part1/28/0,487167.47,489167.47,0,0.6301418814434631,0.6890422091218136,1,FP
UTA,28,Fold3_part1/28/0,487667.47,489667.47,0,0.6059858988867022,0.6572264266571556,1,FP
UTA,28,Fold3_part1/28/0,488167.47,490167.47,0,0.6059858988867022,0.6572264266571556,1,FP
UTA,28,Fold3_part1/28/0,488667.47,490667.47,0,0.6468977516742224,0.7105954556956042,1,FP
UTA,28,Fold3_part1/28/0,489167.47,491167.47,0,0.5655845736786741,0.6023918765822514,1,FP
UTA,28,Fold3_part1/28/0,489667.47,491667.47,0,0.5310172896889666,0.5543011069474828,1,FP
UTA,28,Fold3_part1/28/0,490167.47,492167.47,0,0.5440083985194771,0.5724710079976691,1,FP
UTA,28,Fold3_part1/28/0,490667.47,492667.47,0,0.5939864081235786,0.6411317438341714,1,FP
UTA,28,Fold3_part1/28/0,491167.47,493167.47,0,0.7197543428030793,0.7983156734654544,1,FP
UTA,28,Fold3_part1/28/0,491667.47,493667.47,0,0.6761307911036311,0.7470448676541966,1,FP
UTA,28,Fold3_part1/28/0,492167.47,494167.47,0,0.6991447600867184,0.7745916410265067,1,FP
UTA,28,Fold3_part1/28/0,492667.47,494667.47,0,0.6459368513486604,0.7093717901675836,1,FP
UTA,28,Fold3_part1/28/0,493167.47,495167.47,0,0.42036183032905816,0.3985032304403255,1,FP
UTA,28,Fold3_part1/28/0,493667.47,495667.47,0,0.6294210992397975,0.6881051231609268,1,FP
UTA,28,Fold3_part1/28/0,494167.47,496167.47,0,0.6294210992397975,0.6881051231609268,1,FP
UTA,28,Fold3_part1/28/0,494667.47,496667.47,0,0.6558766656737092,0.7219536883770716,1,FP
UTA,28,Fold3_part1/28/0,495167.47,497167.47,0,0.6391052451249605,0.7006279963778177,1,FP
UTA,28,Fold3_part1/28/0,495667.47,497667.47,0,0.42098181777472815,0.39936552550424503,1,FP
UTA,28,Fold3_part1/28/0,496167.47,498167.47,0,0.41534659979189015,0.3915384403785712,1,FP
UTA,28,Fold3_part1/28/0,496667.47,498667.47,0,0.424449026945966,0.40419285153143936,1,FP
UTA,28,Fold3_part1/28/0,497167.47,499167.47,0,0.41534659979189015,0.3915384403785712,1,FP
UTA,28,Fold3_part1/28/0,497667.47,499667.47,0,0.44037026322613115,0.4264579416501478,1,FP
UTA,28,Fold3_part1/28/0,498167.47,500167.47,0,0.49701255486136064,0.5063912169335133,1,FP
UTA,28,Fold3_part1/28/0,498667.47,500667.47,0,0.4901058220749202,0.4966266795179806,1,FP
UTA,28,Fold3_part1/28/0,499167.47,501167.47,0,0.4901058220749202,0.4966266795179806,1,FP
UTA,28,Fold3_part1/28/0,499667.47,501667.47,0,0.5069818829179242,0.5204731620868532,1,FP
UTA,28,Fold3_part1/28/0,500167.47,502167.47,0,0.5275683406097881,0.5494616719841416,1,FP
UTA,28,Fold3_part1/28/0,500667.47,502667.47,0,0.7339832213563549,0.814138686956493,1,FP
UTA,28,Fold3_part1/28/0,501167.47,503167.47,0,0.7404222211477729,0.8211434069746177,1,FP
UTA,28,Fold3_part1/28/0,501667.47,503667.47,0,0.8305800187978435,0.9080182745818371,1,FP
UTA,28,Fold3_part1/28/0,502167.47,504167.47,0,0.7837024093523287,0.8655594353789453,1,FP
UTA,28,Fold3_part1/28/0,502667.47,504667.47,0,0.7419168460451742,0.8227551813678861,1,FP
UTA,28,Fold3_part1/28/0,503167.47,505167.47,0,0.7419168460451742,0.8227551813678861,1,FP
UTA,28,Fold3_part1/28/0,503667.47,505667.47,0,0.5871171802128895,0.6318406075271129,1,FP
UTA,28,Fold3_part1/28/0,504167.47,506167.47,0,0.4091775293206443,0.382998483134402,1,FP
UTA,28,Fold3_part1/28/0,504667.47,506667.47,0,0.5047761480014141,0.5173592352469315,1,FP
UTA,28,Fold3_part1/28/0,505167.47,507167.47,0,0.49904978233179614,0.5092703180311402,1,FP
UTA,28,Fold3_part1/28/0,505667.47,507667.47,0,0.6095831451713745,0.6620156796108382,1,FP
UTA,28,Fold3_part1/28/0,506167.47,508167.47,0,0.6286215742813162,0.687064739167203,1,FP
UTA,28,Fold3_part1/28/0,506667.47,508667.47,0,0.6680931994450381,0.7371786024198561,1,FP
UTA,28,Fold3_part1/28/0,507167.47,509167.47,0,0.6821480441762862,0.7543498289838889,1,FP
UTA,28,Fold3_part1/28/0,507667.47,509667.47,0,0.6081248997172736,0.6600762753851835,1,FP
UTA,28,Fold3_part1/28/0,508167.47,510167.47,0,0.5883644200725291,0.6335315815008442,1,FP
UTA,28,Fold3_part1/28/0,508667.47,510667.47,0,0.5139864757698513,0.530353256850819,1,FP
UTA,28,Fold3_part1/28/0,509167.47,511167.47,0,0.5104938943046154,0.5254286742681273,1,FP
UTA,28,Fold3_part1/28/0,509667.47,511667.47,0,0.6239113575852643,0.6809160603099398,1,FP
UTA,28,Fold3_part1/28/0,510167.47,512167.47,0,0.723642427104758,0.80268562338219,1,FP
UTA,28,Fold3_part1/28/0,510667.47,512667.47,0,0.7310530282670257,0.8109185861330761,1,FP
UTA,28,Fold3_part1/28/0,511167.47,513167.47,0,0.723642427104758,0.80268562338219,1,FP
UTA,28,Fold3_part1/28/0,511667.47,513667.47,0,0.723642427104758,0.80268562338219,1,FP
UTA,28,Fold3_part1/28/0,512167.47,514167.47,0,0.6239113575852643,0.6809160603099398,1,FP
UTA,28,Fold3_part1/28/0,512667.47,514667.47,0,0.6239113575852643,0.6809160603099398,1,FP
UTA,28,Fold3_part1/28/0,513167.47,515167.47,0,0.5618622343392699,0.5972564309482669,1,FP
UTA,28,Fold3_part1/28/0,513667.47,515667.47,0,0.5429524323027378,0.5709979093573015,1,FP
UTA,28,Fold3_part1/28/0,514167.47,516167.47,0,0.5710394296802185,0.6098951767603862,1,FP
UTA,28,Fold3_part1/28/0,514667.47,516667.47,0,0.6025955566161,0.6526972455470773,1,FP
UTA,28,Fold3_part1/28/0,515167.47,517167.47,0,0.5936130220291521,0.6406281133061026,1,FP
UTA,28,Fold3_part1/28/0,515667.47,517667.47,0,0.5282865447876379,0.5504699118279951,1,FP
UTA,28,Fold3_part1/28/0,516167.47,518167.47,0,0.5112860441775647,0.5265459396724846,1,FP
UTA,28,Fold3_part1/28/0,516667.47,518667.47,0,0.5112860441775647,0.5265459396724846,1,FP
UTA,28,Fold3_part1/28/0,517167.47,519167.47,0,0.5375882205814438,0.5635038550009193,1,FP
UTA,28,Fold3_part1/28/0,517667.47,519667.47,0,0.7034614387633367,0.7796369655311624,1,FP
UTA,28,Fold3_part1/28/0,518167.47,520167.47,0,0.7762165717130467,0.8582209761633428,1,FP
UTA,28,Fold3_part1/28/0,518667.47,520667.47,0,0.7451498077041157,0.826223097587815,1,FP
UTA,28,Fold3_part1/28/0,519167.47,521167.47,0,0.7263749487436424,0.8057361392151519,1,FP
UTA,28,Fold3_part1/28/0,519667.47,521667.47,0,0.7672903069706098,0.849278460510366,1,FP
UTA,28,Fold3_part1/28/0,520167.47,522167.47,0,0.7648238973241139,0.8467712667754883,1,FP
UTA,28,Fold3_part1/28/0,520667.47,522667.47,0,0.7496798442201279,0.8310395564259531,1,FP
UTA,28,Fold3_part1/28/0,521167.47,523167.47,0,0.7461707872642829,0.8273130074854852,1,FP
UTA,28,Fold3_part1/28/0,521667.47,523667.47,0,0.6187571228116251,0.6741504125426584,1,FP
UTA,28,Fold3_part1/28/0,522167.47,524167.47,0,0.6275326098133983,0.6856461647197246,1,FP
UTA,28,Fold3_part1/28/0,522667.47,524667.47,0,0.6187571228116251,0.6741504125426584,1,FP
UTA,28,Fold3_part1/28/0,523167.47,525167.47,0,0.65761184502485,0.7241325187771439,1,FP
UTA,28,Fold3_part1/28/0,523667.47,525667.47,0,0.6743625436310633,0.7448848578869819,1,FP
UTA,28,Fold3_part1/28/0,524167.47,526167.47,0,0.6948866880691186,0.7695763164918064,1,FP
UTA,28,Fold3_part1/28/0,524667.47,526667.47,0,0.6846508456127176,0.7573672598918089,1,FP
UTA,28,Fold3_part1/28/0,525167.47,527167.47,0,0.6982015767060387,0.7734839986029459,1,FP
UTA,28,Fold3_part1/28/0,525667.47,527667.47,0,0.6982015767060387,0.7734839986029459,1,FP
UTA,28,Fold3_part1/28/0,526167.47,528167.47,0,0.6759580099911051,0.746834071267177,1,FP
UTA,28,Fold3_part1/28/0,526667.47,528667.47,0,0.6925783614960791,0.7668417050171924,1,FP
UTA,28,Fold3_part1/28/0,527167.47,529167.47,0,0.6925783614960791,0.7668417050171924,1,FP
UTA,28,Fold3_part1/28/0,527667.47,529667.47,0,0.6925783614960791,0.7668417050171924,1,FP
UTA,28,Fold3_part1/28/0,528167.47,530167.47,0,0.7145459607589543,0.7924083516811103,1,FP
UTA,28,Fold3_part1/28/0,528667.47,530667.47,0,0.6063288563460182,0.6576837606900925,1,FP
UTA,28,Fold3_part1/28/0,529167.47,531167.47,0,0.6068408201120837,0.6583661796542967,1,FP
UTA,28,Fold3_part1/28/0,529667.47,531667.47,0,0.5772078502366053,0.6183460366182331,1,FP
UTA,28,Fold3_part1/28/0,530167.47,532167.47,0,0.531009558381113,0.5542902653522873,1,FP
UTA,28,Fold3_part1/28/0,530667.47,532667.47,0,0.5025846317353913,0.5142643054997097,1,FP
UTA,28,Fold3_part1/28/0,531167.47,533167.47,0,0.6423746991329696,0.7048221357813159,1,FP
UTA,28,Fold3_part1/28/0,531667.47,533667.47,0,0.6578395186056063,0.7244180086361107,1,FP
UTA,28,Fold3_part1/28/0,532167.47,534167.47,0,0.6680868849052128,0.7371708033679666,1,FP
UTA,28,Fold3_part1/28/0,532667.47,534667.47,0,0.6829885393590771,0.7553645351079789,1,FP
UTA,28,Fold3_part1/28/0,533167.47,535167.47,0,0.5258016968661317,0.5469805576774203,1,FP
UTA,28,Fold3_part1/28/0,533667.47,535667.47,0,0.5464360091467214,0.5758547847662878,1,FP
UTA,28,Fold3_part1/28/0,534167.47,536167.47,0,0.6416628565740855,0.7039104480056707,1,FP
UTA,28,Fold3_part1/28/0,534667.47,536667.47,0,0.604627408736665,0.6554133817174896,1,FP
UTA,28,Fold3_part1/28/0,535167.47,537167.47,0,0.6931279035590855,0.7674937309047375,1,FP
UTA,28,Fold3_part1/28/0,535667.47,537667.47,0,0.6748280026706751,0.745454023395589,1,FP
UTA,28,Fold3_part1/28/0,536167.47,538167.47,0,0.6575729338462771,0.724083717146665,1,FP
UTA,28,Fold3_part1/28/0,536667.47,538667.47,0,0.6642613417762615,0.7324323256744651,1,FP
UTA,28,Fold3_part1/28/0,537167.47,539167.47,0,0.674229655645311,0.7447222857016217,1,FP
UTA,28,Fold3_part1/28/0,537667.47,539667.47,0,0.6558766656737092,0.7219536883770716,1,FP
UTA,28,Fold3_part1/28/0,538167.47,540167.47,0,0.6833319638253206,0.7557787388096154,1,FP
UTA,28,Fold3_part1/28/0,538667.47,540667.47,0,0.7064421541779741,0.7830975692112562,1,FP
UTA,28,Fold3_part1/28/0,539167.47,541167.47,0,0.42460691241426923,0.4044128713244284,1,FP
UTA,28,Fold3_part1/28/0,539667.47,541667.47,0,0.5520587937144449,0.5836764961782658,1,FP
UTA,28,Fold3_part1/28/0,540167.47,542167.47,0,0.4405295380465661,0.42668140178498365,1,FP
UTA,28,Fold3_part1/28/0,540667.47,542667.47,0,0.5520587937144449,0.5836764961782658,1,FP
UTA,28,Fold3_part1/28/0,541167.47,543167.47,0,0.44037026322613115,0.4264579416501478,1,FP
UTA,28,Fold3_part1/28/0,541667.47,543667.47,0,0.4298047615235563,0.41166550750321185,1,FP
UTA,28,Fold3_part1/28/0,542167.47,544167.47,0,0.43898613340382164,0.42451657268101506,1,FP
UTA,28,Fold3_part1/28/0,542667.47,544667.47,0,0.4298047615235563,0.41166550750321185,1,FP
UTA,28,Fold3_part1/28/0,543167.47,545167.47,0,0.44572820777770616,0.433981796175125,1,FP
UTA,28,Fold3_part1/28/0,543667.47,545667.47,0,0.6294210992397975,0.6881051231609268,1,FP
UTA,28,Fold3_part1/28/0,544167.47,546167.47,0,0.6125515512970584,0.6659547371359898,1,FP
UTA,28,Fold3_part1/28/0,544667.47,546667.47,0,0.6176858416118405,0.6727394225346129,1,FP
UTA,28,Fold3_part1/28/0,545167.47,547167.47,0,0.5864830889926383,0.6309802600886851,1,FP
UTA,28,Fold3_part1/28/0,545667.47,547667.47,0,0.41109488402597333,0.38564935913116005,1,FP
UTA,28,Fold3_part1/28/0,546167.47,548167.47,0,0.5222879790457047,0.5420416277976263,1,FP
UTA,28,Fold3_part1/28/0,546667.47,548667.47,0,0.5330518322074542,0.5571530556079421,1,FP
UTA,28,Fold3_part1/28/0,547167.47,549167.47,0,0.5427163823119071,0.5706685149584629,1,FP
UTA,28,Fold3_part1/28/0,547667.47,549667.47,0,0.5330518322074542,0.5571530556079421,1,FP
UTA,28,Fold3_part1/28/0,548167.47,550167.47,0,0.5639544734096327,0.6001444256662223,1,FP
UTA,28,Fold3_part1/28/0,548667.47,550667.47,0,0.4972267741197615,0.5066939893774888,1,FP
UTA,28,Fold3_part1/28/0,549167.47,551167.47,0,0.5698958920602336,0.6083244831666034,1,FP
UTA,28,Fold3_part1/28/0,549667.47,551667.47,0,0.7248812057391969,0.8040706875118576,1,FP
UTA,28,Fold3_part1/28/0,550167.47,552167.47,0,0.7044444096178335,0.7807803043368663,1,FP
UTA,28,Fold3_part1/28/0,550667.47,552667.47,0,0.7044444096178335,0.7807803043368663,1,FP
UTA,28,Fold3_part1/28/0,551167.47,553167.47,0,0.6823979598205905,0.7546516911898956,1,FP
UTA,28,Fold3_part1/28/0,551667.47,553667.47,0,0.5727700185930245,0.6122698527628406,1,FP
UTA,28,Fold3_part1/28/0,552167.47,554167.47,0,0.40949005065091054,0.3834303538660672,1,FP
UTA,28,Fold3_part1/28/0,552667.47,554667.47,0,0.4949316570473951,0.5034498172079348,1,FP
UTA,28,Fold3_part1/28/0,553167.47,555167.47,0,0.5186206794770595,0.5368813156555527,1,FP
UTA,28,Fold3_part1/28/0,553667.47,555667.47,0,0.5120770998919099,0.5276614763824394,1,FP
UTA,28,Fold3_part1/28/0,554167.47,556167.47,0,0.5279188701634229,0.5499537884839045,1,FP
UTA,28,Fold3_part1/28/0,554667.47,556667.47,0,0.5242392057043854,0.5447849677353176,1,FP
UTA,28,Fold3_part1/28/0,555167.47,557167.47,0,0.5282955725247933,0.5504825836937262,1,FP
UTA,28,Fold3_part1/28/0,555667.47,557667.47,0,0.5496826116291584,0.5803738092154477,1,FP
UTA,28,Fold3_part1/28/0,556167.47,558167.47,0,0.5282955725247933,0.5504825836937262,1,FP
UTA,28,Fold3_part1/28/0,556667.47,558667.47,0,0.5282955725247933,0.5504825836937262,1,FP
UTA,28,Fold3_part1/28/0,557167.47,559167.47,0,0.5404162367527469,0.5674569382264648,1,FP
UTA,28,Fold3_part1/28/0,557667.47,559667.47,0,0.5242392057043854,0.5447849677353176,1,FP
UTA,28,Fold3_part1/28/0,558167.47,560167.47,0,0.4949316570473951,0.5034498172079348,1,FP
UTA,28,Fold3_part1/28/0,558667.47,560667.47,0,0.40949005065091054,0.3834303538660672,1,FP
UTA,28,Fold3_part1/28/0,559167.47,561167.47,0,0.4044056605779197,0.3764148146145468,1,FP
UTA,28,Fold3_part1/28/0,559667.47,561667.47,0,0.4044056605779197,0.3764148146145468,1,FP
UTA,28,Fold3_part1/28/0,560167.47,562167.47,0,0.40949005065091054,0.3834303538660672,1,FP
UTA,28,Fold3_part1/28/0,560667.47,562667.47,0,0.40949005065091054,0.3834303538660672,1,FP
UTA,28,Fold3_part1/28/0,561167.47,563167.47,0,0.541600986815412,0.5691115614278888,1,FP
UTA,28,Fold3_part1/28/0,561667.47,563667.47,0,0.5675981097992211,0.6051647160778022,1,FP
UTA,28,Fold3_part1/28/0,562167.47,564167.47,0,0.5157821070051171,0.5328835993976582,1,FP
UTA,28,Fold3_part1/28/0,562667.47,564667.47,0,0.720856302821187,0.7995576898447954,1,FP
UTA,28,Fold3_part1/28/0,563167.47,565167.47,0,0.6453954279279325,0.708681630147985,1,FP
UTA,28,Fold3_part1/28/0,563667.47,565667.47,0,0.6511590429162378,0.7160032240503179,1,FP
UTA,28,Fold3_part1/28/0,564167.47,566167.47,0,0.5228192359159419,0.5427887132715689,1,FP
UTA,28,Fold3_part1/28/0,564667.47,566667.47,0,0.5083240759940478,0.5223674085428974,1,FP
UTA,28,Fold3_part1/28/0,566667.47,568667.47,0,0.6217526437930275,0.6780871300260662,1,FP
UTA,28,Fold3_part1/28/0,567167.47,569167.47,0,0.6154872081940916,0.6698385289309442,1,FP
UTA,28,Fold3_part1/28/0,567667.47,569667.47,0,0.6217526437930275,0.6780871300260662,1,FP
UTA,28,Fold3_part1/28/0,568167.47,570167.47,0,0.6154872081940916,0.6698385289309442,1,FP
UTA,28,Fold3_part1/28/0,568667.47,570667.47,0,0.40984712831010484,0.3839238981059034,1,FP
UTA,28,Fold3_part1/28/0,569167.47,571167.47,0,0.4092648330451948,0.38311911908881874,1,FP
UTA,28,Fold3_part1/28/0,569667.47,571667.47,0,0.6308554765032237,0.6899691687411156,1,FP
UTA,28,Fold3_part1/28/0,570167.47,572167.47,0,0.6138433815271966,0.6676652535184973,1,FP
UTA,28,Fold3_part1/28/0,570667.47,572667.47,0,0.6138433815271966,0.6676652535184973,1,FP
UTA,28,Fold3_part1/28/0,571167.47,573167.47,0,0.604948409593701,0.6558420053880886,1,FP
UTA,28,Fold3_part1/28/0,571667.47,573667.47,0,0.41790861376856453,0.39509400373244985,1,FP
UTA,28,Fold3_part1/28/0,572167.47,574167.47,0,0.6729684131872765,0.7431776308660096,1,FP
UTA,28,Fold3_part1/28/0,572667.47,574667.47,0,0.7074970635440616,0.7843177220103436,1,FP
UTA,28,Fold3_part1/28/0,573167.47,575167.47,0,0.7151701983657819,0.7931195583234699,1,FP
UTA,28,Fold3_part1/28/0,573667.47,575667.47,0,0.7294073074874925,0.8091012285046114,1,FP
UTA,28,Fold3_part1/28/0,574167.47,576167.47,0,0.6120994869805629,0.6653556192052837,1,FP
UTA,28,Fold3_part1/28/0,574667.47,576667.47,0,0.6352086349097994,0.695606864390436,1,FP
UTA,28,Fold3_part1/28/0,575167.47,577167.47,0,0.7344654525297504,0.8146666941242793,1,FP
UTA,28,Fold3_part1/28/0,575667.47,577667.47,0,0.6592996948507936,0.7262467950694773,1,FP
UTA,28,Fold3_part1/28/0,576167.47,578167.47,0,0.7206060071704732,0.7992758235309853,1,FP
UTA,28,Fold3_part1/28/0,576667.47,578667.47,0,0.7076794491166424,0.784528432164076,1,FP
UTA,28,Fold3_part1/28/0,577167.47,579167.47,0,0.7085468972080864,0.785529605526801,1,FP
UTA,28,Fold3_part1/28/0,577667.47,579667.47,0,0.5014469424782362,0.5126572404831286,1,FP
UTA,28,Fold3_part1/28/0,578167.47,580167.47,0,0.48465756589936304,0.48892195703410624,1,FP
UTA,28,Fold3_part1/28/0,578667.47,580667.47,0,0.49472080716058314,0.5031517468849594,1,FP
UTA,28,Fold3_part1/28/0,579167.47,581167.47,0,0.5358571547556737,0.5610817881258481,1,FP
UTA,28,Fold3_part1/28/0,579667.47,581667.47,0,0.5352086335696683,0.5601739509264172,1,FP
UTA,28,Fold3_part1/28/0,580167.47,582167.47,0,0.5865433867677983,0.6310620924401561,1,FP
UTA,28,Fold3_part1/28/0,580667.47,582667.47,0,0.48784710424885136,0.49343258862376277,1,FP
UTA,28,Fold3_part1/28/0,581167.47,583167.47,0,0.48112734500765264,0.48392959151202436,1,FP
UTA,28,Fold3_part1/28/0,581667.47,583667.47,0,0.5865579119705054,0.6310818045322035,1,FP
UTA,28,Fold3_part1/28/0,582167.47,584167.47,0,0.6329220439071822,0.6926492163006785,1,FP
UTA,28,Fold3_part1/28/0,582667.47,584667.47,0,0.71495308427856,0.7928722941343022,1,FP
UTA,28,Fold3_part1/28/0,583167.47,585167.47,0,0.71495308427856,0.7928722941343022,1,FP
UTA,28,Fold3_part1/28/0,583667.47,585667.47,0,0.6597537636963321,0.7268147142046524,1,FP
UTA,28,Fold3_part1/28/0,584167.47,586167.47,0,0.7310102398694023,0.8108714152424206,1,FP
UTA,28,Fold3_part1/28/0,584667.47,586667.47,0,0.7013306679144183,0.7771514741753673,1,FP
UTA,28,Fold3_part1/28/0,585167.47,587167.47,0,0.7081756662811125,0.7851013462550317,1,FP
UTA,28,Fold3_part1/28/0,585667.47,587667.47,0,0.746089735969554,0.8272265768670497,1,FP
UTA,28,Fold3_part1/28/0,586167.47,588167.47,0,0.7465456313084914,0.8277125213443866,1,FP
UTA,28,Fold3_part1/28/0,586667.47,588667.47,0,0.764966143089606,0.8469162879479005,1,FP
UTA,28,Fold3_part1/28/0,587167.47,589167.47,0,0.7824407849923551,0.8643330579849219,1,FP
UTA,28,Fold3_part1/28/0,587667.47,589667.47,0,0.6649421621467356,0.7332775909898566,1,FP
UTA,28,Fold3_part1/28/0,588167.47,590167.47,0,0.5590255904403298,0.5933349932922084,1,FP
UTA,28,Fold3_part1/28/0,588667.47,590667.47,0,0.5210880175899621,0.5403537372394009,1,FP
UTA,28,Fold3_part1/28/0,589167.47,591167.47,0,0.5264710983279216,0.547920851533457,1,FP
UTA,28,Fold3_part1/28/0,590167.47,592167.47,0,0.5535496714694182,0.5857465514739678,1,FP
UTA,28,Fold3_part1/28/0,590667.47,592667.47,0,0.5725598717436067,0.6119816466748521,1,FP
UTA,28,Fold3_part1/28/0,591167.47,593167.47,0,0.6094849951300921,0.6618852329430484,1,FP
UTA,28,Fold3_part1/28/0,591667.47,593667.47,0,0.5995041034688224,0.6485546625307242,1,FP
UTA,28,Fold3_part1/28/0,592167.47,594167.47,0,0.4702346490941964,0.4685309704692646,1,FP
UTA,28,Fold3_part1/28/0,592667.47,594667.47,0,0.4569893681226225,0.44983469400163506,1,FP
UTA,28,Fold3_part1/28/0,593167.47,595167.47,0,0.4713458992314703,0.4701012447186234,1,FP
UTA,28,Fold3_part1/28/0,593667.47,595667.47,0,0.7409973757002281,0.821764278311758,1,FP
UTA,28,Fold3_part1/28/0,594167.47,596167.47,0,0.7705163685807568,0.8525342531354753,1,FP
UTA,28,Fold3_part1/28/0,594667.47,596667.47,0,0.765675591567667,0.8476388061409481,1,FP
UTA,28,Fold3_part1/28/0,595167.47,597167.47,0,0.7616774853233658,0.8435502758810386,1,FP
UTA,28,Fold3_part1/28/0,595667.47,597667.47,0,0.5236325418432575,0.5439322004279769,1,FP
UTA,28,Fold3_part1/28/0,596167.47,598167.47,0,0.5323513146668034,0.5561713417304437,1,FP
UTA,28,Fold3_part1/28/0,596667.47,598667.47,0,0.7370497803819368,0.8174869680352493,1,FP
UTA,28,Fold3_part1/28/0,597167.47,599167.47,0,0.7451183885197216,0.8261895169417994,1,FP
UTA,28,Fold3_part1/28/0,597667.47,599667.47,0,0.8837514039931297,0.9483292674533834,1,FP
UTA,28,Fold3_part1/28/0,598167.47,600167.47,0,0.8090538889661841,0.889286919979407,1,FP
UTA,28,Fold3_part1/28/0,598667.47,600667.47,0,0.7221321530045103,0.8009922580457859,1,FP
UTA,28,Fold3_part1/28/0,599167.47,601167.47,0,0.7431767993378844,0.8241097091575778,1,FP
UTA,28,Fold3_part1/28/0,599667.47,601667.47,0,0.6430821573838131,0.7057273850081169,1,FP
UTA,28,Fold3_part1/28/0,600167.47,602167.47,0,0.6543328498739283,0.7200106964925913,1,FP
UTA,28,Fold3_part1/28/10,2082.78,4082.78,1,0.3666764525158286,0.32518139929214235,0,FN
UTA,28,Fold3_part1/28/10,2582.78,4582.780000000001,1,0.381334850563796,0.3448963361319201,0,FN
UTA,28,Fold3_part1/28/10,3082.78,5082.780000000001,1,0.38879498527258904,0.35502724407521263,0,FN
UTA,28,Fold3_part1/28/10,3582.78,5582.780000000001,1,0.38879498527258904,0.35502724407521263,0,FN
UTA,28,Fold3_part1/28/10,4082.78,6082.780000000001,1,0.3799036504288066,0.3429599660240912,0,FN
UTA,28,Fold3_part1/28/10,7082.780000000001,9082.78,1,0.3898406666950699,0.3564521661937778,0,FN
UTA,28,Fold3_part1/28/10,7582.780000000001,9582.78,1,0.37972916222648534,0.34272405203787887,0,FN
UTA,28,Fold3_part1/28/10,8082.780000000001,10082.78,1,0.37972916222648534,0.34272405203787887,0,FN
UTA,28,Fold3_part1/28/10,10582.78,12582.78,1,0.37972916222648534,0.34272405203787887,0,FN
UTA,28,Fold3_part1/28/10,11082.78,13082.78,1,0.37972916222648534,0.34272405203787887,0,FN
UTA,28,Fold3_part1/28/10,11582.78,13582.78,1,0.37972916222648534,0.34272405203787887,0,FN
UTA,28,Fold3_part1/28/10,12082.78,14082.78,1,0.37972916222648534,0.34272405203787887,0,FN
UTA,28,Fold3_part1/28/10,12582.78,14582.78,1,0.37972916222648534,0.34272405203787887,0,FN
UTA,28,Fold3_part1/28/10,13082.78,15082.78,1,0.3941457913166971,0.36233075505257434,0,FN
UTA,28,Fold3_part1/28/10,15582.78,17582.78,1,0.37972916222648534,0.34272405203787887,0,FN
UTA,28,Fold3_part1/28/10,16082.78,18082.78,1,0.3885698000053501,0.35472054345423387,0,FN
UTA,28,Fold3_part1/28/10,16582.78,18582.78,1,0.38889592805090323,0.3551647450644082,0,FN
UTA,28,Fold3_part1/28/10,23582.78,25582.78,1,0.3881957976619027,0.3542112758303349,0,FN
UTA,28,Fold3_part1/28/10,24082.78,26082.78,1,0.3661386337534715,0.3244632029390167,0,FN
UTA,28,Fold3_part1/28/10,24582.78,26582.78,1,0.3809022996699039,0.3443108572117496,0,FN
UTA,28,Fold3_part1/28/10,25082.78,27082.78,1,0.37341283466740555,0.3342086224680804,0,FN
UTA,28,Fold3_part1/28/10,25582.78,27582.78,1,0.3661386337534715,0.3244632029390167,0,FN
UTA,28,Fold3_part1/28/10,26082.78,28082.78,1,0.3661386337534715,0.3244632029390167,0,FN
UTA,28,Fold3_part1/28/10,26582.78,28582.78,1,0.3661386337534715,0.3244632029390167,0,FN
UTA,28,Fold3_part1/28/10,27082.78,29082.78,1,0.3661386337534715,0.3244632029390167,0,FN
UTA,28,Fold3_part1/28/10,27582.78,29582.78,1,0.37341283466740555,0.3342086224680804,0,FN
UTA,28,Fold3_part1/28/10,30582.78,32582.78,1,0.382197030166838,0.34606398211980705,0,FN
UTA,28,Fold3_part1/28/10,31082.78,33082.78,1,0.3724050471033573,0.3328544634943792,0,FN
UTA,28,Fold3_part1/28/10,31582.78,33582.78,1,0.3811799574818243,0.34468665585474806,0,FN
UTA,28,Fold3_part1/28/10,32082.78,34082.78,1,0.3811799574818243,0.34468665585474806,0,FN
UTA,28,Fold3_part1/28/10,32582.78,34582.78,1,0.3811799574818243,0.34468665585474806,0,FN
UTA,28,Fold3_part1/28/10,33082.78,35082.78,1,0.397303486472729,0.36665457216160585,0,FN
UTA,28,Fold3_part1/28/10,33582.78,35582.78,1,0.382197030166838,0.34606398211980705,0,FN
UTA,28,Fold3_part1/28/10,34082.78,36082.78,1,0.382197030166838,0.34606398211980705,0,FN
UTA,28,Fold3_part1/28/10,34582.78,36582.78,1,0.37341283466740555,0.3342086224680804,0,FN
UTA,28,Fold3_part1/28/10,35082.78,37082.78,1,0.37341283466740555,0.3342086224680804,0,FN
UTA,28,Fold3_part1/28/10,35582.78,37582.78,1,0.36793022101246436,0.32685713329185356,0,FN
UTA,28,Fold3_part1/28/10,36082.78,38082.78,1,0.39722774558206453,0.3665507444925003,0,FN
UTA,28,Fold3_part1/28/10,36582.78,38582.78,1,0.36793022101246436,0.32685713329185356,0,FN
UTA,28,Fold3_part1/28/10,37582.78,39582.78,1,0.382197030166838,0.34606398211980705,0,FN
UTA,28,Fold3_part1/28/10,38082.78,40082.78,1,0.382197030166838,0.34606398211980705,0,FN
UTA,28,Fold3_part1/28/10,38582.78,40582.78,1,0.37972916222648534,0.34272405203787887,0,FN
UTA,28,Fold3_part1/28/10,39082.78,41082.78,1,0.3724050471033573,0.3328544634943792,0,FN
UTA,28,Fold3_part1/28/10,39582.78,41582.78,1,0.3724050471033573,0.3328544634943792,0,FN
UTA,28,Fold3_part1/28/10,40082.78,42082.78,1,0.3724050471033573,0.3328544634943792,0,FN
UTA,28,Fold3_part1/28/10,40582.78,42582.78,1,0.3724050471033573,0.3328544634943792,0,FN
UTA,28,Fold3_part1/28/10,41082.78,43082.78,1,0.37972916222648534,0.34272405203787887,0,FN
UTA,28,Fold3_part1/28/10,41582.78,43582.78,1,0.3775327499015619,0.339757496781366,0,FN
UTA,28,Fold3_part1/28/10,42082.78,44082.78,1,0.3775327499015619,0.339757496781366,0,FN
UTA,28,Fold3_part1/28/10,42582.78,44582.78,1,0.3775327499015619,0.339757496781366,0,FN
UTA,28,Fold3_part1/28/10,43082.78,45082.78,1,0.3775327499015619,0.339757496781366,0,FN
UTA,28,Fold3_part1/28/10,43582.78,45582.78,1,0.37341283466740555,0.3342086224680804,0,FN
UTA,28,Fold3_part1/28/10,44082.78,46082.78,1,0.37341283466740555,0.3342086224680804,0,FN
UTA,28,Fold3_part1/28/10,44582.78,46582.78,1,0.3885698000053501,0.35472054345423387,0,FN
UTA,28,Fold3_part1/28/10,45082.78,47082.78,1,0.3690998661940511,0.3284222687887952,0,FN
UTA,28,Fold3_part1/28/10,45582.78,47582.78,1,0.3897195241721506,0.3562870287426794,0,FN
UTA,28,Fold3_part1/28/10,46082.78,48082.78,1,0.3808690225194467,0.3442658239232257,0,FN
UTA,28,Fold3_part1/28/10,46582.78,48582.78,1,0.3808690225194467,0.3442658239232257,0,FN
UTA,28,Fold3_part1/28/10,47082.78,49082.78,1,0.3842154111229555,0.34880078359803673,0,FN
UTA,28,Fold3_part1/28/10,47582.78,49582.78,1,0.3842154111229555,0.34880078359803673,0,FN
UTA,28,Fold3_part1/28/10,48082.78,50082.78,1,0.3842154111229555,0.34880078359803673,0,FN
UTA,28,Fold3_part1/28/10,48582.78,50582.78,1,0.3842154111229555,0.34880078359803673,0,FN
UTA,28,Fold3_part1/28/10,49082.78,51082.78,1,0.3864265662162798,0.3518042259525128,0,FN
UTA,28,Fold3_part1/28/10,49582.78,51582.78,1,0.34505383242429355,0.2966226597304802,0,FN
UTA,28,Fold3_part1/28/10,50082.78,52082.78,1,0.3775327499015619,0.339757496781366,0,FN
UTA,28,Fold3_part1/28/10,50582.78,52582.78,1,0.3775327499015619,0.339757496781366,0,FN
UTA,28,Fold3_part1/28/10,51082.78,53082.78,1,0.3515959363029242,0.30519254012026525,0,FN
UTA,28,Fold3_part1/28/10,51582.78,53582.78,1,0.3712310910506287,0.3312786250671593,0,FN
UTA,28,Fold3_part1/28/10,52082.78,54082.78,1,0.34229034381493845,0.2930221251142519,0,FN
UTA,28,Fold3_part1/28/10,52582.78,54582.78,1,0.3766629734041666,0.33858433164894136,0,FN
UTA,28,Fold3_part1/28/10,53082.78,55082.78,1,0.3830006731524031,0.3471531189204188,0,FN
UTA,28,Fold3_part1/28/10,53582.78,55582.78,1,0.3742091949258574,0.33527957783163,0,FN
UTA,28,Fold3_part1/28/10,54082.78,56082.78,1,0.3863541033996135,0.351705712849624,0,FN
UTA,28,Fold3_part1/28/10,54582.78,56582.78,1,0.3724050471033573,0.3328544634943792,0,FN
UTA,28,Fold3_part1/28/10,55082.78,57082.78,1,0.3724050471033573,0.3328544634943792,0,FN
UTA,28,Fold3_part1/28/10,55582.78,57582.78,1,0.3724050471033573,0.3328544634943792,0,FN
UTA,28,Fold3_part1/28/10,58582.78,60582.78,1,0.3830006731524031,0.3471531189204188,0,FN
UTA,28,Fold3_part1/28/10,59082.78,61082.78,1,0.3842154111229555,0.34880078359803673,0,FN
UTA,28,Fold3_part1/28/10,59582.78,61582.78,1,0.3897195241721506,0.3562870287426794,0,FN
UTA,28,Fold3_part1/28/10,60582.78,62582.78,1,0.3930658038745033,0.36085424256623727,0,FN
UTA,28,Fold3_part1/28/10,61082.78,63082.78,1,0.3857945393236143,0.3509451811764791,0,FN
UTA,28,Fold3_part1/28/10,61582.78,63582.78,1,0.3461476922102799,0.2980510850863244,0,FN
UTA,28,Fold3_part1/28/10,62082.78,64082.78,1,0.3747390612439921,0.33599258127377535,0,FN
UTA,28,Fold3_part1/28/10,62582.78,64582.78,1,0.3915553109381665,0.3587911763908872,0,FN
UTA,28,Fold3_part1/28/10,63082.78,65082.78,1,0.3747390612439921,0.33599258127377535,0,FN
UTA,28,Fold3_part1/28/10,63582.78,65582.78,1,0.39557215529878414,0.364282633690374,0,FN
UTA,28,Fold3_part1/28/10,64082.78,66082.78,1,0.35790273508872134,0.3135135514727991,0,FN
UTA,28,Fold3_part1/28/10,64582.78,66582.78,1,0.3763766690719203,0.33819835980321483,0,FN
UTA,28,Fold3_part1/28/10,65082.78,67082.78,1,0.3514862179107881,0.3050482888996395,0,FN
UTA,28,Fold3_part1/28/10,67582.78,69582.78,1,0.3887000605470052,0.35489795067117624,0,FN
UTA,28,Fold3_part1/28/10,68082.78,70082.78,1,0.36458823078253855,0.3223949483864387,0,FN
UTA,28,Fold3_part1/28/10,68582.78,70582.78,1,0.36998010801858844,0.3296013045171126,0,FN
UTA,28,Fold3_part1/28/10,69082.78,71082.78,1,0.36219531847194414,0.31920906981212094,0,FN
UTA,28,Fold3_part1/28/10,69582.78,71582.78,1,0.3514862179107881,0.3050482888996395,0,FN
UTA,28,Fold3_part1/28/10,70082.78,72082.78,1,0.3453780912409094,0.29704590523387686,0,FN
UTA,28,Fold3_part1/28/10,70582.78,72582.78,1,0.3453780912409094,0.29704590523387686,0,FN
UTA,28,Fold3_part1/28/10,71082.78,73082.78,1,0.3722618249364747,0.332662119305137,0,FN
UTA,28,Fold3_part1/28/10,71582.78,73582.78,1,0.3661386337534715,0.3244632029390167,0,FN
UTA,28,Fold3_part1/28/10,72582.78,74582.78,1,0.40045977291469825,0.3709862489562173,0,FN
UTA,28,Fold3_part1/28/10,73082.78,75082.78,1,0.39310169388447813,0.36090329065572896,0,FN
UTA,28,Fold3_part1/28/10,73582.78,75582.78,1,0.37231856348223874,0.3327383148455344,0,FN
UTA,28,Fold3_part1/28/10,74082.78,76082.78,1,0.35387525366086686,0.30819321859507937,0,FN
UTA,28,Fold3_part1/28/10,74582.78,76582.78,1,0.3346714052922749,0.2831577295133449,0,FN
UTA,28,Fold3_part1/28/10,75082.78,77082.78,1,0.3283909182333537,0.27509738767366954,0,FN
UTA,28,Fold3_part1/28/10,75582.78,77582.78,1,0.3346714052922749,0.2831577295133449,0,FN
UTA,28,Fold3_part1/28/10,76082.78,78082.78,1,0.3346714052922749,0.2831577295133449,0,FN
UTA,28,Fold3_part1/28/10,76582.78,78582.78,1,0.33371248923402086,0.2819228318853557,0,FN
UTA,28,Fold3_part1/28/10,77082.78,79082.78,1,0.338594860558732,0.2882259364468251,0,FN
UTA,28,Fold3_part1/28/10,77582.78,79582.78,1,0.338594860558732,0.2882259364468251,0,FN
UTA,28,Fold3_part1/28/10,78082.78,80082.78,1,0.338594860558732,0.2882259364468251,0,FN
UTA,28,Fold3_part1/28/10,78582.78,80582.78,1,0.34913204897875527,0.3019574403497426,0,FN
UTA,28,Fold3_part1/28/10,79082.78,81082.78,1,0.3346714052922749,0.2831577295133449,0,FN
UTA,28,Fold3_part1/28/10,79582.78,81582.78,1,0.3346714052922749,0.2831577295133449,0,FN
UTA,28,Fold3_part1/28/10,80082.78,82082.78,1,0.3346714052922749,0.2831577295133449,0,FN
UTA,28,Fold3_part1/28/10,80582.78,82582.78,1,0.338594860558732,0.2882259364468251,0,FN
UTA,28,Fold3_part1/28/10,81082.78,83082.78,1,0.3470136036279881,0.29918313243455535,0,FN
UTA,28,Fold3_part1/28/10,81582.78,83582.78,1,0.338594860558732,0.2882259364468251,0,FN
UTA,28,Fold3_part1/28/10,82082.78,84082.78,1,0.33227751666147165,0.28007769171151087,0,FN
UTA,28,Fold3_part1/28/10,82582.78,84582.78,1,0.3283909182333537,0.27509738767366954,0,FN
UTA,28,Fold3_part1/28/10,83082.78,85082.78,1,0.3283909182333537,0.27509738767366954,0,FN
UTA,28,Fold3_part1/28/10,83582.78,85582.78,1,0.3283909182333537,0.27509738767366954,0,FN
UTA,28,Fold3_part1/28/10,84082.78,86082.78,1,0.3420726220930232,0.29273895967121627,0,FN
UTA,28,Fold3_part1/28/10,84582.78,86582.78,1,0.3163963371006287,0.2598914793805516,0,FN
UTA,28,Fold3_part1/28/10,85082.78,87082.78,1,0.3245339630661333,0.2701803900033137,0,FN
UTA,28,Fold3_part1/28/10,85582.78,87582.78,1,0.3406887258668979,0.290940819938196,0,FN
UTA,28,Fold3_part1/28/10,86082.78,88082.78,1,0.34304319256785215,0.2940018370864838,0,FN
UTA,28,Fold3_part1/28/10,86582.78,88582.78,1,0.3283909182333537,0.27509738767366954,0,FN
UTA,28,Fold3_part1/28/10,87082.78,89082.78,1,0.33227751666147165,0.28007769171151087,0,FN
UTA,28,Fold3_part1/28/10,87582.78,89582.78,1,0.32914169892698003,0.27605746289234134,0,FN
UTA,28,Fold3_part1/28/10,88082.78,90082.78,1,0.338594860558732,0.2882259364468251,0,FN
UTA,28,Fold3_part1/28/10,88582.78,90582.78,1,0.33542937335948586,0.28413490891579063,0,FN
UTA,28,Fold3_part1/28/10,89082.78,91082.78,1,0.3406887258668979,0.290940819938196,0,FN
UTA,28,Fold3_part1/28/10,89582.78,91582.78,1,0.34759096483546176,0.29993857427589393,0,FN
UTA,28,Fold3_part1/28/10,90082.78,92082.78,1,0.3406887258668979,0.290940819938196,0,FN
UTA,28,Fold3_part1/28/10,90582.78,92582.78,1,0.3192086937642297,0.26343401676164213,0,FN
UTA,28,Fold3_part1/28/10,91082.78,93082.78,1,0.3406887258668979,0.290940819938196,0,FN
UTA,28,Fold3_part1/28/10,91582.78,93582.78,1,0.3406887258668979,0.290940819938196,0,FN
UTA,28,Fold3_part1/28/10,92082.78,94082.78,1,0.3503478382291461,0.30355265866192516,0,FN
UTA,28,Fold3_part1/28/10,92582.78,94582.78,1,0.33542937335948586,0.28413490891579063,0,FN
UTA,28,Fold3_part1/28/10,95082.78,97082.78,1,0.3163963371006287,0.2598914793805516,0,FN
UTA,28,Fold3_part1/28/10,95582.78,97582.78,1,0.3406887258668979,0.290940819938196,0,FN
UTA,28,Fold3_part1/28/10,96082.78,98082.78,1,0.3406887258668979,0.290940819938196,0,FN
UTA,28,Fold3_part1/28/10,96582.78,98582.78,1,0.34913204897875527,0.3019574403497426,0,FN
UTA,28,Fold3_part1/28/10,97082.78,99082.78,1,0.3406887258668979,0.290940819938196,0,FN
UTA,28,Fold3_part1/28/10,97582.78,99582.78,1,0.34913204897875527,0.3019574403497426,0,FN
UTA,28,Fold3_part1/28/10,98082.78,100082.78,1,0.3406887258668979,0.290940819938196,0,FN
UTA,28,Fold3_part1/28/10,98582.78,100582.78,1,0.3366851019299684,0.28575586036673334,0,FN
UTA,28,Fold3_part1/28/10,99082.78,101082.78,1,0.31726298786882695,0.26098162415141707,0,FN
UTA,28,Fold3_part1/28/10,99582.78,101582.78,1,0.3100819710927324,0.25199020060780236,0,FN
UTA,28,Fold3_part1/28/10,100082.78,102082.78,1,0.32311931824984713,0.2683833784381038,0,FN
UTA,28,Fold3_part1/28/10,100582.78,102582.78,1,0.30824910509458375,0.24971056515012294,0,FN
UTA,28,Fold3_part1/28/10,101082.78,103082.78,1,0.3273840118151963,0.27381128810090144,0,FN
UTA,28,Fold3_part1/28/10,101582.78,103582.78,1,0.3273840118151963,0.27381128810090144,0,FN
UTA,28,Fold3_part1/28/10,102082.78,104082.78,1,0.3192086937642297,0.26343401676164213,0,FN
UTA,28,Fold3_part1/28/10,102582.78,104582.78,1,0.338594860558732,0.2882259364468251,0,FN
UTA,28,Fold3_part1/28/10,103082.78,105082.78,1,0.3003382552164248,0.23994489242820083,0,FN
UTA,28,Fold3_part1/28/10,103582.78,105582.78,1,0.338594860558732,0.2882259364468251,0,FN
UTA,28,Fold3_part1/28/10,104082.78,106082.78,1,0.33885126452879505,0.2885580131320195,0,FN
UTA,28,Fold3_part1/28/10,104582.78,106582.78,1,0.35733970546491994,0.3127684043998717,0,FN
UTA,28,Fold3_part1/28/10,105082.78,107082.78,1,0.3163963371006287,0.2598914793805516,0,FN
UTA,28,Fold3_part1/28/10,105582.78,107582.78,1,0.3112526231730159,0.25344949685711826,0,FN
UTA,28,Fold3_part1/28/10,106082.78,108082.78,1,0.30473492197575247,0.24535756944475237,0,FN
UTA,28,Fold3_part1/28/10,106582.78,108582.78,1,0.3408035150541626,0.2910898548029474,0,FN
UTA,28,Fold3_part1/28/10,107082.78,109082.78,1,0.35733970546491994,0.3127684043998717,0,FN
UTA,28,Fold3_part1/28/10,107582.78,109582.78,1,0.36544678546149306,0.323539876966096,0,FN
UTA,28,Fold3_part1/28/10,108082.78,110082.78,1,0.3432767936747693,0.2943060103794708,0,FN
UTA,28,Fold3_part1/28/10,108582.78,110582.78,1,0.34822596265706296,0.30077000940896065,0,FN
UTA,28,Fold3_part1/28/10,109082.78,111082.78,1,0.338594860558732,0.2882259364468251,0,FN
UTA,28,Fold3_part1/28/10,109582.78,111582.78,1,0.3406887258668979,0.290940819938196,0,FN
UTA,28,Fold3_part1/28/10,110082.78,112082.78,1,0.34913204897875527,0.3019574403497426,0,FN
UTA,28,Fold3_part1/28/10,110582.78,112582.78,1,0.35875443510858135,0.3146415850707261,0,FN
UTA,28,Fold3_part1/28/10,111082.78,113082.78,1,0.3408035150541626,0.2910898548029474,0,FN
UTA,28,Fold3_part1/28/10,111582.78,113582.78,1,0.35733970546491994,0.3127684043998717,0,FN
UTA,28,Fold3_part1/28/10,112082.78,114082.78,1,0.35020361520536647,0.30336331135169015,0,FN
UTA,28,Fold3_part1/28/10,112582.78,114582.78,1,0.33534381813451836,0.28402456346189664,0,FN
UTA,28,Fold3_part1/28/10,113082.78,115082.78,1,0.35314282719152995,0.3072281706090937,0,FN
UTA,28,Fold3_part1/28/10,115582.78,117582.78,1,0.36596663298015275,0.3242335954655479,0,FN
UTA,28,Fold3_part1/28/10,116082.78,118082.78,1,0.35733970546491994,0.3127684043998717,0,FN
UTA,28,Fold3_part1/28/10,116582.78,118582.78,1,0.35733970546491994,0.3127684043998717,0,FN
UTA,28,Fold3_part1/28/10,117082.78,119082.78,1,0.35733970546491994,0.3127684043998717,0,FN
UTA,28,Fold3_part1/28/10,117582.78,119582.78,1,0.36362777669719437,0.3211152943458504,0,FN
UTA,28,Fold3_part1/28/10,120082.78,122082.78,1,0.3453723039808033,0.2970383498846698,0,FN
UTA,28,Fold3_part1/28/10,120582.78,122582.78,1,0.3655937541030299,0.32373596536765514,0,FN
UTA,28,Fold3_part1/28/10,121082.78,123082.78,1,0.33371248923402086,0.2819228318853557,0,FN
UTA,28,Fold3_part1/28/10,121582.78,123582.78,1,0.338594860558732,0.2882259364468251,0,FN
UTA,28,Fold3_part1/28/10,122082.78,124082.78,1,0.3283909182333537,0.27509738767366954,0,FN
UTA,28,Fold3_part1/28/10,122582.78,124582.78,1,0.3366851019299684,0.28575586036673334,0,FN
UTA,28,Fold3_part1/28/10,123082.78,125082.78,1,0.3283909182333537,0.27509738767366954,0,FN
UTA,28,Fold3_part1/28/10,123582.78,125582.78,1,0.338594860558732,0.2882259364468251,0,FN
UTA,28,Fold3_part1/28/10,124082.78,126082.78,1,0.3003382552164248,0.23994489242820083,0,FN
UTA,28,Fold3_part1/28/10,124582.78,126582.78,1,0.32114747532013105,0.26588440099700406,0,FN
UTA,28,Fold3_part1/28/10,125082.78,127082.78,1,0.338594860558732,0.2882259364468251,0,FN
UTA,28,Fold3_part1/28/10,125582.78,127582.78,1,0.33737196917692136,0.28664357802935364,0,FN
UTA,28,Fold3_part1/28/10,126082.78,128082.78,1,0.3503762217966281,0.3035899264576784,0,FN
UTA,28,Fold3_part1/28/10,126582.78,128582.78,1,0.33542937335948586,0.28413490891579063,0,FN
UTA,28,Fold3_part1/28/10,127082.78,129082.78,1,0.3355967862395447,0.2843508652969242,0,FN
UTA,28,Fold3_part1/28/10,127582.78,129582.78,1,0.34759096483546176,0.29993857427589393,0,FN
UTA,28,Fold3_part1/28/10,128082.78,130082.78,1,0.3340535225790412,0.2823618438692686,0,FN
UTA,28,Fold3_part1/28/10,128582.78,130582.78,1,0.3192086937642297,0.26343401676164213,0,FN
UTA,28,Fold3_part1/28/10,129082.78,131082.78,1,0.31617714534005675,0.2596159772047448,0,FN
UTA,28,Fold3_part1/28/10,129582.78,131582.78,1,0.30824910509458375,0.24971056515012294,0,FN
UTA,28,Fold3_part1/28/10,130082.78,132082.78,1,0.3801782426857593,0.3433312961928565,0,FN
UTA,28,Fold3_part1/28/10,132082.78,134082.78,1,0.3710954170655797,0.33109661731475987,0,FN
UTA,28,Fold3_part1/28/10,132582.78,134582.78,1,0.35028886366552714,0.30347522850885605,0,FN
UTA,28,Fold3_part1/28/10,133082.78,135082.78,1,0.34759096483546176,0.29993857427589393,0,FN
UTA,28,Fold3_part1/28/10,133582.78,135582.78,1,0.34759096483546176,0.29993857427589393,0,FN
UTA,28,Fold3_part1/28/10,134082.78,136082.78,1,0.3406887258668979,0.290940819938196,0,FN
UTA,28,Fold3_part1/28/10,134582.78,136582.78,1,0.3001661429612015,0.23973377327205114,0,FN
UTA,28,Fold3_part1/28/10,135082.78,137082.78,1,0.3001661429612015,0.23973377327205114,0,FN
UTA,28,Fold3_part1/28/10,135582.78,137582.78,1,0.2942468107909379,0.23250860257627776,0,FN
UTA,28,Fold3_part1/28/10,136082.78,138082.78,1,0.2886905897242232,0.2257908947426543,0,FN
UTA,28,Fold3_part1/28/10,136582.78,138582.78,1,0.37148611393904857,0.33162080316111237,0,FN
UTA,28,Fold3_part1/28/10,139082.78,141082.78,1,0.3273840118151963,0.27381128810090144,0,FN
UTA,28,Fold3_part1/28/10,139582.78,141582.78,1,0.3214870980798807,0.26631432804002,0,FN
UTA,28,Fold3_part1/28/10,140082.78,142082.78,1,0.3214870980798807,0.26631432804002,0,FN
UTA,28,Fold3_part1/28/10,140582.78,142582.78,1,0.3214870980798807,0.26631432804002,0,FN
UTA,28,Fold3_part1/28/10,141082.78,143082.78,1,0.3192086937642297,0.26343401676164213,0,FN
UTA,28,Fold3_part1/28/10,141582.78,143582.78,1,0.3192086937642297,0.26343401676164213,0,FN
UTA,28,Fold3_part1/28/10,142082.78,144082.78,1,0.3192086937642297,0.26343401676164213,0,FN
UTA,28,Fold3_part1/28/10,142582.78,144582.78,1,0.3192086937642297,0.26343401676164213,0,FN
UTA,28,Fold3_part1/28/10,143082.78,145082.78,1,0.3001661429612015,0.23973377327205114,0,FN
UTA,28,Fold3_part1/28/10,143582.78,145582.78,1,0.30797884898911393,0.24937496800540251,0,FN
UTA,28,Fold3_part1/28/10,144082.78,146082.78,1,0.3001661429612015,0.23973377327205114,0,FN
UTA,28,Fold3_part1/28/10,144582.78,146582.78,1,0.3222957082057682,0.26733876177295934,0,FN
UTA,28,Fold3_part1/28/10,145082.78,147082.78,1,0.3214870980798807,0.26631432804002,0,FN
UTA,28,Fold3_part1/28/10,145582.78,147582.78,1,0.313390425191288,0.2561209762826048,0,FN
UTA,28,Fold3_part1/28/10,146082.78,148082.78,1,0.313390425191288,0.2561209762826048,0,FN
UTA,28,Fold3_part1/28/10,146582.78,148582.78,1,0.3192086937642297,0.26343401676164213,0,FN
UTA,28,Fold3_part1/28/10,147082.78,149082.78,1,0.3192086937642297,0.26343401676164213,0,FN
UTA,28,Fold3_part1/28/10,147582.78,149582.78,1,0.3214870980798807,0.26631432804002,0,FN
UTA,28,Fold3_part1/28/10,148082.78,150082.78,1,0.34913204897875527,0.3019574403497426,0,FN
UTA,28,Fold3_part1/28/10,148582.78,150582.78,1,0.3603411054181986,0.31674573604321754,0,FN
UTA,28,Fold3_part1/28/10,151082.78,153082.78,1,0.31523993035075415,0.2584389752754603,0,FN
UTA,28,Fold3_part1/28/10,151582.78,153582.78,1,0.30732482889603513,0.24856339423424176,0,FN
UTA,28,Fold3_part1/28/10,152082.78,154082.78,1,0.30732482889603513,0.24856339423424176,0,FN
UTA,28,Fold3_part1/28/10,152582.78,154582.78,1,0.295760847563503,0.23434999493394149,0,FN
UTA,28,Fold3_part1/28/10,153082.78,155082.78,1,0.295760847563503,0.23434999493394149,0,FN
UTA,28,Fold3_part1/28/10,153582.78,155582.78,1,0.3180616064143776,0.2619873913756157,0,FN
UTA,28,Fold3_part1/28/10,154082.78,156082.78,1,0.30360344737679923,0.2439610473354504,0,FN
UTA,28,Fold3_part1/28/10,154582.78,156582.78,1,0.342417808287742,0.2931879376931794,0,FN
UTA,28,Fold3_part1/28/10,155082.78,157082.78,1,0.3272852472409749,0.2736852312310577,0,FN
UTA,28,Fold3_part1/28/10,155582.78,157582.78,1,0.3272852472409749,0.2736852312310577,0,FN
UTA,28,Fold3_part1/28/10,156082.78,158082.78,1,0.2975513982959703,0.23653360993837177,0,FN
UTA,28,Fold3_part1/28/10,156582.78,158582.78,1,0.2944169568370617,0.23271530658490897,0,FN
UTA,28,Fold3_part1/28/10,157082.78,159082.78,1,0.32257267144383167,0.267689912456089,0,FN
UTA,28,Fold3_part1/28/10,157582.78,159582.78,1,0.30824910509458375,0.24971056515012294,0,FN
UTA,28,Fold3_part1/28/10,158082.78,160082.78,1,0.30360344737679923,0.2439610473354504,0,FN
UTA,28,Fold3_part1/28/10,158582.78,160582.78,1,0.3192086937642297,0.26343401676164213,0,FN
UTA,28,Fold3_part1/28/10,159082.78,161082.78,1,0.34913204897875527,0.3019574403497426,0,FN
UTA,28,Fold3_part1/28/10,159582.78,161582.78,1,0.3192086937642297,0.26343401676164213,0,FN
UTA,28,Fold3_part1/28/10,160082.78,162082.78,1,0.3273840118151963,0.27381128810090144,0,FN
UTA,28,Fold3_part1/28/10,160582.78,162582.78,1,0.3355654580061962,0.2843104495770542,0,FN
UTA,28,Fold3_part1/28/10,161082.78,163082.78,1,0.3192086937642297,0.26343401676164213,0,FN
UTA,28,Fold3_part1/28/10,161582.78,163582.78,1,0.3272852472409749,0.2736852312310577,0,FN
UTA,28,Fold3_part1/28/10,162082.78,164082.78,1,0.3192086937642297,0.26343401676164213,0,FN
UTA,28,Fold3_part1/28/10,162582.78,164582.78,1,0.3001661429612015,0.23973377327205114,0,FN
UTA,28,Fold3_part1/28/10,163082.78,165082.78,1,0.30807445558070623,0.2494936740617658,0,FN
UTA,28,Fold3_part1/28/10,163582.78,165582.78,1,0.3142847592034621,0.2572410699184808,0,FN
UTA,28,Fold3_part1/28/10,164082.78,166082.78,1,0.3142847592034621,0.2572410699184808,0,FN
UTA,28,Fold3_part1/28/10,164582.78,166582.78,1,0.3192086937642297,0.26343401676164213,0,FN
UTA,28,Fold3_part1/28/10,165082.78,167082.78,1,0.3272852472409749,0.2736852312310577,0,FN
UTA,28,Fold3_part1/28/10,165582.78,167582.78,1,0.3192086937642297,0.26343401676164213,0,FN
UTA,28,Fold3_part1/28/10,166082.78,168082.78,1,0.35051144732883527,0.3037674947335538,0,FN
UTA,28,Fold3_part1/28/10,168582.78,170582.78,1,0.3731577634054447,0.3338657652127638,0,FN
UTA,28,Fold3_part1/28/10,169082.78,171082.78,1,0.3341533150732776,0.2824903427730236,0,FN
UTA,28,Fold3_part1/28/10,169582.78,171582.78,1,0.3192086937642297,0.26343401676164213,0,FN
UTA,28,Fold3_part1/28/10,170082.78,172082.78,1,0.3273840118151963,0.27381128810090144,0,FN
UTA,28,Fold3_part1/28/10,170582.78,172582.78,1,0.30360344737679923,0.2439610473354504,0,FN
UTA,28,Fold3_part1/28/10,171082.78,173082.78,1,0.3273840118151963,0.27381128810090144,0,FN
UTA,28,Fold3_part1/28/10,171582.78,173582.78,1,0.30360344737679923,0.2439610473354504,0,FN
UTA,28,Fold3_part1/28/10,172082.78,174082.78,1,0.3214870980798807,0.26631432804002,0,FN
UTA,28,Fold3_part1/28/10,172582.78,174582.78,1,0.3003382552164248,0.23994489242820083,0,FN
UTA,28,Fold3_part1/28/10,173082.78,175082.78,1,0.31446132933512433,0.2574623855576293,0,FN
UTA,28,Fold3_part1/28/10,173582.78,175582.78,1,0.31897048945921486,0.2631334167177682,0,FN
UTA,28,Fold3_part1/28/10,174082.78,176082.78,1,0.35028886366552714,0.30347522850885605,0,FN
UTA,28,Fold3_part1/28/10,174582.78,176582.78,1,0.35884061558472435,0.3147557830837753,0,FN
UTA,28,Fold3_part1/28/10,175082.78,177082.78,1,0.3337957854827898,0.2820300414591025,0,FN
UTA,28,Fold3_part1/28/10,175582.78,177582.78,1,0.30976397153027396,0.25159423500167605,0,FN
UTA,28,Fold3_part1/28/10,176082.78,178082.78,1,0.30976397153027396,0.25159423500167605,0,FN
UTA,28,Fold3_part1/28/10,176582.78,178582.78,1,0.295760847563503,0.23434999493394149,0,FN
UTA,28,Fold3_part1/28/10,177082.78,179082.78,1,0.295760847563503,0.23434999493394149,0,FN
UTA,28,Fold3_part1/28/10,177582.78,179582.78,1,0.3192086937642297,0.26343401676164213,0,FN
UTA,28,Fold3_part1/28/10,178082.78,180082.78,1,0.313390425191288,0.2561209762826048,0,FN
UTA,28,Fold3_part1/28/10,178582.78,180582.78,1,0.30732482889603513,0.24856339423424176,0,FN
UTA,28,Fold3_part1/28/10,179082.78,181082.78,1,0.31523993035075415,0.2584389752754603,0,FN
UTA,28,Fold3_part1/28/10,179582.78,181582.78,1,0.2942468107909379,0.23250860257627776,0,FN
UTA,28,Fold3_part1/28/10,180082.78,182082.78,1,0.3518589006417384,0.3055383417429766,0,FN
UTA,28,Fold3_part1/28/10,181082.78,183082.78,1,0.3234221614078749,0.2687677844380536,0,FN
UTA,28,Fold3_part1/28/10,181582.78,183582.78,1,0.3222957082057682,0.26733876177295934,0,FN
UTA,28,Fold3_part1/28/10,182082.78,184082.78,1,0.3192086937642297,0.26343401676164213,0,FN
UTA,28,Fold3_part1/28/10,182582.78,184582.78,1,0.3340535225790412,0.2823618438692686,0,FN
UTA,28,Fold3_part1/28/10,183082.78,185082.78,1,0.33534381813451836,0.28402456346189664,0,FN
UTA,28,Fold3_part1/28/10,183582.78,185582.78,1,0.33534381813451836,0.28402456346189664,0,FN
UTA,28,Fold3_part1/28/10,184082.78,186082.78,1,0.33534381813451836,0.28402456346189664,0,FN
UTA,28,Fold3_part1/28/10,184582.78,186582.78,1,0.35028886366552714,0.30347522850885605,0,FN
UTA,28,Fold3_part1/28/10,185082.78,187082.78,1,0.33534381813451836,0.28402456346189664,0,FN
UTA,28,Fold3_part1/28/10,187582.78,189582.78,1,0.3634405623977022,0.32086600448768265,0,FN
UTA,28,Fold3_part1/28/10,188082.78,190082.78,1,0.35028886366552714,0.30347522850885605,0,FN
UTA,28,Fold3_part1/28/10,188582.78,190582.78,1,0.35028886366552714,0.30347522850885605,0,FN
UTA,28,Fold3_part1/28/10,189082.78,191082.78,1,0.35028886366552714,0.30347522850885605,0,FN
UTA,28,Fold3_part1/28/10,189582.78,191582.78,1,0.30976397153027396,0.25159423500167605,0,FN
UTA,28,Fold3_part1/28/10,190082.78,192082.78,1,0.30360344737679923,0.2439610473354504,0,FN
UTA,28,Fold3_part1/28/10,190582.78,192582.78,1,0.3003382552164248,0.23994489242820083,0,FN
UTA,28,Fold3_part1/28/10,191082.78,193082.78,1,0.3192086937642297,0.26343401676164213,0,FN
UTA,28,Fold3_part1/28/10,191582.78,193582.78,1,0.3192086937642297,0.26343401676164213,0,FN
UTA,28,Fold3_part1/28/10,192082.78,194082.78,1,0.3192086937642297,0.26343401676164213,0,FN
UTA,28,Fold3_part1/28/10,192582.78,194582.78,1,0.3192086937642297,0.26343401676164213,0,FN
UTA,28,Fold3_part1/28/10,193082.78,195082.78,1,0.3003382552164248,0.23994489242820083,0,FN
UTA,28,Fold3_part1/28/10,193582.78,195582.78,1,0.32374197614572897,0.2691739064973156,0,FN
UTA,28,Fold3_part1/28/10,194082.78,196082.78,1,0.31446132933512433,0.2574623855576293,0,FN
UTA,28,Fold3_part1/28/10,194582.78,196582.78,1,0.31897048945921486,0.2631334167177682,0,FN
UTA,28,Fold3_part1/28/10,195082.78,197082.78,1,0.3706956633574942,0.33056047971343794,0,FN
UTA,28,Fold3_part1/28/10,195582.78,197582.78,1,0.35028886366552714,0.30347522850885605,0,FN
UTA,28,Fold3_part1/28/10,196082.78,198082.78,1,0.3235626544724992,0.26894616994193316,0,FN
UTA,28,Fold3_part1/28/10,196582.78,198582.78,1,0.3317951363261533,0.2794581946278347,0,FN
UTA,28,Fold3_part1/28/10,197082.78,199082.78,1,0.3235626544724992,0.26894616994193316,0,FN
UTA,28,Fold3_part1/28/10,197582.78,199582.78,1,0.3235626544724992,0.26894616994193316,0,FN
UTA,28,Fold3_part1/28/10,198082.78,200082.78,1,0.3722113555710619,0.332594346178979,0,FN
UTA,28,Fold3_part1/28/10,198582.78,200582.78,1,0.40015060223061466,0.3705615213884026,0,FN
UTA,28,Fold3_part1/28/10,200082.78,202082.78,1,0.3222957082057682,0.26733876177295934,0,FN
UTA,28,Fold3_part1/28/10,200582.78,202582.78,1,0.3192086937642297,0.26343401676164213,0,FN
UTA,28,Fold3_part1/28/10,201082.78,203082.78,1,0.3273840118151963,0.27381128810090144,0,FN
UTA,28,Fold3_part1/28/10,201582.78,203582.78,1,0.3001661429612015,0.23973377327205114,0,FN
UTA,28,Fold3_part1/28/10,202082.78,204082.78,1,0.30807445558070623,0.2494936740617658,0,FN
UTA,28,Fold3_part1/28/10,202582.78,204582.78,1,0.3001661429612015,0.23973377327205114,0,FN
UTA,28,Fold3_part1/28/10,203082.78,205082.78,1,0.322393688681729,0.26746297194891244,0,FN
UTA,28,Fold3_part1/28/10,203582.78,205582.78,1,0.313390425191288,0.2561209762826048,0,FN
UTA,28,Fold3_part1/28/10,204082.78,206082.78,1,0.3341533150732776,0.2824903427730236,0,FN
UTA,28,Fold3_part1/28/10,204582.78,206582.78,1,0.3341533150732776,0.2824903427730236,0,FN
UTA,28,Fold3_part1/28/10,205082.78,207082.78,1,0.3341533150732776,0.2824903427730236,0,FN
UTA,28,Fold3_part1/28/10,205582.78,207582.78,1,0.30824910509458375,0.24971056515012294,0,FN
UTA,28,Fold3_part1/28/10,206082.78,208082.78,1,0.33187731489259475,0.2795637051677373,0,FN
UTA,28,Fold3_part1/28/10,206582.78,208582.78,1,0.36865563339792334,0.32782762049328756,0,FN
UTA,28,Fold3_part1/28/10,207582.78,209582.78,1,0.3600013094014626,0.31629482543530557,0,FN
UTA,28,Fold3_part1/28/10,208082.78,210082.78,1,0.3600013094014626,0.31629482543530557,0,FN
UTA,28,Fold3_part1/28/10,208582.78,210582.78,1,0.30939020128247763,0.2511290672981034,0,FN
UTA,28,Fold3_part1/28/10,209082.78,211082.78,1,0.3258908586799127,0.2719073025417706,0,FN
UTA,28,Fold3_part1/28/10,209582.78,211582.78,1,0.34362256036190975,0.29475639017130223,0,FN
UTA,28,Fold3_part1/28/10,210082.78,212082.78,1,0.34336124696273007,0.2944159982778924,0,FN
UTA,28,Fold3_part1/28/10,210582.78,212582.78,1,0.33675844764217366,0.28585061721462796,0,FN
UTA,28,Fold3_part1/28/10,211082.78,213082.78,1,0.389771982295594,0.35635853599220135,0,FN
UTA,28,Fold3_part1/28/10,213082.78,215082.78,1,0.35609711829253893,0.3111254699006814,0,FN
UTA,28,Fold3_part1/28/10,213582.78,215582.78,1,0.313390425191288,0.2561209762826048,0,FN
UTA,28,Fold3_part1/28/10,214082.78,216082.78,1,0.3258908586799127,0.2719073025417706,0,FN
UTA,28,Fold3_part1/28/10,214582.78,216582.78,1,0.3192086937642297,0.26343401676164213,0,FN
UTA,28,Fold3_part1/28/10,215082.78,217082.78,1,0.3192086937642297,0.26343401676164213,0,FN
UTA,28,Fold3_part1/28/10,215582.78,217582.78,1,0.3192086937642297,0.26343401676164213,0,FN
UTA,28,Fold3_part1/28/10,216082.78,218082.78,1,0.3035086196756841,0.24384411836679476,0,FN
UTA,28,Fold3_part1/28/10,216582.78,218582.78,1,0.30360344737679923,0.2439610473354504,0,FN
UTA,28,Fold3_part1/28/10,217082.78,219082.78,1,0.3180616064143776,0.2619873913756157,0,FN
UTA,28,Fold3_part1/28/10,217582.78,219582.78,1,0.310011787523915,0.25190279339327687,0,FN
UTA,28,Fold3_part1/28/10,218082.78,220082.78,1,0.342417808287742,0.2931879376931794,0,FN
UTA,28,Fold3_part1/28/10,218582.78,220582.78,1,0.3340535225790412,0.2823618438692686,0,FN
UTA,28,Fold3_part1/28/10,219082.78,221082.78,1,0.34362256036190975,0.29475639017130223,0,FN
UTA,28,Fold3_part1/28/10,219582.78,221582.78,1,0.34362256036190975,0.29475639017130223,0,FN
UTA,28,Fold3_part1/28/10,220082.78,222082.78,1,0.34362256036190975,0.29475639017130223,0,FN
UTA,28,Fold3_part1/28/10,220582.78,222582.78,1,0.33169569725696996,0.2793305380305962,0,FN
UTA,28,Fold3_part1/28/10,221082.78,223082.78,1,0.37208653566710365,0.33242674462224464,0,FN
UTA,28,Fold3_part1/28/10,221582.78,223582.78,1,0.3521771998911321,0.3059570447320293,0,FN
UTA,28,Fold3_part1/28/10,222082.78,224082.78,1,0.3406824441320049,0.29093266473804014,0,FN
UTA,28,Fold3_part1/28/10,222582.78,224582.78,1,0.32374197614572897,0.2691739064973156,0,FN
UTA,28,Fold3_part1/28/10,223082.78,225082.78,1,0.33534381813451836,0.28402456346189664,0,FN
UTA,28,Fold3_part1/28/10,223582.78,225582.78,1,0.35884061558472435,0.3147557830837753,0,FN
UTA,28,Fold3_part1/28/10,224082.78,226082.78,1,0.35028886366552714,0.30347522850885605,0,FN
UTA,28,Fold3_part1/28/10,224582.78,226582.78,1,0.35884061558472435,0.3147557830837753,0,FN
UTA,28,Fold3_part1/28/10,225082.78,227082.78,1,0.3256500531421879,0.27160059901118166,0,FN
UTA,28,Fold3_part1/28/10,225582.78,227582.78,1,0.3256500531421879,0.27160059901118166,0,FN
UTA,28,Fold3_part1/28/10,226082.78,228082.78,1,0.3256500531421879,0.27160059901118166,0,FN
UTA,28,Fold3_part1/28/10,226582.78,228582.78,1,0.35028886366552714,0.30347522850885605,0,FN
UTA,28,Fold3_part1/28/10,227082.78,229082.78,1,0.33534381813451836,0.28402456346189664,0,FN
UTA,28,Fold3_part1/28/10,227582.78,229582.78,1,0.33534381813451836,0.28402456346189664,0,FN
UTA,28,Fold3_part1/28/10,228082.78,230082.78,1,0.3192086937642297,0.26343401676164213,0,FN
UTA,28,Fold3_part1/28/10,228582.78,230582.78,1,0.3192086937642297,0.26343401676164213,0,FN
UTA,28,Fold3_part1/28/10,229082.78,231082.78,1,0.3192086937642297,0.26343401676164213,0,FN
UTA,28,Fold3_part1/28/10,229582.78,231582.78,1,0.3278337856585329,0.2743855613059251,0,FN
UTA,28,Fold3_part1/28/10,230082.78,232082.78,1,0.3319767813625868,0.2796914269687936,0,FN
UTA,28,Fold3_part1/28/10,230582.78,232582.78,1,0.33602085665427683,0.28489810404211424,0,FN
UTA,28,Fold3_part1/28/10,231082.78,233082.78,1,0.32374197614572897,0.2691739064973156,0,FN
UTA,28,Fold3_part1/28/10,231582.78,233582.78,1,0.3587374225779519,0.314619042935261,0,FN
UTA,28,Fold3_part1/28/10,232082.78,234082.78,1,0.3406305247145789,0.2908652632474201,0,FN
UTA,28,Fold3_part1/28/10,232582.78,234582.78,1,0.3587374225779519,0.314619042935261,0,FN
UTA,28,Fold3_part1/28/10,233082.78,235082.78,1,0.35028886366552714,0.30347522850885605,0,FN
UTA,28,Fold3_part1/28/10,233582.78,235582.78,1,0.34362256036190975,0.29475639017130223,0,FN
UTA,28,Fold3_part1/28/10,234082.78,236082.78,1,0.3406305247145789,0.2908652632474201,0,FN
UTA,28,Fold3_part1/28/10,234582.78,236582.78,1,0.3256500531421879,0.27160059901118166,0,FN
UTA,28,Fold3_part1/28/10,235082.78,237082.78,1,0.3349564779631251,0.2835251379005396,0,FN
UTA,28,Fold3_part1/28/10,235582.78,237582.78,1,0.3549580525406285,0.30962133394042457,0,FN
UTA,28,Fold3_part1/28/10,236082.78,238082.78,1,0.3349564779631251,0.2835251379005396,0,FN
UTA,28,Fold3_part1/28/10,236582.78,238582.78,1,0.35028886366552714,0.30347522850885605,0,FN
UTA,28,Fold3_part1/28/10,237082.78,239082.78,1,0.35028886366552714,0.30347522850885605,0,FN
UTA,28,Fold3_part1/28/10,237582.78,239582.78,1,0.35028886366552714,0.30347522850885605,0,FN
UTA,28,Fold3_part1/28/10,238082.78,240082.78,1,0.35884061558472435,0.3147557830837753,0,FN
UTA,28,Fold3_part1/28/10,238582.78,240582.78,1,0.35884061558472435,0.3147557830837753,0,FN
UTA,28,Fold3_part1/28/10,239082.78,241082.78,1,0.35028886366552714,0.30347522850885605,0,FN
UTA,28,Fold3_part1/28/10,239582.78,241582.78,1,0.33372725420363697,0.2819418348641097,0,FN
UTA,28,Fold3_part1/28/10,240082.78,242082.78,1,0.3256500531421879,0.27160059901118166,0,FN
UTA,28,Fold3_part1/28/10,240582.78,242582.78,1,0.3317951363261533,0.2794581946278347,0,FN
UTA,28,Fold3_part1/28/10,241082.78,243082.78,1,0.33187731489259475,0.2795637051677373,0,FN
UTA,28,Fold3_part1/28/10,241582.78,243582.78,1,0.3587374225779519,0.314619042935261,0,FN
UTA,28,Fold3_part1/28/10,242082.78,244082.78,1,0.3587374225779519,0.314619042935261,0,FN
UTA,28,Fold3_part1/28/10,242582.78,244582.78,1,0.3587374225779519,0.314619042935261,0,FN
UTA,28,Fold3_part1/28/10,243082.78,245082.78,1,0.3518354586052053,0.3055075110444952,0,FN
UTA,28,Fold3_part1/28/10,243582.78,245582.78,1,0.3273840118151963,0.27381128810090144,0,FN
UTA,28,Fold3_part1/28/10,244082.78,246082.78,1,0.3192086937642297,0.26343401676164213,0,FN
UTA,28,Fold3_part1/28/10,244582.78,246582.78,1,0.31446132933512433,0.2574623855576293,0,FN
UTA,28,Fold3_part1/28/10,245082.78,247082.78,1,0.31446132933512433,0.2574623855576293,0,FN
UTA,28,Fold3_part1/28/10,245582.78,247582.78,1,0.3349564779631251,0.2835251379005396,0,FN
UTA,28,Fold3_part1/28/10,246582.78,248582.78,1,0.3800323355348653,0.3431339754851204,0,FN
UTA,28,Fold3_part1/28/10,247082.78,249082.78,1,0.3599235992046601,0.31619172605413,0,FN
UTA,28,Fold3_part1/28/10,247582.78,249582.78,1,0.3680533295903829,0.3270217851875138,0,FN
UTA,28,Fold3_part1/28/10,248082.78,250082.78,1,0.3587374225779519,0.314619042935261,0,FN
UTA,28,Fold3_part1/28/10,248582.78,250582.78,1,0.3256500531421879,0.27160059901118166,0,FN
UTA,28,Fold3_part1/28/10,249082.78,251082.78,1,0.3338096722519016,0.28204791605693463,0,FN
UTA,28,Fold3_part1/28/10,249582.78,251582.78,1,0.32374197614572897,0.2691739064973156,0,FN
UTA,28,Fold3_part1/28/10,250082.78,252082.78,1,0.33390942842559074,0.28217632827093436,0,FN
UTA,28,Fold3_part1/28/10,250582.78,252582.78,1,0.33534381813451836,0.28402456346189664,0,FN
UTA,28,Fold3_part1/28/10,251082.78,253082.78,1,0.3258908586799127,0.2719073025417706,0,FN
UTA,28,Fold3_part1/28/10,251582.78,253582.78,1,0.35028886366552714,0.30347522850885605,0,FN
UTA,28,Fold3_part1/28/10,252082.78,254082.78,1,0.35028886366552714,0.30347522850885605,0,FN
UTA,28,Fold3_part1/28/10,252582.78,254582.78,1,0.34467093078188626,0.2961230767421889,0,FN
UTA,28,Fold3_part1/28/10,257082.78,259082.78,1,0.3714188889799846,0.33153059582106376,0,FN
UTA,28,Fold3_part1/28/10,257582.78,259582.78,1,0.3858104439063338,0.3509667931188646,0,FN
UTA,28,Fold3_part1/28/10,260082.78,262082.78,1,0.39926022763534624,0.36933886595994675,0,FN
UTA,28,Fold3_part1/28/10,260582.78,262582.78,1,0.36981426592087174,0.3293790923904253,0,FN
UTA,28,Fold3_part1/28/10,261082.78,263082.78,1,0.37528631014903585,0.3367293360733522,0,FN
UTA,28,Fold3_part1/28/10,261582.78,263582.78,1,0.36435376460668845,0.3220824454559591,0,FN
UTA,28,Fold3_part1/28/10,262082.78,264082.78,1,0.37528631014903585,0.3367293360733522,0,FN
UTA,28,Fold3_part1/28/10,263582.78,265582.78,1,0.3991711889532102,0.36921664051629643,0,FN
UTA,28,Fold3_part1/28/10,264082.78,266082.78,1,0.38272518059251653,0.346779674781398,0,FN
UTA,28,Fold3_part1/28/10,264582.78,266582.78,1,0.36717833668851363,0.3258519506287026,0,FN
UTA,28,Fold3_part1/28/10,265582.78,267582.78,1,0.3943704227637809,0.36263801094940795,0,FN
UTA,28,Fold3_part1/28/10,266082.78,268082.78,1,0.39660237967714074,0.365693691909083,0,FN
UTA,28,Fold3_part1/28/10,266582.78,268582.78,1,0.3864265662162798,0.3518042259525128,0,FN
UTA,28,Fold3_part1/28/10,267082.78,269082.78,1,0.3864265662162798,0.3518042259525128,0,FN
UTA,28,Fold3_part1/28/10,268082.78,270082.78,1,0.3909917465665111,0.35802205569460854,0,FN
UTA,28,Fold3_part1/28/10,284082.78,286082.78,1,0.38426477257353425,0.34886777241504763,0,FN
UTA,28,Fold3_part1/28/10,284582.78,286582.78,1,0.3891570028420616,0.35552042340131723,0,FN
UTA,28,Fold3_part1/28/10,288082.78,290082.78,1,0.3943704227637809,0.36263801094940795,0,FN
UTA,28,Fold3_part1/28/10,288582.78,290582.78,1,0.3980762680282529,0.36771424334893105,0,FN
UTA,28,Fold3_part1/28/10,289082.78,291082.78,1,0.3980762680282529,0.36771424334893105,0,FN
UTA,28,Fold3_part1/28/10,291082.78,293082.78,1,0.3943704227637809,0.36263801094940795,0,FN
UTA,28,Fold3_part1/28/10,291582.78,293582.78,1,0.3943704227637809,0.36263801094940795,0,FN
UTA,28,Fold3_part1/28/10,292082.78,294082.78,1,0.3842154111229555,0.34880078359803673,0,FN
UTA,28,Fold3_part1/28/10,292582.78,294582.78,1,0.3864265662162798,0.3518042259525128,0,FN
UTA,28,Fold3_part1/28/10,293082.78,295082.78,1,0.3943704227637809,0.36263801094940795,0,FN
UTA,28,Fold3_part1/28/10,293582.78,295582.78,1,0.3943704227637809,0.36263801094940795,0,FN
UTA,28,Fold3_part1/28/10,294082.78,296082.78,1,0.3943704227637809,0.36263801094940795,0,FN
UTA,28,Fold3_part1/28/10,294582.78,296582.78,1,0.3943704227637809,0.36263801094940795,0,FN
UTA,28,Fold3_part1/28/10,295082.78,297082.78,1,0.3891570028420616,0.35552042340131723,0,FN
UTA,28,Fold3_part1/28/10,295582.78,297582.78,1,0.3891570028420616,0.35552042340131723,0,FN
UTA,28,Fold3_part1/28/10,296082.78,298082.78,1,0.3891570028420616,0.35552042340131723,0,FN
UTA,28,Fold3_part1/28/10,296582.78,298582.78,1,0.39846457647999994,0.36824692841400375,0,FN
UTA,28,Fold3_part1/28/10,297082.78,299082.78,1,0.3957111403296781,0.364472934330221,0,FN
UTA,28,Fold3_part1/28/10,297582.78,299582.78,1,0.37972916222648534,0.34272405203787887,0,FN
UTA,28,Fold3_part1/28/10,298082.78,300082.78,1,0.3885698000053501,0.35472054345423387,0,FN
UTA,28,Fold3_part1/28/10,298582.78,300582.78,1,0.37972916222648534,0.34272405203787887,0,FN
UTA,28,Fold3_part1/28/10,299082.78,301082.78,1,0.3885698000053501,0.35472054345423387,0,FN
UTA,28,Fold3_part1/28/10,299582.78,301582.78,1,0.369748482076531,0.32929095821901816,0,FN
UTA,28,Fold3_part1/28/10,300082.78,302082.78,1,0.36466456745980447,0.3224967077913158,0,FN
UTA,28,Fold3_part1/28/10,300582.78,302582.78,1,0.36466456745980447,0.3224967077913158,0,FN
UTA,28,Fold3_part1/28/10,301082.78,303082.78,1,0.37461720221447414,0.33582857374386565,0,FN
UTA,28,Fold3_part1/28/10,301582.78,303582.78,1,0.39660237967714074,0.365693691909083,0,FN
UTA,28,Fold3_part1/28/10,302082.78,304082.78,1,0.3898406666950699,0.3564521661937778,0,FN
UTA,28,Fold3_part1/28/10,303082.78,305082.78,1,0.36128370866570464,0.31799740385576436,0,FN
UTA,28,Fold3_part1/28/10,303582.78,305582.78,1,0.38867042987653455,0.3548575938318176,0,FN
UTA,28,Fold3_part1/28/10,304082.78,306082.78,1,0.36128370866570464,0.31799740385576436,0,FN
UTA,28,Fold3_part1/28/10,304582.78,306582.78,1,0.38867042987653455,0.3548575938318176,0,FN
UTA,28,Fold3_part1/28/10,305082.78,307082.78,1,0.39992553161782424,0.3702523846521273,0,FN
UTA,28,Fold3_part1/28/10,306082.78,308082.78,1,0.3909917465665111,0.35802205569460854,0,FN
UTA,28,Fold3_part1/28/10,306582.78,308582.78,1,0.36769133649954366,0.3265376926155316,0,FN
UTA,28,Fold3_part1/28/10,307082.78,309082.78,1,0.36837007078221856,0.32744550167920417,0,FN
UTA,28,Fold3_part1/28/10,307582.78,309582.78,1,0.3611374863531318,0.3178031578777252,0,FN
UTA,28,Fold3_part1/28/10,308082.78,310082.78,1,0.36980334153163485,0.32936445601326714,0,FN
UTA,28,Fold3_part1/28/10,308582.78,310582.78,1,0.396450735442109,0.3654859244705122,0,FN
UTA,28,Fold3_part1/28/10,314082.78,316082.78,1,0.3943704227637809,0.36263801094940795,0,FN
UTA,28,Fold3_part1/28/10,315082.78,317082.78,1,0.3943704227637809,0.36263801094940795,0,FN
UTA,28,Fold3_part1/28/10,317582.78,319582.78,1,0.3611374863531318,0.3178031578777252,0,FN
UTA,28,Fold3_part1/28/10,318082.78,320082.78,1,0.37302426820995294,0.33368635813909603,0,FN
UTA,28,Fold3_part1/28/10,318582.78,320582.78,1,0.37302426820995294,0.33368635813909603,0,FN
UTA,28,Fold3_part1/28/10,319082.78,321082.78,1,0.37302426820995294,0.33368635813909603,0,FN
UTA,28,Fold3_part1/28/10,319582.78,321582.78,1,0.36837007078221856,0.32744550167920417,0,FN
UTA,28,Fold3_part1/28/10,320082.78,322082.78,1,0.36837007078221856,0.32744550167920417,0,FN
UTA,28,Fold3_part1/28/10,320582.78,322582.78,1,0.3959609544091575,0.36481503249414704,0,FN
UTA,28,Fold3_part1/28/10,321082.78,323082.78,1,0.3677776515226244,0.3266531060777287,0,FN
UTA,28,Fold3_part1/28/10,326082.78,328082.78,1,0.39662477442694827,0.36572437683756537,0,FN
UTA,28,Fold3_part1/28/10,327082.78,329082.78,1,0.37099132130597906,0.33095698776591714,0,FN
UTA,28,Fold3_part1/28/10,327582.78,329582.78,1,0.3959609544091575,0.36481503249414704,0,FN
UTA,28,Fold3_part1/28/10,328582.78,330582.78,1,0.3959609544091575,0.36481503249414704,0,FN
UTA,28,Fold3_part1/28/10,329082.78,331082.78,1,0.3959609544091575,0.36481503249414704,0,FN
UTA,28,Fold3_part1/28/10,329582.78,331582.78,1,0.38867042987653455,0.3548575938318176,0,FN
UTA,28,Fold3_part1/28/10,336082.78,338082.78,1,0.39610869073853094,0.36501737354576236,0,FN
UTA,28,Fold3_part1/28/10,341582.78,343582.78,1,0.40045977291469825,0.3709862489562173,0,FN
UTA,28,Fold3_part1/28/10,342582.78,344582.78,1,0.3558780345036723,0.31083602640148944,0,FN
UTA,28,Fold3_part1/28/10,349082.78,351082.78,1,0.39610869073853094,0.36501737354576236,0,FN
UTA,28,Fold3_part1/28/10,358082.78,360082.78,1,0.34244992000458746,0.2932297143163431,0,FN
UTA,28,Fold3_part1/28/10,358582.78,360582.78,1,0.39992553161782424,0.3702523846521273,0,FN
UTA,28,Fold3_part1/28/10,359082.78,361082.78,1,0.3864265662162798,0.3518042259525128,0,FN
UTA,28,Fold3_part1/28/10,359582.78,361582.78,1,0.3943704227637809,0.36263801094940795,0,FN
UTA,28,Fold3_part1/28/10,360082.78,362082.78,1,0.32889568154869814,0.275742758412342,0,FN
UTA,28,Fold3_part1/28/10,360582.78,362582.78,1,0.37066220552687174,0.33051561625424314,0,FN
UTA,28,Fold3_part1/28/10,361082.78,363082.78,1,0.372923553889389,0.33355102064343783,0,FN
UTA,28,Fold3_part1/28/10,361582.78,363582.78,1,0.33587333113613244,0.28470769765142867,0,FN
UTA,28,Fold3_part1/28/10,362082.78,364082.78,1,0.3042632629523701,0.24477512486361588,0,FN
UTA,28,Fold3_part1/28/10,362582.78,364582.78,1,0.34885961989376346,0.3016002916707351,0,FN
UTA,28,Fold3_part1/28/10,363082.78,365082.78,1,0.34885961989376346,0.3016002916707351,0,FN
UTA,28,Fold3_part1/28/10,363582.78,365582.78,1,0.3842154111229555,0.34880078359803673,0,FN
UTA,28,Fold3_part1/28/10,364082.78,366082.78,1,0.3775327499015619,0.339757496781366,0,FN
UTA,28,Fold3_part1/28/10,364582.78,366582.78,1,0.38861897263514883,0.35478751154602367,0,FN
UTA,28,Fold3_part1/28/10,365082.78,367082.78,1,0.3842154111229555,0.34880078359803673,0,FN
UTA,28,Fold3_part1/28/10,371582.78,373582.78,1,0.3943704227637809,0.36263801094940795,0,FN
UTA,28,Fold3_part1/28/10,373582.78,375582.78,1,0.39846457647999994,0.36824692841400375,0,FN
UTA,28,Fold3_part1/28/10,387582.78,389582.78,1,0.39660237967714074,0.365693691909083,0,FN
UTA,28,Fold3_part1/28/10,388082.78,390082.78,1,0.39660237967714074,0.365693691909083,0,FN
UTA,28,Fold3_part1/28/10,421582.78,423582.78,1,0.3959609544091575,0.36481503249414704,0,FN
UTA,28,Fold3_part1/28/10,424082.78,426082.78,1,0.3864545221374432,0.35184223353427857,0,FN
UTA,28,Fold3_part1/28/10,424582.78,426582.78,1,0.39788919924817456,0.3674576730721943,0,FN
UTA,28,Fold3_part1/28/10,426582.78,428582.78,1,0.3844470811009385,0.34911520847409844,0,FN
UTA,28,Fold3_part1/28/10,427082.78,429082.78,1,0.3611374863531318,0.3178031578777252,0,FN
UTA,28,Fold3_part1/28/10,427582.78,429582.78,1,0.3513417797031103,0.3048584170338972,0,FN
UTA,28,Fold3_part1/28/10,428082.78,430082.78,1,0.36980334153163485,0.32936445601326714,0,FN
UTA,28,Fold3_part1/28/10,431082.78,433082.78,1,0.3771070343340293,0.3391831730685199,0,FN
UTA,28,Fold3_part1/28/10,432082.78,434082.78,1,0.38035318097422266,0.34356791053070423,0,FN
UTA,28,Fold3_part1/28/10,434082.78,436082.78,1,0.38035318097422266,0.34356791053070423,0,FN
UTA,28,Fold3_part1/28/10,434582.78,436582.78,1,0.3627052403039387,0.31988732414462867,0,FN
UTA,28,Fold3_part1/28/10,437582.78,439582.78,1,0.3864545221374432,0.35184223353427857,0,FN
UTA,28,Fold3_part1/28/10,438082.78,440082.78,1,0.3974340291017099,0.3668335367656553,0,FN
UTA,28,Fold3_part1/28/10,438582.78,440582.78,1,0.3864545221374432,0.35184223353427857,0,FN
UTA,28,Fold3_part1/28/10,441082.78,443082.78,1,0.396450735442109,0.3654859244705122,0,FN
UTA,28,Fold3_part1/28/10,441582.78,443582.78,1,0.3974340291017099,0.3668335367656553,0,FN
UTA,28,Fold3_part1/28/10,442082.78,444082.78,1,0.35956975146576503,0.3157223758850384,0,FN
UTA,28,Fold3_part1/28/10,446082.78,448082.78,1,0.38115662731698385,0.34465507598528833,0,FN
UTA,28,Fold3_part1/28/10,446582.78,448582.78,1,0.3098523141356244,0.25170421815033533,0,FN
UTA,28,Fold3_part1/28/10,447082.78,449082.78,1,0.26784557431689465,0.20116930481882275,0,FN
UTA,28,Fold3_part1/28/10,447582.78,449582.78,1,0.34244992000458746,0.2932297143163431,0,FN
UTA,28,Fold3_part1/28/10,448082.78,450082.78,1,0.33850465650143136,0.2881091353228362,0,FN
UTA,28,Fold3_part1/28/10,448582.78,450582.78,1,0.31842114855636544,0.262440566985295,0,FN
UTA,28,Fold3_part1/28/10,449082.78,451082.78,1,0.32428870294796525,0.2698685888055357,0,FN
UTA,28,Fold3_part1/28/10,449582.78,451582.78,1,0.3375403293317339,0.2868612851023925,0,FN
UTA,28,Fold3_part1/28/10,450082.78,452082.78,1,0.3375403293317339,0.2868612851023925,0,FN
UTA,28,Fold3_part1/28/10,450582.78,452582.78,1,0.3400489812623192,0.2901105973092826,0,FN
UTA,28,Fold3_part1/28/10,451082.78,453082.78,1,0.3400489812623192,0.2901105973092826,0,FN
UTA,28,Fold3_part1/28/10,451582.78,453582.78,1,0.3394475659084503,0.28933070608955463,0,FN
UTA,28,Fold3_part1/28/10,452082.78,454082.78,1,0.3336822622366054,0.281883929909806,0,FN
UTA,28,Fold3_part1/28/10,452582.78,454582.78,1,0.3218507596978354,0.2667749111528209,0,FN
UTA,28,Fold3_part1/28/10,453082.78,455082.78,1,0.32425329048365015,0.2698235772711792,0,FN
UTA,28,Fold3_part1/28/10,453582.78,455582.78,1,0.3218507596978354,0.2667749111528209,0,FN
UTA,28,Fold3_part1/28/10,454082.78,456082.78,1,0.3137491630811634,0.256570095187673,0,FN
UTA,28,Fold3_part1/28/10,454582.78,456582.78,1,0.3336822622366054,0.281883929909806,0,FN
UTA,28,Fold3_part1/28/10,455082.78,457082.78,1,0.34204202658669913,0.292699173563649,0,FN
UTA,28,Fold3_part1/28/10,455582.78,457582.78,1,0.3231591605634584,0.2684339420849887,0,FN
UTA,28,Fold3_part1/28/10,456082.78,458082.78,1,0.3313864056288597,0.2789335848279211,0,FN
UTA,28,Fold3_part1/28/10,456582.78,458582.78,1,0.2987502924428646,0.2379992499899906,0,FN
UTA,28,Fold3_part1/28/10,457082.78,459082.78,1,0.34362256036190975,0.29475639017130223,0,FN
UTA,28,Fold3_part1/28/10,457582.78,459582.78,1,0.31817228859741026,0.2621268731710032,0,FN
UTA,28,Fold3_part1/28/10,458082.78,460082.78,1,0.3101209423617454,0.25203873973732416,0,FN
UTA,28,Fold3_part1/28/10,458582.78,460582.78,1,0.28967745781829607,0.22697944545637916,0,FN
UTA,28,Fold3_part1/28/10,459082.78,461082.78,1,0.2958671362687233,0.2344794375417106,0,FN
UTA,28,Fold3_part1/28/10,459582.78,461582.78,1,0.31285727089600895,0.25545393572295383,0,FN
UTA,28,Fold3_part1/28/10,460082.78,462082.78,1,0.33675844764217366,0.28585061721462796,0,FN
UTA,28,Fold3_part1/28/10,460582.78,462582.78,1,0.28342257072412536,0.21948052229152748,0,FN
UTA,28,Fold3_part1/28/10,461082.78,463082.78,1,0.3000025516423831,0.23953316009594577,0,FN
UTA,28,Fold3_part1/28/10,461582.78,463582.78,1,0.28342257072412536,0.21948052229152748,0,FN
UTA,28,Fold3_part1/28/10,462082.78,464082.78,1,0.3000025516423831,0.23953316009594577,0,FN
UTA,28,Fold3_part1/28/10,462582.78,464582.78,1,0.29107322491304316,0.22866387953085893,0,FN
UTA,28,Fold3_part1/28/10,463082.78,465082.78,1,0.3000025516423831,0.23953316009594577,0,FN
UTA,28,Fold3_part1/28/10,463582.78,465582.78,1,0.28093211212259284,0.216517625359698,0,FN
UTA,28,Fold3_part1/28/10,464082.78,466082.78,1,0.2899832710658979,0.2273481637214384,0,FN
UTA,28,Fold3_part1/28/10,464582.78,466582.78,1,0.2913830178750162,0.22903828375019364,0,FN
UTA,28,Fold3_part1/28/10,465082.78,467082.78,1,0.29872193130559027,0.2379645458368852,0,FN
UTA,28,Fold3_part1/28/10,465582.78,467582.78,1,0.30174307941448464,0.24167026884065826,0,FN
UTA,28,Fold3_part1/28/10,466082.78,468082.78,1,0.3016485810883978,0.24155408703122155,0,FN
UTA,28,Fold3_part1/28/10,466582.78,468582.78,1,0.30788254349416394,0.2492554116528739,0,FN
UTA,28,Fold3_part1/28/10,467082.78,469082.78,1,0.3249661219462183,0.2707300507356536,0,FN
UTA,28,Fold3_part1/28/10,467582.78,469582.78,1,0.3249661219462183,0.2707300507356536,0,FN
UTA,28,Fold3_part1/28/10,468082.78,470082.78,1,0.3249661219462183,0.2707300507356536,0,FN
UTA,28,Fold3_part1/28/10,468582.78,470582.78,1,0.3249661219462183,0.2707300507356536,0,FN
UTA,28,Fold3_part1/28/10,469082.78,471082.78,1,0.2977374393182468,0.23676085708177624,0,FN
UTA,28,Fold3_part1/28/10,469582.78,471582.78,1,0.2899832710658979,0.2273481637214384,0,FN
UTA,28,Fold3_part1/28/10,470082.78,472082.78,1,0.28715097820330443,0.22394066039349078,0,FN
UTA,28,Fold3_part1/28/10,470582.78,472582.78,1,0.2734451962563021,0.20769072628756466,0,FN
UTA,28,Fold3_part1/28/10,471082.78,473082.78,1,0.26791686466563286,0.2012518910911139,0,FN
UTA,28,Fold3_part1/28/10,471582.78,473582.78,1,0.2947728866135391,0.2331479008210606,0,FN
UTA,28,Fold3_part1/28/10,472082.78,474082.78,1,0.2811713882675506,0.21680171919649943,0,FN
UTA,28,Fold3_part1/28/10,472582.78,474582.78,1,0.29810605025288023,0.23721131427909828,0,FN
UTA,28,Fold3_part1/28/10,473082.78,475082.78,1,0.2845800962435693,0.22086209910406265,0,FN
UTA,28,Fold3_part1/28/10,473582.78,475582.78,1,0.28930916326973194,0.22653564907348067,0,FN
UTA,28,Fold3_part1/28/10,474082.78,476082.78,1,0.2784631111465348,0.21359332683835083,0,FN
UTA,28,Fold3_part1/28/10,474582.78,476582.78,1,0.2740884932692118,0.20844436754601925,0,FN
UTA,28,Fold3_part1/28/10,475082.78,477082.78,1,0.2884505374266376,0.22550208779772762,0,FN
UTA,28,Fold3_part1/28/10,475582.78,477582.78,1,0.26877541740575767,0.2022473772022169,0,FN
UTA,28,Fold3_part1/28/10,476082.78,478082.78,1,0.3016500920211821,0.2415559445241117,0,FN
UTA,28,Fold3_part1/28/10,476582.78,478582.78,1,0.2812280810317195,0.2168690487140963,0,FN
UTA,28,Fold3_part1/28/10,477082.78,479082.78,1,0.3118490264840147,0.2541939344437444,0,FN
UTA,28,Fold3_part1/28/10,477582.78,479582.78,1,0.2888433755356242,0.22597477338636907,0,FN
UTA,28,Fold3_part1/28/10,478082.78,480082.78,1,0.3043501013952989,0.24488232820818584,0,FN
UTA,28,Fold3_part1/28/10,478582.78,480582.78,1,0.29510901815200835,0.23355666642199713,0,FN
UTA,28,Fold3_part1/28/10,481082.78,483082.78,1,0.3634235269455189,0.32084332284255523,0,FN
UTA,28,Fold3_part1/28/10,481582.78,483582.78,1,0.3439061969573435,0.29512598010171864,0,FN
UTA,28,Fold3_part1/28/10,482082.78,484082.78,1,0.3375403293317339,0.2868612851023925,0,FN
UTA,28,Fold3_part1/28/10,482582.78,484582.78,1,0.3375403293317339,0.2868612851023925,0,FN
UTA,28,Fold3_part1/28/10,483082.78,485082.78,1,0.3375403293317339,0.2868612851023925,0,FN
UTA,28,Fold3_part1/28/10,483582.78,485582.78,1,0.32428870294796525,0.2698685888055357,0,FN
UTA,28,Fold3_part1/28/10,484082.78,486082.78,1,0.32428870294796525,0.2698685888055357,0,FN
UTA,28,Fold3_part1/28/10,484582.78,486582.78,1,0.3671639054161946,0.3258326648765896,0,FN
UTA,28,Fold3_part1/28/10,486582.78,488582.78,1,0.3476935474997775,0.30007284996999356,0,FN
UTA,28,Fold3_part1/28/10,487082.78,489082.78,1,0.3445552058231686,0.29597213124957245,0,FN
UTA,28,Fold3_part1/28/10,487582.78,489582.78,1,0.3445552058231686,0.29597213124957245,0,FN
UTA,28,Fold3_part1/28/10,488082.78,490082.78,1,0.31842114855636544,0.262440566985295,0,FN
UTA,28,Fold3_part1/28/10,488582.78,490582.78,1,0.32428870294796525,0.2698685888055357,0,FN
UTA,28,Fold3_part1/28/10,489082.78,491082.78,1,0.31842114855636544,0.262440566985295,0,FN
UTA,28,Fold3_part1/28/10,489582.78,491582.78,1,0.34244992000458746,0.2932297143163431,0,FN
UTA,28,Fold3_part1/28/10,491582.78,493582.78,1,0.35091365971484695,0.3042958100008267,0,FN
UTA,28,Fold3_part1/28/10,492082.78,494082.78,1,0.31842114855636544,0.262440566985295,0,FN
UTA,28,Fold3_part1/28/10,492582.78,494582.78,1,0.31842114855636544,0.262440566985295,0,FN
UTA,28,Fold3_part1/28/10,493082.78,495082.78,1,0.32428870294796525,0.2698685888055357,0,FN
UTA,28,Fold3_part1/28/10,493582.78,495582.78,1,0.32428870294796525,0.2698685888055357,0,FN
UTA,28,Fold3_part1/28/10,494082.78,496082.78,1,0.36760943798783263,0.32642819349895796,0,FN
UTA,28,Fold3_part1/28/10,494582.78,496582.78,1,0.36760943798783263,0.32642819349895796,0,FN
UTA,28,Fold3_part1/28/10,495082.78,497082.78,1,0.36760943798783263,0.32642819349895796,0,FN
UTA,28,Fold3_part1/28/10,495582.78,497582.78,1,0.36760943798783263,0.32642819349895796,0,FN
UTA,28,Fold3_part1/28/10,496082.78,498082.78,1,0.32428870294796525,0.2698685888055357,0,FN
UTA,28,Fold3_part1/28/10,496582.78,498582.78,1,0.32428870294796525,0.2698685888055357,0,FN
UTA,28,Fold3_part1/28/10,497082.78,499082.78,1,0.3488527997356004,0.30159135201012666,0,FN
UTA,28,Fold3_part1/28/10,497582.78,499582.78,1,0.3400489812623192,0.2901105973092826,0,FN
UTA,28,Fold3_part1/28/10,498082.78,500082.78,1,0.3400489812623192,0.2901105973092826,0,FN
UTA,28,Fold3_part1/28/10,498582.78,500582.78,1,0.3469450796085798,0.2990935063445172,0,FN
UTA,28,Fold3_part1/28/10,499082.78,501082.78,1,0.3717271379587343,0.3319442734579018,0,FN
UTA,28,Fold3_part1/28/10,499582.78,501582.78,1,0.3400489812623192,0.2901105973092826,0,FN
UTA,28,Fold3_part1/28/10,500082.78,502082.78,1,0.3554598602015137,0.3102837430095568,0,FN
UTA,28,Fold3_part1/28/10,500582.78,502582.78,1,0.3400489812623192,0.2901105973092826,0,FN
UTA,28,Fold3_part1/28/10,501082.78,503082.78,1,0.3469450796085798,0.2990935063445172,0,FN
UTA,28,Fold3_part1/28/10,501582.78,503582.78,1,0.3469450796085798,0.2990935063445172,0,FN
UTA,28,Fold3_part1/28/10,502082.78,504082.78,1,0.3469450796085798,0.2990935063445172,0,FN
UTA,28,Fold3_part1/28/10,505082.78,507082.78,1,0.39736054444496344,0.3667327925010061,0,FN
UTA,28,Fold3_part1/28/10,505582.78,507582.78,1,0.3469450796085798,0.2990935063445172,0,FN
UTA,28,Fold3_part1/28/10,506082.78,508082.78,1,0.3469450796085798,0.2990935063445172,0,FN
UTA,28,Fold3_part1/28/10,506582.78,508582.78,1,0.3469450796085798,0.2990935063445172,0,FN
UTA,28,Fold3_part1/28/10,507082.78,509082.78,1,0.38109368248316505,0.34456987657110855,0,FN
UTA,28,Fold3_part1/28/10,507582.78,509582.78,1,0.38109368248316505,0.34456987657110855,0,FN
UTA,28,Fold3_part1/28/10,509582.78,511582.78,1,0.3717271379587343,0.3319442734579018,0,FN
UTA,28,Fold3_part1/28/10,510082.78,512082.78,1,0.3598579662430129,0.31610465622465683,0,FN
UTA,28,Fold3_part1/28/10,510582.78,512582.78,1,0.38087776994321515,0.34427766150890843,0,FN
UTA,28,Fold3_part1/28/10,511082.78,513082.78,1,0.38087776994321515,0.34427766150890843,0,FN
UTA,28,Fold3_part1/28/10,511582.78,513582.78,1,0.38972834691209524,0.3562990550806132,0,FN
UTA,28,Fold3_part1/28/10,512082.78,514082.78,1,0.3586269512488042,0.31447267476728064,0,FN
UTA,28,Fold3_part1/28/10,512582.78,514582.78,1,0.36785667492002033,0.3267587782452555,0,FN
UTA,28,Fold3_part1/28/10,513082.78,515082.78,1,0.36785667492002033,0.3267587782452555,0,FN
UTA,28,Fold3_part1/28/10,513582.78,515582.78,1,0.36785667492002033,0.3267587782452555,0,FN
UTA,28,Fold3_part1/28/10,514082.78,516082.78,1,0.3903316372600698,0.35712160047013086,0,FN
UTA,28,Fold3_part1/28/10,514582.78,516582.78,1,0.3469450796085798,0.2990935063445172,0,FN
UTA,28,Fold3_part1/28/10,515082.78,517082.78,1,0.38087776994321515,0.34427766150890843,0,FN
UTA,28,Fold3_part1/28/10,515582.78,517582.78,1,0.3586269512488042,0.31447267476728064,0,FN
UTA,28,Fold3_part1/28/10,516082.78,518082.78,1,0.38087776994321515,0.34427766150890843,0,FN
UTA,28,Fold3_part1/28/10,516582.78,518582.78,1,0.37983312739873404,0.34286461219693976,0,FN
UTA,28,Fold3_part1/28/10,517082.78,519082.78,1,0.39323301156877627,0.36108276361885844,0,FN
UTA,28,Fold3_part1/28/10,518582.78,520582.78,1,0.36726719581114464,0.3259707067097156,0,FN
UTA,28,Fold3_part1/28/10,519082.78,521082.78,1,0.37983312739873404,0.34286461219693976,0,FN
UTA,28,Fold3_part1/28/10,519582.78,521582.78,1,0.37983312739873404,0.34286461219693976,0,FN
UTA,28,Fold3_part1/28/10,520082.78,522082.78,1,0.37983312739873404,0.34286461219693976,0,FN
UTA,28,Fold3_part1/28/10,520582.78,522582.78,1,0.37983312739873404,0.34286461219693976,0,FN
UTA,28,Fold3_part1/28/10,521082.78,523082.78,1,0.38867466892597685,0.3548633673401222,0,FN
UTA,28,Fold3_part1/28/10,521582.78,523582.78,1,0.36726719581114464,0.3259707067097156,0,FN
UTA,28,Fold3_part1/28/10,522082.78,524082.78,1,0.3586269512488042,0.31447267476728064,0,FN
UTA,28,Fold3_part1/28/10,522582.78,524582.78,1,0.3858104439063338,0.3509667931188646,0,FN
UTA,28,Fold3_part1/28/10,523082.78,525082.78,1,0.3280108701359559,0.2746117580094367,0,FN
UTA,28,Fold3_part1/28/10,523582.78,525582.78,1,0.36870840911623626,0.3278982525740419,0,FN
UTA,28,Fold3_part1/28/10,524582.78,526582.78,1,0.3872953667136908,0.35298580764799165,0,FN
UTA,28,Fold3_part1/28/10,525082.78,527082.78,1,0.3148679665531019,0.25797228756470403,0,FN
UTA,28,Fold3_part1/28/10,525582.78,527582.78,1,0.303936021537274,0.2443712709502331,0,FN
UTA,28,Fold3_part1/28/10,526082.78,528082.78,1,0.36981426592087174,0.3293790923904253,0,FN
UTA,28,Fold3_part1/28/10,526582.78,528582.78,1,0.3725082112921952,0.332993026584578,0,FN
UTA,28,Fold3_part1/28/10,527082.78,529082.78,1,0.3653882941552233,0.3234618446762066,0,FN
UTA,28,Fold3_part1/28/10,540582.78,542582.78,1,0.3946628024431806,0.3630380110252712,0,FN
UTA,28,Fold3_part1/28/10,543082.78,545082.78,1,0.39519642166747215,0.3637682697840342,0,FN
UTA,28,Fold3_part1/28/10,545582.78,547582.78,1,0.36785667492002033,0.3267587782452555,0,FN
UTA,28,Fold3_part1/28/10,546082.78,548082.78,1,0.36077454792755725,0.3173211462469079,0,FN
UTA,28,Fold3_part1/28/10,546582.78,548582.78,1,0.3400489812623192,0.2901105973092826,0,FN
UTA,28,Fold3_part1/28/10,547082.78,549082.78,1,0.3742220479715472,0.33529686918117463,0,FN
UTA,28,Fold3_part1/28/10,549582.78,551582.78,1,0.37961486150209617,0.342569532900985,0,FN
UTA,28,Fold3_part1/28/10,550082.78,552082.78,1,0.3717271379587343,0.3319442734579018,0,FN
UTA,28,Fold3_part1/28/10,550582.78,552582.78,1,0.36726719581114464,0.3259707067097156,0,FN
UTA,28,Fold3_part1/28/10,551082.78,553082.78,1,0.38087776994321515,0.34427766150890843,0,FN
UTA,28,Fold3_part1/28/10,551582.78,553582.78,1,0.3804957592081045,0.34376078235864643,0,FN
UTA,28,Fold3_part1/28/10,552082.78,554082.78,1,0.3704764149820353,0.330266516345967,0,FN
UTA,28,Fold3_part1/28/10,555582.78,557582.78,1,0.3488527997356004,0.30159135201012666,0,FN
UTA,28,Fold3_part1/28/10,556082.78,558082.78,1,0.3484848297435262,0.3011091308765526,0,FN
UTA,28,Fold3_part1/28/10,556582.78,558582.78,1,0.37297979436447404,0.33362659369448494,0,FN
UTA,28,Fold3_part1/28/10,558582.78,560582.78,1,0.35108836357700296,0.30452536175757833,0,FN
UTA,28,Fold3_part1/28/10,559082.78,561082.78,1,0.32428870294796525,0.2698685888055357,0,FN
UTA,28,Fold3_part1/28/10,559582.78,561582.78,1,0.3337181959129926,0.28193017651760705,0,FN
UTA,28,Fold3_part1/28/10,560082.78,562082.78,1,0.39067457816417184,0.35758934888220234,0,FN
UTA,28,Fold3_part1/28/10,560582.78,562582.78,1,0.39508974676000874,0.3636222620585769,0,FN
UTA,28,Fold3_part1/28/10,561082.78,563082.78,1,0.39508974676000874,0.3636222620585769,0,FN
UTA,29,Fold3_part1/29/0,1657.04,3657.04,0,0.5698108714452998,0.6082076551037419,1,FP
UTA,29,Fold3_part1/29/0,2157.04,4157.04,0,0.5875028565589157,0.632363682516136,1,FP
UTA,29,Fold3_part1/29/0,2657.04,4657.04,0,0.5772044010492792,0.6183413216654771,1,FP
UTA,29,Fold3_part1/29/0,3157.04,5157.04,0,0.5086794532724908,0.5228688767451544,1,FP
UTA,29,Fold3_part1/29/0,3657.04,5657.04,0,0.5374694471474504,0.5633377255613533,1,FP
UTA,29,Fold3_part1/29/0,4157.04,6157.04,0,0.5177648899778207,0.5356763697388971,1,FP
UTA,29,Fold3_part1/29/0,4657.04,6657.04,0,0.5684496015755485,0.6063362010768085,1,FP
UTA,29,Fold3_part1/29/0,5157.04,7157.04,0,0.547960674233305,0.577977922543981,1,FP
UTA,29,Fold3_part1/29/0,5657.04,7657.04,0,0.584008841101699,0.6276189294278803,1,FP
UTA,29,Fold3_part1/29/0,6157.04,8157.04,0,0.5776386698262335,0.6189348616725749,1,FP
UTA,29,Fold3_part1/29/0,6657.04,8657.04,0,0.563385827561343,0.5993598759469232,1,FP
UTA,29,Fold3_part1/29/0,7157.04,9157.04,0,0.546940827417746,0.5765579357907423,1,FP
UTA,29,Fold3_part1/29/0,7657.04,9657.04,0,0.5905211556964391,0.6364514902133072,1,FP
UTA,29,Fold3_part1/29/0,8157.04,10157.04,0,0.5836239033856084,0.627095383709308,1,FP
UTA,29,Fold3_part1/29/0,8657.04,10657.04,0,0.574025444308506,0.6139907181198195,1,FP
UTA,29,Fold3_part1/29/0,9157.04,11157.04,0,0.5380047299555678,0.5640863647248288,1,FP
UTA,29,Fold3_part1/29/0,9657.04,11657.04,0,0.571757538227347,0.6108808961672278,1,FP
UTA,29,Fold3_part1/29/0,10157.04,12157.04,0,0.6905829897410178,0.7644689999055249,1,FP
UTA,29,Fold3_part1/29/0,10657.04,12657.04,0,0.5052741424508587,0.5180623737580381,1,FP
UTA,29,Fold3_part1/29/0,11157.04,13157.04,0,0.6422277904742678,0.7046340514125208,1,FP
UTA,29,Fold3_part1/29/0,11657.04,13657.04,0,0.5063849306330869,0.5196305340108084,1,FP
UTA,29,Fold3_part1/29/0,12157.04,14157.04,0,0.5144298045626897,0.5309780810490656,1,FP
UTA,29,Fold3_part1/29/0,12657.04,14657.04,0,0.6787345734877973,0.7502145393666853,1,FP
UTA,29,Fold3_part1/29/0,13157.04,15157.04,0,0.5987744528305631,0.647575189644543,1,FP
UTA,29,Fold3_part1/29/0,13657.04,15657.04,0,0.5987744528305631,0.647575189644543,1,FP
UTA,29,Fold3_part1/29/0,14157.04,16157.04,0,0.5685141385482656,0.6064249641887886,1,FP
UTA,29,Fold3_part1/29/0,14657.04,16657.04,0,0.5271817063882437,0.5489187993373107,1,FP
UTA,29,Fold3_part1/29/0,15157.04,17157.04,0,0.5685947045556328,0.6065357680065935,1,FP
UTA,29,Fold3_part1/29/0,15657.04,17657.04,0,0.4053842428613628,0.3777633081045048,1,FP
UTA,29,Fold3_part1/29/0,16157.04,18157.04,0,0.49044460328150485,0.4971057333830318,1,FP
UTA,29,Fold3_part1/29/0,16657.04,18657.04,0,0.49044460328150485,0.4971057333830318,1,FP
UTA,29,Fold3_part1/29/0,17157.04,19157.04,0,0.47288219311960267,0.47227244622663633,1,FP
UTA,29,Fold3_part1/29/0,17657.04,19657.04,0,0.4597146533277977,0.45367786950039635,1,FP
UTA,29,Fold3_part1/29/0,18157.04,20157.04,0,0.4402259984720057,0.426255551457473,1,FP
UTA,29,Fold3_part1/29/0,18657.04,20657.04,0,0.42792065336796115,0.4090345552273514,1,FP
UTA,29,Fold3_part1/29/0,19157.04,21157.04,0,0.4718657187793404,0.4708358525253202,1,FP
UTA,29,Fold3_part1/29/0,19657.04,21657.04,0,0.5014262272431887,0.5126279764961081,1,FP
UTA,29,Fold3_part1/29/0,20157.04,22157.04,0,0.44474556892359474,0.43260092639640296,1,FP
UTA,29,Fold3_part1/29/0,22157.04,24157.04,0,0.42763181069256634,0.40863141817125287,1,FP
UTA,29,Fold3_part1/29/0,23657.04,25657.04,0,0.4862045041341051,0.49110964864376255,1,FP
UTA,29,Fold3_part1/29/0,74157.04000000001,76157.04000000001,0,0.410911886921349,0.38539621978898947,1,FP
UTA,29,Fold3_part1/29/0,77157.04000000001,79157.04000000001,0,0.5947984288081675,0.6422264446958085,1,FP
UTA,29,Fold3_part1/29/0,124157.04,126157.04,0,0.578940273402412,0.6207126893289869,1,FP
UTA,29,Fold3_part1/29/0,125157.04,127157.04,0,0.42407056430057966,0.40366551792702754,1,FP
UTA,29,Fold3_part1/29/0,126157.04,128157.04,0,0.6899058910212729,0.7636620072244444,1,FP
UTA,29,Fold3_part1/29/0,126657.04,128657.04,0,0.7561211635076703,0.8378010636945636,1,FP
UTA,29,Fold3_part1/29/0,127157.04,129157.04,0,0.8452393645727472,0.9199991593812281,1,FP
UTA,29,Fold3_part1/29/0,127657.04,129657.04,0,0.8586459540171756,0.9303881579122448,1,FP
UTA,29,Fold3_part1/29/0,128157.04,130157.04,0,0.734810666767232,0.815044340868316,1,FP
UTA,29,Fold3_part1/29/0,128657.04,130657.04,0,0.46867802417590443,0.46633170065939267,1,FP
UTA,29,Fold3_part1/29/0,129157.04,131157.04,0,0.5876967770722082,0.6326266253336851,1,FP
UTA,29,Fold3_part1/29/0,129657.04,131657.04,0,0.550633574604251,0.5816960601838269,1,FP
UTA,29,Fold3_part1/29/0,130157.04,132157.04,0,0.5799256536726423,0.6220574394563391,1,FP
UTA,29,Fold3_part1/29/0,130657.04,132657.04,0,0.7723580594982831,0.8543808442560168,1,FP
UTA,29,Fold3_part1/29/0,131157.04,133157.04,0,0.7842748001330224,0.8661144350915065,1,FP
UTA,29,Fold3_part1/29/0,131657.04,133657.04,0,0.82591724680819,0.9040743397606306,1,FP
UTA,29,Fold3_part1/29/0,132157.04,134157.04,0,0.839331761878283,0.9152480155636423,1,FP
UTA,29,Fold3_part1/29/0,132657.04,134657.04,0,0.6203445561369565,0.6762382249061663,1,FP
UTA,29,Fold3_part1/29/0,133157.04,135157.04,0,0.6456766937117585,0.7090402246616981,1,FP
UTA,29,Fold3_part1/29/0,133657.04,135657.04,0,0.8061650007147044,0.8866726403457948,1,FP
UTA,29,Fold3_part1/29/0,134157.04,136157.04,0,0.7925954250444511,0.8740828588326541,1,FP
UTA,29,Fold3_part1/29/0,134657.04,136657.04,0,0.7878209783872039,0.869533318307622,1,FP
UTA,29,Fold3_part1/29/0,135157.04,137157.04,0,0.4551601976770564,0.4472565188648617,1,FP
UTA,29,Fold3_part1/29/0,135657.04,137657.04,0,0.457029215788994,0.44989087045958065,1,FP
UTA,29,Fold3_part1/29/0,136157.04,138157.04,0,0.46456986528587474,0.4605297689629815,1,FP
UTA,29,Fold3_part1/29/0,136657.04,138657.04,0,0.48026165518446495,0.48270541456368077,1,FP
UTA,29,Fold3_part1/29/0,137157.04,139157.04,0,0.4931071476152926,0.5008704245369751,1,FP
UTA,29,Fold3_part1/29/0,139657.04,141657.04,0,0.4566773298680739,0.44939480605625326,1,FP
UTA,29,Fold3_part1/29/0,140157.04,142157.04,0,0.4317337838033154,0.41436146919294964,1,FP
UTA,29,Fold3_part1/29/0,140657.04,142657.04,0,0.40194923403110083,0.37303368113557495,1,FP
UTA,29,Fold3_part1/29/0,141157.04,143157.04,0,0.403474273433262,0.3751321610175772,1,FP
UTA,29,Fold3_part1/29/0,142657.04,144657.04,0,0.4179841160914964,0.39519886204461135,1,FP
UTA,29,Fold3_part1/29/0,143157.04,145157.04,0,0.42655133208726725,0.4071238779183017,1,FP
UTA,29,Fold3_part1/29/0,163657.04,165657.04,0,0.4028152061473866,0.37422500994934904,1,FP
UTA,29,Fold3_part1/29/0,164157.04,166157.04,0,0.605188134119577,0.6561620163979426,1,FP
UTA,29,Fold3_part1/29/0,164657.04,166657.04,0,0.4596247068881668,0.45355099257121745,1,FP
UTA,29,Fold3_part1/29/0,165157.04,167157.04,0,0.584548490748834,0.6283526262635247,1,FP
UTA,29,Fold3_part1/29/0,168157.04,170157.04,0,0.6118720226128982,0.6650540571133544,1,FP
UTA,29,Fold3_part1/29/0,176657.04,178657.04,0,0.6071465952880275,0.658773597451505,1,FP
UTA,29,Fold3_part1/29/0,177157.04,179157.04,0,0.8311146468374697,0.908466413872501,1,FP
UTA,29,Fold3_part1/29/0,177657.04,179657.04,0,0.7955074766911071,0.8768273367255195,1,FP
UTA,29,Fold3_part1/29/0,178157.04,180157.04,0,0.7280667839274191,0.8076162403972394,1,FP
UTA,29,Fold3_part1/29/0,178657.04,180657.04,0,0.7412287390810347,0.8220138076403161,1,FP
UTA,29,Fold3_part1/29/0,179157.04,181157.04,0,0.40693870343078276,0.37990712215317396,1,FP
UTA,29,Fold3_part1/29/0,191157.04,193157.04,0,0.4891497482307204,0.4952747079852244,1,FP
UTA,29,Fold3_part1/29/0,191657.04,193657.04,0,0.44198457687765164,0.4287233839007236,1,FP
UTA,29,Fold3_part1/29/0,192157.04,194157.04,0,0.49034864882482493,0.49697004959994073,1,FP
UTA,29,Fold3_part1/29/0,210657.04,212657.04,0,0.4681620023967103,0.4656027384631641,1,FP
UTA,29,Fold3_part1/29/0,211157.04,213157.04,0,0.6020889787466374,0.6520192462095179,1,FP
UTA,29,Fold3_part1/29/0,211657.04,213657.04,0,0.5601706382863044,0.5949187384011897,1,FP
UTA,29,Fold3_part1/29/0,214157.04,216157.04,0,0.4642633563275201,0.46009703461965795,1,FP
UTA,29,Fold3_part1/29/0,214657.04,216657.04,0,0.43694616478840453,0.4216571552931921,1,FP
UTA,29,Fold3_part1/29/0,215657.04,217657.04,0,0.4078757336271786,0.38120044153470545,1,FP
UTA,29,Fold3_part1/29/0,216157.04,218157.04,0,0.45881441064967093,0.45240810811578236,1,FP
UTA,29,Fold3_part1/29/0,217157.04,219157.04,0,0.4827852507308039,0.48627413036083617,1,FP
UTA,29,Fold3_part1/29/0,217657.04,219657.04,0,0.4699582946100729,0.46814049364240623,1,FP
UTA,29,Fold3_part1/29/0,218157.04,220157.04,0,0.4556146297165085,0.4478969279338909,1,FP
UTA,29,Fold3_part1/29/0,218657.04,220657.04,0,0.44647303238561914,0.4350287598934057,1,FP
UTA,29,Fold3_part1/29/0,219157.04,221157.04,0,0.4470101284776243,0.435783880073078,1,FP
UTA,29,Fold3_part1/29/0,219657.04,221657.04,0,0.4447240654075437,0.43257071309626394,1,FP
UTA,29,Fold3_part1/29/0,220157.04,222157.04,0,0.4470101284776243,0.435783880073078,1,FP
UTA,29,Fold3_part1/29/0,220657.04,222657.04,0,0.46103689276531873,0.4555432609590252,1,FP
UTA,29,Fold3_part1/29/0,221157.04,223157.04,0,0.4508049593091119,0.44112258358983486,1,FP
UTA,29,Fold3_part1/29/0,221657.04,223657.04,0,0.431987057979028,0.41471560796086665,1,FP
UTA,29,Fold3_part1/29/0,244157.04,246157.04,0,0.40621925412144266,0.378914637072299,1,FP
UTA,29,Fold3_part1/29/0,244657.04,246657.04,0,0.42478313236361137,0.4046584610151255,1,FP
UTA,29,Fold3_part1/29/0,245157.04,247157.04,0,0.4843577882088914,0.488498008876786,1,FP
UTA,29,Fold3_part1/29/0,245657.04,247657.04,0,0.4215614205788862,0.4001719034922217,1,FP
UTA,29,Fold3_part1/29/0,247657.04,249657.04,0,0.43031744678431155,0.41238180284427145,1,FP
UTA,29,Fold3_part1/29/0,248157.04,250157.04,0,0.4192806151212052,0.39700011919596817,1,FP
UTA,29,Fold3_part1/29/0,248657.04,250657.04,0,0.446318522651888,0.4348115530436568,1,FP
UTA,29,Fold3_part1/29/0,249157.04,251157.04,0,0.48731105310419653,0.49267452048519117,1,FP
UTA,29,Fold3_part1/29/0,249657.04,251657.04,0,0.48731105310419653,0.49267452048519117,1,FP
UTA,29,Fold3_part1/29/0,250157.04,252157.04,0,0.44924192067388097,0.4389229348710982,1,FP
UTA,29,Fold3_part1/29/0,252157.04,254157.04,0,0.5534231036613169,0.585570879604113,1,FP
UTA,29,Fold3_part1/29/0,252657.04,254657.04,0,0.5417353371211375,0.5692991396395796,1,FP
UTA,29,Fold3_part1/29/0,261157.04,263157.04000000004,0,0.44822031137350193,0.43748576579897946,1,FP
UTA,29,Fold3_part1/29/0,261657.04,263657.04000000004,0,0.4388186141334807,0.4242816785698571,1,FP
UTA,29,Fold3_part1/29/0,262157.04000000004,264157.04000000004,0,0.4326834022719875,0.4156894637383102,1,FP
UTA,29,Fold3_part1/29/0,262657.04000000004,264657.04000000004,0,0.4645021455532274,0.4604341592601394,1,FP
UTA,29,Fold3_part1/29/0,263657.04000000004,265657.04000000004,0,0.4259519624076837,0.40628793718719214,1,FP
UTA,29,Fold3_part1/29/0,264157.04000000004,266157.04000000004,0,0.4648356588610283,0.4609050382582513,1,FP
UTA,29,Fold3_part1/29/0,264657.04000000004,266657.04000000004,0,0.5805516104514646,0.6229111612728325,1,FP
UTA,29,Fold3_part1/29/0,267157.04000000004,269157.04000000004,0,0.41652167657336364,0.3931685842529278,1,FP
UTA,29,Fold3_part1/29/0,267657.04000000004,269657.04000000004,0,0.43017631558798364,0.41218460592811157,1,FP
UTA,29,Fold3_part1/29/0,268157.04000000004,270157.04000000004,0,0.4512678454987042,0.44177418211006875,1,FP
UTA,29,Fold3_part1/29/0,268657.04000000004,270657.04000000004,0,0.4608747853697808,0.45531453675229433,1,FP
UTA,29,Fold3_part1/29/0,269157.04000000004,271157.04000000004,0,0.45150752534922933,0.44211160834995616,1,FP
UTA,29,Fold3_part1/29/0,269657.04000000004,271657.04000000004,0,0.43220427654864507,0.4150193628487982,1,FP
UTA,29,Fold3_part1/29/0,270157.04000000004,272157.04000000004,0,0.4675029969938236,0.4646718632836838,1,FP
UTA,29,Fold3_part1/29/0,270657.04000000004,272657.04000000004,0,0.4494374060117175,0.4391979862398259,1,FP
UTA,29,Fold3_part1/29/0,271157.04000000004,273157.04000000004,0,0.4757954632731025,0.4763905440402328,1,FP
UTA,29,Fold3_part1/29/0,271657.04000000004,273657.04000000004,0,0.4833839519959183,0.48712080733656715,1,FP
UTA,29,Fold3_part1/29/0,272157.04000000004,274157.04000000004,0,0.4757954632731025,0.4763905440402328,1,FP
UTA,29,Fold3_part1/29/0,272657.04000000004,274657.04000000004,0,0.4415188770592825,0.4280697132412984,1,FP
UTA,29,Fold3_part1/29/0,273157.04000000004,275157.04000000004,0,0.4259631210025241,0.40630349789702436,1,FP
UTA,29,Fold3_part1/29/0,273657.04000000004,275657.04000000004,0,0.43017631558798364,0.41218460592811157,1,FP
UTA,29,Fold3_part1/29/0,274157.04000000004,276157.04000000004,0,0.43017631558798364,0.41218460592811157,1,FP
UTA,29,Fold3_part1/29/0,274657.04000000004,276657.04000000004,0,0.43017631558798364,0.41218460592811157,1,FP
UTA,29,Fold3_part1/29/0,275157.04000000004,277157.04000000004,0,0.43017631558798364,0.41218460592811157,1,FP
UTA,29,Fold3_part1/29/0,275657.04000000004,277657.04000000004,0,0.4297335517075285,0.41156603003120984,1,FP
UTA,29,Fold3_part1/29/0,276157.04000000004,278157.04000000004,0,0.43017631558798364,0.41218460592811157,1,FP
UTA,29,Fold3_part1/29/0,276657.04000000004,278657.04000000004,0,0.43924902380359904,0.42488522480106433,1,FP
UTA,29,Fold3_part1/29/0,277157.04000000004,279157.04000000004,0,0.45150752534922933,0.44211160834995616,1,FP
UTA,29,Fold3_part1/29/0,277657.04000000004,279657.04000000004,0,0.43017631558798364,0.41218460592811157,1,FP
UTA,29,Fold3_part1/29/0,278157.04000000004,280157.04000000004,0,0.4326834022719875,0.4156894637383102,1,FP
UTA,29,Fold3_part1/29/0,278657.04000000004,280657.04000000004,0,0.43017631558798364,0.41218460592811157,1,FP
UTA,29,Fold3_part1/29/0,279157.04000000004,281157.04000000004,0,0.4645021455532274,0.4604341592601394,1,FP
UTA,29,Fold3_part1/29/0,279657.04000000004,281657.04000000004,0,0.45442943584395123,0.4462268383006772,1,FP
UTA,29,Fold3_part1/29/0,280157.04000000004,282157.04000000004,0,0.4645021455532274,0.4604341592601394,1,FP
UTA,29,Fold3_part1/29/0,280657.04000000004,282657.04000000004,0,0.4448459909459479,0.43274202614051915,1,FP
UTA,29,Fold3_part1/29/0,281157.04000000004,283157.04000000004,0,0.4548833907584165,0.44686646238990557,1,FP
UTA,29,Fold3_part1/29/0,281657.04000000004,283657.04000000004,0,0.45442943584395123,0.4462268383006772,1,FP
UTA,29,Fold3_part1/29/0,282157.04000000004,284157.04000000004,0,0.45442943584395123,0.4462268383006772,1,FP
UTA,29,Fold3_part1/29/0,289157.04000000004,291157.04000000004,0,0.4335801394641817,0.4169439958889334,1,FP
UTA,29,Fold3_part1/29/0,289657.04000000004,291657.04000000004,0,0.49430535290631566,0.5025644210636672,1,FP
UTA,29,Fold3_part1/29/0,290157.04000000004,292157.04000000004,0,0.4026435230396159,0.37398876813261195,1,FP
UTA,29,Fold3_part1/29/0,290657.04000000004,292657.04000000004,0,0.4026435230396159,0.37398876813261195,1,FP
UTA,29,Fold3_part1/29/0,291657.04000000004,293657.04000000004,0,0.4498577455201506,0.43978946342653596,1,FP
UTA,29,Fold3_part1/29/0,292157.04000000004,294157.04000000004,0,0.4495045666197975,0.4392924859708792,1,FP
UTA,29,Fold3_part1/29/0,292657.04000000004,294657.04000000004,0,0.45376654677275013,0.4452929536103278,1,FP
UTA,29,Fold3_part1/29/0,293157.04000000004,295157.04000000004,0,0.45376654677275013,0.4452929536103278,1,FP
UTA,29,Fold3_part1/29/0,293657.04000000004,295657.04000000004,0,0.510421343187071,0.5253263374975891,1,FP
UTA,29,Fold3_part1/29/0,294157.04000000004,296157.04000000004,0,0.4531831974697564,0.4444712537175531,1,FP
UTA,29,Fold3_part1/29/0,294657.04000000004,296657.04000000004,0,0.510421343187071,0.5253263374975891,1,FP
UTA,29,Fold3_part1/29/0,295157.04000000004,297157.04000000004,0,0.49696712443439206,0.5063270058347517,1,FP
UTA,29,Fold3_part1/29/0,295657.04000000004,297657.04000000004,0,0.4605377342516714,0.454839000043157,1,FP
UTA,29,Fold3_part1/29/0,296157.04000000004,298157.04000000004,0,0.4495045666197975,0.4392924859708792,1,FP
UTA,29,Fold3_part1/29/0,296657.04000000004,298657.04000000004,0,0.43069837743727946,0.4129141231657496,1,FP
UTA,29,Fold3_part1/29/0,297157.04000000004,299157.04000000004,0,0.41607678409586374,0.39255127387240146,1,FP
UTA,29,Fold3_part1/29/0,297657.04000000004,299657.04000000004,0,0.4495045666197975,0.4392924859708792,1,FP
UTA,29,Fold3_part1/29/0,298157.04000000004,300157.04000000004,0,0.45376654677275013,0.4452929536103278,1,FP
UTA,29,Fold3_part1/29/0,298657.04000000004,300657.04000000004,0,0.45376654677275013,0.4452929536103278,1,FP
UTA,29,Fold3_part1/29/0,299157.04000000004,301157.04000000004,0,0.45376654677275013,0.4452929536103278,1,FP
UTA,29,Fold3_part1/29/0,299657.04000000004,301657.04000000004,0,0.43492292249489833,0.418823415650473,1,FP
UTA,29,Fold3_part1/29/0,300157.04000000004,302157.04000000004,0,0.43687702879980256,0.42156028666722223,1,FP
UTA,29,Fold3_part1/29/0,300657.04000000004,302657.04000000004,0,0.4321129123298101,0.4148915971868703,1,FP
UTA,29,Fold3_part1/29/0,301157.04000000004,303157.04000000004,0,0.4273737787761949,0.4082713293036654,1,FP
UTA,29,Fold3_part1/29/0,303657.04000000004,305657.04000000004,0,0.4737388215873034,0.47348323846603585,1,FP
UTA,29,Fold3_part1/29/0,307157.04000000004,309157.04000000004,0,0.4512345259181913,0.44172727584968674,1,FP
UTA,29,Fold3_part1/29/0,307657.04000000004,309657.04000000004,0,0.4238018223730427,0.4032911242008666,1,FP
UTA,29,Fold3_part1/29/0,308157.04000000004,310157.04000000004,0,0.4512345259181913,0.44172727584968674,1,FP
UTA,29,Fold3_part1/29/0,308657.04000000004,310657.04000000004,0,0.41315165334223847,0.38849638073384524,1,FP
UTA,29,Fold3_part1/29/0,309157.04000000004,311157.04000000004,0,0.4649016616591536,0.4609982289598544,1,FP
UTA,29,Fold3_part1/29/0,309657.04000000004,311657.04000000004,0,0.4913086085244475,0.49832744760434083,1,FP
UTA,29,Fold3_part1/29/0,310157.04000000004,312157.04000000004,0,0.4107218671559955,0.38513339555429404,1,FP
UTA,29,Fold3_part1/29/0,310657.04000000004,312657.04000000004,0,0.4932815203679353,0.5011169575983532,1,FP
UTA,29,Fold3_part1/29/0,311157.04000000004,313157.04000000004,0,0.5771702079739709,0.6182945799378653,1,FP
UTA,29,Fold3_part1/29/0,311657.04000000004,313657.04000000004,0,0.5713934552107721,0.6103811948545905,1,FP
UTA,29,Fold3_part1/29/0,312157.04000000004,314157.04000000004,0,0.6072605331319464,0.6589253780217936,1,FP
UTA,29,Fold3_part1/29/0,312657.04000000004,314657.04000000004,0,0.7405931365522712,0.821327990748827,1,FP
UTA,29,Fold3_part1/29/0,313157.04000000004,315157.04000000004,0,0.6039442344617626,0.6545007172164724,1,FP
UTA,29,Fold3_part1/29/0,313657.04000000004,315657.04000000004,0,0.4969027866923831,0.5062360707699599,1,FP
UTA,29,Fold3_part1/29/0,314157.04000000004,316157.04000000004,0,0.5177534261892349,0.5356602269537312,1,FP
UTA,29,Fold3_part1/29/0,314657.04000000004,316657.04000000004,0,0.509893621240077,0.5245819157085291,1,FP
UTA,29,Fold3_part1/29/0,315157.04000000004,317157.04000000004,0,0.4567404359338351,0.4494837657110729,1,FP
UTA,29,Fold3_part1/29/0,315657.04000000004,317657.04000000004,0,0.4301672558496174,0.41217194754277225,1,FP
UTA,29,Fold3_part1/29/0,319657.04000000004,321657.04000000004,0,0.4385102960821757,0.4238493959334907,1,FP
UTA,29,Fold3_part1/29/0,320657.04000000004,322657.04000000004,0,0.4887450754903178,0.4947024519810259,1,FP
UTA,29,Fold3_part1/29/0,321157.04000000004,323157.04000000004,0,0.6741728416003805,0.7446527703620495,1,FP
UTA,29,Fold3_part1/29/0,321657.04000000004,323657.04000000004,0,0.7118105357007322,0.7892816383718958,1,FP
UTA,29,Fold3_part1/29/0,322157.04000000004,324157.04000000004,0,0.7723063574587898,0.8543291248282091,1,FP
UTA,29,Fold3_part1/29/0,322657.04000000004,324657.04000000004,0,0.8019868440875232,0.8828503864608578,1,FP
UTA,29,Fold3_part1/29/0,323157.04000000004,325157.04000000004,0,0.7611392283577325,0.8429967407125949,1,FP
UTA,29,Fold3_part1/29/0,323657.04000000004,325657.04000000004,0,0.6545660433145286,0.7203044530027228,1,FP
UTA,29,Fold3_part1/29/0,327157.04000000004,329157.04000000004,0,0.4327454008169357,0.4157761842813842,1,FP
UTA,29,Fold3_part1/29/0,328157.04000000004,330157.04000000004,0,0.42653094788314205,0.40709544416794224,1,FP
UTA,29,Fold3_part1/29/0,328657.04000000004,330657.04000000004,0,0.5421655750680783,0.5698997555294324,1,FP
UTA,29,Fold3_part1/29/0,329157.04000000004,331157.04000000004,0,0.5240819323449097,0.5445639092407722,1,FP
UTA,29,Fold3_part1/29/0,329657.04000000004,331657.04000000004,0,0.758960592164367,0.8407487797237794,1,FP
UTA,29,Fold3_part1/29/0,330157.04000000004,332157.04000000004,0,0.6467882378595069,0.7104560727167579,1,FP
UTA,29,Fold3_part1/29/0,330657.04000000004,332657.04000000004,0,0.5708429845676677,0.6096254392074784,1,FP
UTA,29,Fold3_part1/29/0,331157.04000000004,333157.04000000004,0,0.5887855092257859,0.6341020891330539,1,FP
UTA,29,Fold3_part1/29/0,331657.04000000004,333657.04000000004,0,0.5887855092257859,0.6341020891330539,1,FP
UTA,29,Fold3_part1/29/0,332157.04000000004,334157.04000000004,0,0.5523988360429257,0.5841487853094244,1,FP
UTA,29,Fold3_part1/29/0,332657.04000000004,334657.04000000004,0,0.5274078118310109,0.5492362823406987,1,FP
UTA,29,Fold3_part1/29/0,333157.04000000004,335157.04000000004,0,0.5293648534182894,0.5519832076527985,1,FP
UTA,29,Fold3_part1/29/0,333657.04000000004,335657.04000000004,0,0.5856259470829294,0.6298165678146254,1,FP
UTA,29,Fold3_part1/29/0,334157.04000000004,336157.04000000004,0,0.719093521576498,0.7975695470354751,1,FP
UTA,29,Fold3_part1/29/0,334657.04000000004,336657.04000000004,0,0.7106549909622587,0.7879558391426373,1,FP
UTA,29,Fold3_part1/29/0,335157.04000000004,337157.04000000004,0,0.7106549909622587,0.7879558391426373,1,FP
UTA,29,Fold3_part1/29/0,335657.04000000004,337657.04000000004,0,0.6288861852573302,0.6874091723363108,1,FP
UTA,29,Fold3_part1/29/0,336157.04000000004,338157.04000000004,0,0.49575454689897425,0.5046130559175366,1,FP
UTA,29,Fold3_part1/29/0,336657.04000000004,338657.04000000004,0,0.4821726489154432,0.4854078045880465,1,FP
UTA,29,Fold3_part1/29/0,337157.04000000004,339157.04000000004,0,0.6164626239564718,0.6711263356497913,1,FP
UTA,29,Fold3_part1/29/0,337657.04000000004,339657.04000000004,0,0.8037439519421834,0.8844637437782095,1,FP
UTA,29,Fold3_part1/29/0,338157.04000000004,340157.04000000004,0,0.8381934991900263,0.9143205634722164,1,FP
UTA,29,Fold3_part1/29/0,338657.04000000004,340657.04000000004,0,0.8051021112599208,0.8857049041819877,1,FP
UTA,29,Fold3_part1/29/0,339157.04000000004,341157.04000000004,0,0.7970718572088414,0.8782921227635624,1,FP
UTA,29,Fold3_part1/29/0,339657.04000000004,341657.04000000004,0,0.7075465860379745,0.7843749425192497,1,FP
UTA,29,Fold3_part1/29/0,340157.04000000004,342157.04000000004,0,0.5662969593914048,0.6033733184830122,1,FP
UTA,29,Fold3_part1/29/0,340657.04000000004,342657.04000000004,0,0.5684512343397023,0.6063384468014604,1,FP
UTA,29,Fold3_part1/29/0,341157.04000000004,343157.04000000004,0,0.5781230341315435,0.619596644557468,1,FP
UTA,29,Fold3_part1/29/0,341657.04000000004,343657.04000000004,0,0.5834032724397124,0.6267952363234448,1,FP
UTA,29,Fold3_part1/29/0,342157.04000000004,344157.04000000004,0,0.5935337008500089,0.6405211021973517,1,FP
UTA,29,Fold3_part1/29/0,342657.04000000004,344657.04000000004,0,0.5781230341315435,0.619596644557468,1,FP
UTA,29,Fold3_part1/29/0,343157.04000000004,345157.04000000004,0,0.5849405016281127,0.628885398425567,1,FP
UTA,29,Fold3_part1/29/0,343657.04000000004,345657.04000000004,0,0.5447953838014675,0.5735683958770428,1,FP
UTA,29,Fold3_part1/29/0,344157.04000000004,346157.04000000004,0,0.5075673030919601,0.5212994261949838,1,FP
UTA,29,Fold3_part1/29/0,344657.04000000004,346657.04000000004,0,0.5268401946090058,0.5484392242448486,1,FP
UTA,29,Fold3_part1/29/0,345157.04000000004,347157.04000000004,0,0.49782032633255463,0.5075328685583286,1,FP
UTA,29,Fold3_part1/29/0,345657.04000000004,347657.04000000004,0,0.5293080666258516,0.5519035274926198,1,FP
UTA,29,Fold3_part1/29/0,346157.04000000004,348157.04000000004,0,0.5293080666258516,0.5519035274926198,1,FP
UTA,29,Fold3_part1/29/0,346657.04000000004,348657.04000000004,0,0.44984742520836496,0.43977494044220095,1,FP
UTA,29,Fold3_part1/29/0,347157.04000000004,349157.04000000004,0,0.44984742520836496,0.43977494044220095,1,FP
UTA,29,Fold3_part1/29/0,347657.04000000004,349657.04000000004,0,0.42839991302652203,0.4097035752991287,1,FP
UTA,29,Fold3_part1/29/0,348157.04000000004,350157.04000000004,0,0.41223677631327016,0.38722956142123915,1,FP
UTA,29,Fold3_part1/29/0,348657.04000000004,350657.04000000004,0,0.4189403412555339,0.39652724708382187,1,FP
UTA,29,Fold3_part1/29/0,349157.04000000004,351157.04000000004,0,0.41377728679541126,0.3893630780722903,1,FP
UTA,29,Fold3_part1/29/0,349657.04000000004,351657.04000000004,0,0.41379079663910895,0.38938179688746793,1,FP
UTA,29,Fold3_part1/29/0,350157.04000000004,352157.04000000004,0,0.42719673736321995,0.4080242893961808,1,FP
UTA,29,Fold3_part1/29/0,350657.04000000004,352657.04000000004,0,0.44649160868204135,0.4350548747997745,1,FP
UTA,29,Fold3_part1/29/0,359157.04000000004,361157.04,0,0.5273877955671135,0.5492081777438294,1,FP
UTA,29,Fold3_part1/29/0,359657.04000000004,361657.04,0,0.4926953336285105,0.5002881794517793,1,FP
UTA,29,Fold3_part1/29/0,360157.04000000004,362157.04,0,0.5137640608616789,0.5300397627638586,1,FP
UTA,29,Fold3_part1/29/0,360657.04,362657.04,0,0.6236689685066832,0.6805987564435579,1,FP
UTA,29,Fold3_part1/29/0,361157.04,363157.04,0,0.42472125493547536,0.404572222864558,1,FP
UTA,29,Fold3_part1/29/0,367157.04,369157.04,0,0.4343613595890039,0.4180373011516527,1,FP
UTA,29,Fold3_part1/29/0,367657.04,369657.04,0,0.42668089255758207,0.4073046071035263,1,FP
UTA,29,Fold3_part1/29/0,368157.04,370157.04,0,0.5056742973736222,0.5186273276255563,1,FP
UTA,29,Fold3_part1/29/0,368657.04,370657.04,0,0.5952503256514557,0.6428353166294838,1,FP
UTA,29,Fold3_part1/29/0,369157.04,371157.04,0,0.4343613595890039,0.4180373011516527,1,FP
UTA,29,Fold3_part1/29/0,369657.04,371657.04,0,0.42668089255758207,0.4073046071035263,1,FP
UTA,29,Fold3_part1/29/0,370157.04,372157.04,0,0.424867996387533,0.4047767396576016,1,FP
UTA,29,Fold3_part1/29/0,374657.04,376657.04,0,0.4361840421746306,0.42058946539654085,1,FP
UTA,29,Fold3_part1/29/0,375657.04,377657.04,0,0.5051224490945079,0.5178481977179221,1,FP
UTA,29,Fold3_part1/29/0,376157.04,378157.04,0,0.5303477292096976,0.5533620702453445,1,FP
UTA,29,Fold3_part1/29/0,376657.04,378657.04,0,0.5118335358469909,0.5273180255438797,1,FP
UTA,29,Fold3_part1/29/0,377157.04,379157.04,0,0.5460035018539006,0.575252215650537,1,FP
UTA,29,Fold3_part1/29/0,377657.04,379657.04,0,0.7331717299127689,0.8132489273311085,1,FP
UTA,29,Fold3_part1/29/0,378157.04,380157.04,0,0.7062822664079013,0.7829124259575656,1,FP
UTA,29,Fold3_part1/29/0,378657.04,380657.04,0,0.6217595584250439,0.678096202286509,1,FP
UTA,29,Fold3_part1/29/0,379157.04,381157.04,0,0.5895866455455981,0.6351869464362478,1,FP
UTA,29,Fold3_part1/29/0,379657.04,381657.04,0,0.4116113803434179,0.38636397686849716,1,FP
UTA,29,Fold3_part1/29/0,380157.04,382157.04,0,0.4210857867428455,0.3995101555505051,1,FP
UTA,29,Fold3_part1/29/0,380657.04,382657.04,0,0.4853445951983962,0.4898935604295327,1,FP
UTA,29,Fold3_part1/29/0,381157.04,383157.04,0,0.4750016631591784,0.475268356465884,1,FP
UTA,29,Fold3_part1/29/0,381657.04,383657.04,0,0.7804647164153627,0.8624036893199281,1,FP
UTA,29,Fold3_part1/29/0,382157.04,384157.04,0,0.785375282010711,0.8671790208240927,1,FP
UTA,29,Fold3_part1/29/0,382657.04,384657.04,0,0.8665164782973178,0.9362282072969094,1,FP
UTA,29,Fold3_part1/29/0,383157.04,385157.04,0,0.8218152320135425,0.9005523989682678,1,FP
UTA,29,Fold3_part1/29/0,383657.04,385657.04,0,0.7014810281119035,0.7773271828807972,1,FP
UTA,29,Fold3_part1/29/0,384157.04,386157.04,0,0.50187698379625,0.5132647328572648,1,FP
UTA,29,Fold3_part1/29/0,384657.04,386657.04,0,0.4082465847107086,0.38171251289056396,1,FP
UTA,29,Fold3_part1/29/0,388157.04,390157.04,0,0.45164669264413776,0.44230754094172936,1,FP
UTA,29,Fold3_part1/29/0,391657.04,393657.04,0,0.6004047191239099,0.6497627293817505,1,FP
UTA,29,Fold3_part1/29/0,392157.04,394157.04,0,0.7075240937167221,0.7843489545432436,1,FP
UTA,29,Fold3_part1/29/0,392657.04,394657.04,0,0.7917869867476204,0.8733168458477635,1,FP
UTA,29,Fold3_part1/29/0,393157.04,395157.04,0,0.6128393087356203,0.6663359552300684,1,FP
UTA,29,Fold3_part1/29/0,393657.04,395657.04,0,0.5558220946014263,0.58889850616387,1,FP
UTA,29,Fold3_part1/29/0,394157.04,396157.04,0,0.4549493220320194,0.44695936565577316,1,FP
UTA,29,Fold3_part1/29/0,397657.04,399657.04,0,0.43620851926733817,0.42062375143941394,1,FP
UTA,29,Fold3_part1/29/0,398657.04,400657.04,0,0.4570000325328638,0.4498497284285759,1,FP
UTA,29,Fold3_part1/29/0,413157.04,415157.04,0,0.4241982958235777,0.4038434825718254,1,FP
UTA,29,Fold3_part1/29/0,414157.04,416157.04,0,0.416477722324221,0.3931075887401114,1,FP
UTA,29,Fold3_part1/29/0,414657.04,416657.04,0,0.40153816217774846,0.37246840849625745,1,FP
UTA,29,Fold3_part1/29/0,420657.04,422657.04,0,0.4261256833428092,0.40653020119856403,1,FP
UTA,29,Fold3_part1/29/0,427157.04,429157.04,0,0.5923383396995854,0.6389075642289169,1,FP
UTA,29,Fold3_part1/29/0,427657.04,429657.04,0,0.440367991632461,0.42645475473149674,1,FP
UTA,29,Fold3_part1/29/0,428157.04,430157.04,0,0.5293966713405186,0.5520278521424824,1,FP
UTA,29,Fold3_part1/29/0,428657.04,430657.04,0,0.618809496303195,0.6742193521915801,1,FP
UTA,29,Fold3_part1/29/0,429157.04,431157.04,0,0.5239053321957704,0.5443156726899837,1,FP
UTA,29,Fold3_part1/29/0,429657.04,431657.04,0,0.5643948402764695,0.6007517980115785,1,FP
UTA,29,Fold3_part1/29/0,430657.04,432657.04,0,0.49766772717702706,0.5073172019136821,1,FP
UTA,29,Fold3_part1/29/0,431157.04,433157.04,0,0.6346289826634725,0.6948578737417221,1,FP
UTA,29,Fold3_part1/29/0,431657.04,433657.04,0,0.8623237392281503,0.9331412559495886,1,FP
UTA,29,Fold3_part1/29/0,432157.04,434157.04,0,0.8427811145131306,0.9180348701605442,1,FP
UTA,29,Fold3_part1/29/0,432657.04,434657.04,0,0.7866419350569439,0.8684003423831028,1,FP
UTA,29,Fold3_part1/29/0,433157.04,435157.04,0,0.5790329460272714,0.6208392024551992,1,FP
UTA,29,Fold3_part1/29/0,433657.04,435657.04,0,0.5417401961056086,0.5693059234790344,1,FP
UTA,29,Fold3_part1/29/0,434157.04,436157.04,0,0.4447510288728237,0.4326085978769796,1,FP
UTA,29,Fold3_part1/29/0,434657.04,436657.04,0,0.4447510288728237,0.4326085978769796,1,FP
UTA,29,Fold3_part1/29/0,435157.04,437157.04,0,0.4360962592185775,0.42046650701839655,1,FP
UTA,29,Fold3_part1/29/0,435657.04,437657.04,0,0.4360962592185775,0.42046650701839655,1,FP
UTA,29,Fold3_part1/29/0,436157.04,438157.04,0,0.4285947888448753,0.40997565324574864,1,FP
UTA,29,Fold3_part1/29/0,436657.04,438657.04,0,0.4964830685593368,0.5056428269590075,1,FP
UTA,29,Fold3_part1/29/0,437157.04,439157.04,0,0.4500946389956316,0.4401228370904923,1,FP
UTA,29,Fold3_part1/29/0,439157.04,441157.04,0,0.4206354122964694,0.3988837011628401,1,FP
UTA,29,Fold3_part1/29/0,441157.04,443157.04,0,0.40945071926482013,0.3833759975696412,1,FP
UTA,29,Fold3_part1/29/0,441657.04,443657.04,0,0.40211946396575493,0.3732678136634146,1,FP
UTA,29,Fold3_part1/29/0,446157.04,448157.04,0,0.4426906081312422,0.42971459205700185,1,FP
UTA,29,Fold3_part1/29/0,446657.04,448657.04,0,0.41316360020168375,0.38851292790251474,1,FP
UTA,29,Fold3_part1/29/0,447657.04,449657.04,0,0.46917487724002155,0.46703363049096586,1,FP
UTA,29,Fold3_part1/29/0,448657.04,450657.04,0,0.48193514739103577,0.48507193908338175,1,FP
UTA,29,Fold3_part1/29/0,449157.04,451157.04,0,0.4844421008930301,0.48861724454089256,1,FP
UTA,29,Fold3_part1/29/0,449657.04,451657.04,0,0.4871722087198152,0.49247816943503475,1,FP
UTA,29,Fold3_part1/29/0,450157.04,452157.04,0,0.4557298457015774,0.44805930719891757,1,FP
UTA,29,Fold3_part1/29/0,450657.04,452657.04,0,0.446141402780071,0.43456257414683835,1,FP
UTA,29,Fold3_part1/29/0,468657.04,470657.04,0,0.40242904059882434,0.3736936712494552,1,FP
UTA,29,Fold3_part1/29/0,469157.04,471157.04,0,0.4128362331977849,0.38805954535109105,1,FP
UTA,29,Fold3_part1/29/0,469657.04,471657.04,0,0.41395471665094363,0.38960893095567706,1,FP
UTA,29,Fold3_part1/29/0,472157.04,474157.04,0,0.4123153441116341,0.38733832653886924,1,FP
UTA,29,Fold3_part1/29/0,472657.04,474657.04,0,0.5259206934387904,0.5471477246881016,1,FP
UTA,29,Fold3_part1/29/0,473157.04,475157.04,0,0.44854896666013594,0.43794806130646374,1,FP
UTA,29,Fold3_part1/29/0,473657.04,475657.04,0,0.49206638043884643,0.4993989028243357,1,FP
UTA,29,Fold3_part1/29/0,474157.04,476157.04,0,0.5968448578044427,0.6449817881259166,1,FP
UTA,29,Fold3_part1/29/0,474657.04,476657.04,0,0.4111048423453213,0.3856631352434973,1,FP
UTA,29,Fold3_part1/29/0,475157.04,477157.04,0,0.4123153441116341,0.38733832653886924,1,FP
UTA,29,Fold3_part1/29/0,482157.04,484157.04,0,0.40352262575167336,0.37519872963257866,1,FP
UTA,29,Fold3_part1/29/0,482657.04,484657.04,0,0.4414768834985502,0.4280107750065805,1,FP
UTA,29,Fold3_part1/29/0,483157.04,485157.04,0,0.4344414193790665,0.41814936338613323,1,FP
UTA,29,Fold3_part1/29/0,483657.04,485657.04,0,0.4114961976846895,0.3862045924720488,1,FP
UTA,29,Fold3_part1/29/0,499157.04,501157.04,0,0.44021739971920837,0.42624348852991195,1,FP
UTA,29,Fold3_part1/29/0,499657.04,501657.04,0,0.49189786302837785,0.49916063063272154,1,FP
UTA,29,Fold3_part1/29/0,500157.04,502157.04,0,0.5319011319438162,0.5555403126786437,1,FP
UTA,29,Fold3_part1/29/0,500657.04,502657.04,0,0.5259186974051465,0.5471449207030836,1,FP
UTA,29,Fold3_part1/29/0,501157.04,503157.04,0,0.444340264074875,0.43203149241692046,1,FP
UTA,29,Fold3_part1/29/0,501657.04,503657.04,0,0.444340264074875,0.43203149241692046,1,FP
UTA,29,Fold3_part1/29/0,502157.04,504157.04,0,0.4503197361388429,0.44043963064202357,1,FP
UTA,29,Fold3_part1/29/0,503657.04,505657.04,0,0.4163271010385141,0.39289858220688406,1,FP
UTA,29,Fold3_part1/29/0,504157.04,506157.04,0,0.4268369838243151,0.40752235985095103,1,FP
UTA,29,Fold3_part1/29/0,504657.04,506657.04,0,0.40262794566376475,0.37396733447870967,1,FP
UTA,29,Fold3_part1/29/0,505157.04,507157.04,0,0.40553211177017195,0.37796714725026265,1,FP
UTA,29,Fold3_part1/29/0,509157.04,511157.04,0,0.446141402780071,0.43456257414683835,1,FP
UTA,29,Fold3_part1/29/0,519657.04,521657.04,0,0.426948979051365,0.40767860694651864,1,FP
UTA,29,Fold3_part1/29/0,520157.04,522157.04,0,0.4015977001818106,0.37255027054653356,1,FP
UTA,29,Fold3_part1/29/0,527157.04,529157.04,0,0.4093106679650013,0.38318245620499114,1,FP
UTA,29,Fold3_part1/29/0,527657.04,529657.04,0,0.479940551583269,0.48225134989211116,1,FP
UTA,29,Fold3_part1/29/0,528157.04,530157.04,0,0.46564174988495,0.46204324174733036,1,FP
UTA,29,Fold3_part1/29/0,533157.04,535157.04,0,0.5028410506396446,0.514626480079398,1,FP
UTA,29,Fold3_part1/29/0,533657.04,535657.04,0,0.5125792891292735,0.528369558558387,1,FP
UTA,29,Fold3_part1/29/0,534157.04,536157.04,0,0.5233403351415324,0.5435213980434892,1,FP
UTA,29,Fold3_part1/29/0,542157.04,544157.04,0,0.4102010413713052,0.38441317463147506,1,FP
UTA,29,Fold3_part1/29/0,542657.04,544657.04,0,0.4837727325477096,0.48767062027521885,1,FP
UTA,29,Fold3_part1/29/0,543157.04,545157.04,0,0.5335990384496032,0.557919733855494,1,FP
UTA,29,Fold3_part1/29/0,543657.04,545657.04,0,0.4017622342228668,0.3727765146154901,1,FP
UTA,29,Fold3_part1/29/0,546157.04,548157.04,0,0.5032759033732277,0.5152406501384096,1,FP
UTA,29,Fold3_part1/29/0,546657.04,548657.04,0,0.5873046538530144,0.6320948900262334,1,FP
UTA,29,Fold3_part1/29/0,547157.04,549157.04,0,0.4913691907520801,0.4984131097116453,1,FP
UTA,29,Fold3_part1/29/0,547657.04,549657.04,0,0.46464757491353337,0.4606394841458626,1,FP
UTA,29,Fold3_part1/29/0,550157.04,552157.04,0,0.4439220942949568,0.4314440630251202,1,FP
UTA,29,Fold3_part1/29/0,550657.04,552657.04,0,0.6497685919115596,0.7142420753049348,1,FP
UTA,29,Fold3_part1/29/0,551157.04,553157.04,0,0.6688007230956311,0.7380519900456066,1,FP
UTA,29,Fold3_part1/29/0,551657.04,553657.04,0,0.6755007649374426,0.7462759457759967,1,FP
UTA,29,Fold3_part1/29/0,552157.04,554157.04,0,0.5411577118184894,0.568492585808216,1,FP
UTA,29,Fold3_part1/29/0,557157.04,559157.04,0,0.43438380900566376,0.41806872394437605,1,FP
UTA,29,Fold3_part1/29/0,557657.04,559657.04,0,0.5142062195923294,0.5306629701853616,1,FP
UTA,29,Fold3_part1/29/0,558157.04,560157.04,0,0.4191623600284326,0.39683577260006225,1,FP
UTA,29,Fold3_part1/29/0,561157.04,563157.04,0,0.44941059134131756,0.4391602566067426,1,FP
UTA,29,Fold3_part1/29/0,561657.04,563657.04,0,0.425997920939225,0.4063520270952889,1,FP
UTA,29,Fold3_part1/29/0,562157.04,564157.04,0,0.4844421008930301,0.48861724454089256,1,FP
UTA,29,Fold3_part1/29/0,562657.04,564657.04,0,0.4794911806676545,0.4816159155286385,1,FP
UTA,29,Fold3_part1/29/0,563157.04,565157.04,0,0.40584402823444826,0.37839719196270255,1,FP
UTA,29,Fold3_part1/29/0,563657.04,565657.04,0,0.4385540684588938,0.42391076471288525,1,FP
UTA,29,Fold3_part1/29/0,564157.04,566157.04,0,0.5128493769512976,0.5287503475805306,1,FP
UTA,29,Fold3_part1/29/0,564657.04,566657.04,0,0.5863694429721358,0.6308260159377945,1,FP
UTA,29,Fold3_part1/29/0,565157.04,567157.04,0,0.504313478225783,0.5167059234273685,1,FP
UTA,29,Fold3_part1/29/0,565657.04,567657.04,0,0.6616882119060874,0.7292300437987286,1,FP
UTA,29,Fold3_part1/29/0,566157.04,568157.04,0,0.4311805352121036,0.41358802787679655,1,FP
UTA,29,Fold3_part1/29/0,571657.04,573657.04,0,0.445248805467223,0.43330805375621984,1,FP
UTA,29,Fold3_part1/29/0,572157.04,574157.04,0,0.5511571749967437,0.5824238111196258,1,FP
UTA,29,Fold3_part1/29/0,572657.04,574657.04,0,0.6048169694230013,0.6556665129572324,1,FP
UTA,29,Fold3_part1/29/0,573157.04,575157.04,0,0.6537452503255449,0.7192700698008607,1,FP
UTA,29,Fold3_part1/29/0,573657.04,575657.04,0,0.6602254320783657,0.7274042544273702,1,FP
UTA,29,Fold3_part1/29/0,574157.04,576157.04,0,0.6391149990576878,0.7006405347344341,1,FP
UTA,29,Fold3_part1/29/0,574657.04,576657.04,0,0.5802341985607467,0.6224783046057059,1,FP
UTA,29,Fold3_part1/29/0,575157.04,577157.04,0,0.628365927028618,0.6867318729780539,1,FP
UTA,29,Fold3_part1/29/0,575657.04,577657.04,0,0.5887428509201739,0.634044303124348,1,FP
UTA,29,Fold3_part1/29/0,576157.04,578157.04,0,0.5735021918915937,0.6132736596204511,1,FP
UTA,29,Fold3_part1/29/0,576657.04,578657.04,0,0.5432309991965257,0.5713865874005288,1,FP
UTA,29,Fold3_part1/29/0,577157.04,579157.04,0,0.5301267038283151,0.5530520392315569,1,FP
UTA,29,Fold3_part1/29/0,577657.04,579657.04,0,0.5336064862460007,0.5579301676755208,1,FP
UTA,29,Fold3_part1/29/0,578157.04,580157.04,0,0.5303773692754942,0.5534036443091842,1,FP
UTA,29,Fold3_part1/29/0,578657.04,580657.04,0,0.5336064862460007,0.5579301676755208,1,FP
UTA,29,Fold3_part1/29/0,579157.04,581157.04,0,0.49510340789925944,0.503692611047902,1,FP
UTA,29,Fold3_part1/29/0,579657.04,581657.04,0,0.6290745072186964,0.6876542385562442,1,FP
UTA,29,Fold3_part1/29/0,580157.04,582157.04,0,0.6570244390091392,0.7233955203302517,1,FP
UTA,29,Fold3_part1/29/0,580657.04,582657.04,0,0.6426332294214173,0.7051530412343449,1,FP
UTA,29,Fold3_part1/29/0,581157.04,583157.04,0,0.6330292777258493,0.6927881030341522,1,FP
UTA,29,Fold3_part1/29/0,581657.04,583657.04,0,0.5324648932251199,0.5563305298740102,1,FP
UTA,29,Fold3_part1/29/0,584657.04,586657.04,0,0.4036415939218772,0.37536252707917717,1,FP
UTA,29,Fold3_part1/29/0,585157.04,587157.04,0,0.41745685535724303,0.3944666877349547,1,FP
UTA,29,Fold3_part1/29/0,585657.04,587657.04,0,0.43197083268028424,0.41469291990171875,1,FP
UTA,29,Fold3_part1/29/0,586157.04,588157.04,0,0.40661664518497453,0.37946278430665686,1,FP
UTA,29,Fold3_part1/29/0,587657.04,589657.04,0,0.4014910595006746,0.3724036468067359,1,FP
UTA,29,Fold3_part1/29/0,593157.04,595157.04,0,0.4066028160240855,0.3794437065098828,1,FP
UTA,29,Fold3_part1/29/0,598157.04,600157.04,0,0.4519865587509541,0.44278606655233954,1,FP
UTA,29,Fold3_part1/29/0,598657.04,600657.04,0,0.47045598928607235,0.46884372370973243,1,FP
UTA,29,Fold3_part1/29/0,599157.04,601157.04,0,0.4550692506097432,0.447128359908392,1,FP
UTA,29,Fold3_part1/29/0,599657.04,601657.04,0,0.47045598928607235,0.46884372370973243,1,FP
UTA,29,Fold3_part1/29/0,600157.04,602157.04,0,0.43962023576059184,0.4254058374522236,1,FP
UTA,29,Fold3_part1/29/0,600657.04,602657.04,0,0.4248011715565199,0.4046836026053787,1,FP
UTA,29,Fold3_part1/29/0,602657.04,604657.04,0,0.49510340789925944,0.503692611047902,1,FP
UTA,29,Fold3_part1/29/0,603157.04,605157.04,0,0.45399597049319074,0.4456161506108056,1,FP
UTA,29,Fold3_part1/29/0,603657.04,605657.04,0,0.49510340789925944,0.503692611047902,1,FP
UTA,29,Fold3_part1/29/0,604157.04,606157.04,0,0.44363657047567123,0.4310430163887624,1,FP
UTA,29,Fold3_part1/29/0,604657.04,606657.04,0,0.44116658461554353,0.4275752954719214,1,FP
UTA,29,Fold3_part1/29/0,605157.04,607157.04,0,0.4202336848154878,0.39832503708427236,1,FP
UTA,29,Fold3_part1/29/0,605657.04,607657.04,0,0.45399597049319074,0.4456161506108056,1,FP
UTA,29,Fold3_part1/29/0,606157.04,608157.04,0,0.45399597049319074,0.4456161506108056,1,FP
UTA,29,Fold3_part1/29/0,606657.04,608657.04,0,0.40584402823444826,0.37839719196270255,1,FP
UTA,29,Fold3_part1/29/0,607157.04,609157.04,0,0.4385540684588938,0.42391076471288525,1,FP
UTA,29,Fold3_part1/29/0,608657.04,610657.04,0,0.45399597049319074,0.4456161506108056,1,FP
UTA,29,Fold3_part1/29/0,609157.04,611157.04,0,0.45399597049319074,0.4456161506108056,1,FP
UTA,29,Fold3_part1/29/0,609657.04,611657.04,0,0.5128493769512976,0.5287503475805306,1,FP
UTA,29,Fold3_part1/29/0,610157.04,612157.04,0,0.5000606609319906,0.5106986980966784,1,FP
UTA,29,Fold3_part1/29/0,610657.04,612657.04,0,0.4823190808169729,0.4856148838422023,1,FP
UTA,29,Fold3_part1/29/0,611157.04,613157.04,0,0.4978913476472861,0.5076332410224557,1,FP
UTA,29,Fold3_part1/29/0,611657.04,613657.04,0,0.4371972647585499,0.4220090012361083,1,FP
UTA,29,Fold3_part1/29/0,612657.04,614657.04,0,0.4726570299727464,0.47195420820254086,1,FP
UTA,29,Fold3_part1/29/0,613657.04,615657.04,0,0.43181933579648085,0.41448108733534345,1,FP
UTA,29,Fold3_part1/29/0,614157.04,616157.04,0,0.4115410469556825,0.38626665150042305,1,FP
UTA,29,Fold3_part1/29/0,617157.04,619157.04,0,0.4519865587509541,0.44278606655233954,1,FP
UTA,29,Fold3_part1/29/0,617657.04,619657.04,0,0.472200702472798,0.4713092720796951,1,FP
UTA,29,Fold3_part1/29/0,618157.04,620157.04,0,0.4547370380790173,0.4466602432206361,1,FP
UTA,29,Fold3_part1/29/0,618657.04,620657.04,0,0.5000606609319906,0.5106986980966784,1,FP
UTA,29,Fold3_part1/29/0,619157.04,621157.04,0,0.593585241560427,0.6405906359007876,1,FP
UTA,29,Fold3_part1/29/0,619657.04,621657.04,0,0.5780536955320086,0.6195019224403856,1,FP
UTA,29,Fold3_part1/29/0,620157.04,622157.04,0,0.6492600077551026,0.7135970764376154,1,FP
UTA,29,Fold3_part1/29/0,620657.04,622657.04,0,0.593585241560427,0.6405906359007876,1,FP
UTA,29,Fold3_part1/29/0,621157.04,623157.04,0,0.5092523196509319,0.5236771697443114,1,FP
UTA,29,Fold3_part1/29/0,621657.04,623657.04,0,0.49510340789925944,0.503692611047902,1,FP
UTA,29,Fold3_part1/29/0,622157.04,624157.04,0,0.49510340789925944,0.503692611047902,1,FP
UTA,29,Fold3_part1/29/0,622657.04,624657.04,0,0.45399597049319074,0.4456161506108056,1,FP
UTA,29,Fold3_part1/29/0,623157.04,625157.04,0,0.45399597049319074,0.4456161506108056,1,FP
UTA,29,Fold3_part1/29/0,623657.04,625657.04,0,0.42099781471231085,0.39938777815421134,1,FP
UTA,29,Fold3_part1/29/0,624157.04,626157.04,0,0.45399597049319074,0.4456161506108056,1,FP
UTA,29,Fold3_part1/29/0,624657.04,626657.04,0,0.45399597049319074,0.4456161506108056,1,FP
UTA,29,Fold3_part1/29/0,625157.04,627157.04,0,0.49868880162207296,0.5087602092717798,1,FP
UTA,29,Fold3_part1/29/0,625657.04,627657.04,0,0.49510340789925944,0.503692611047902,1,FP
UTA,29,Fold3_part1/29/0,626157.04,628157.04,0,0.6357198717813031,0.6962670137324916,1,FP
UTA,29,Fold3_part1/29/0,626657.04,628657.04,0,0.5124110118749322,0.5281322978447017,1,FP
UTA,29,Fold3_part1/29/0,627157.04,629157.04,0,0.6107081040540785,0.6635098903007058,1,FP
UTA,29,Fold3_part1/29/0,627657.04,629657.04,0,0.5313902369809842,0.5548240534141442,1,FP
UTA,29,Fold3_part1/29/0,628157.04,630157.04,0,0.43838313515274885,0.423671122295706,1,FP
UTA,29,Fold3_part1/29/0,629157.04,631157.04,0,0.4315834684495152,0.41415131008572403,1,FP
UTA,29,Fold3_part1/29/0,629657.04,631657.04,0,0.46562061991477466,0.462013404309496,1,FP
UTA,29,Fold3_part1/29/0,630157.04,632157.04,0,0.4968353734077842,0.5061407881303396,1,FP
UTA,29,Fold3_part1/29/0,630657.04,632657.04,0,0.4512246857481406,0.4417134232480497,1,FP
UTA,29,Fold3_part1/29/10,179500.19,181500.19,1,0.3195424409842724,0.2638553567084952,0,FN
UTA,29,Fold3_part1/29/10,180000.19,182000.19,1,0.34172184745017326,0.292282903349164,0,FN
UTA,29,Fold3_part1/29/10,180500.19,182500.19,1,0.33660152972982027,0.2856479022919738,0,FN
UTA,29,Fold3_part1/29/10,181000.19,183000.19,1,0.3989246816024238,0.36887829402581923,0,FN
UTA,29,Fold3_part1/29/10,181500.19,183500.19,1,0.35428442659123166,0.30873268333671783,0,FN
UTA,29,Fold3_part1/29/10,246000.19,248000.19,1,0.3750361511341932,0.33639250452950176,0,FN
UTA,29,Fold3_part1/29/10,246500.19,248500.19,1,0.3683417309100985,0.32740758509422846,0,FN
UTA,29,Fold3_part1/29/10,247000.19,249000.19,1,0.3683417309100985,0.32740758509422846,0,FN
UTA,29,Fold3_part1/29/10,247500.19,249500.19,1,0.38702255372081357,0.35261468889624975,0,FN
UTA,30,Fold3_part1/30/0,10168.33,12168.33,0,0.44253957024385837,0.42950252744719514,1,FP
UTA,30,Fold3_part1/30/0,10668.33,12668.33,0,0.452828047071957,0.44397105234799306,1,FP
UTA,30,Fold3_part1/30/0,11168.33,13168.33,0,0.45226072659552563,0.4431721216140834,1,FP
UTA,30,Fold3_part1/30/0,11668.33,13668.33,0,0.4447779774579072,0.43264646208116764,1,FP
UTA,30,Fold3_part1/30/0,12668.33,14668.33,0,0.4127183627490396,0.38789632353832953,1,FP
UTA,30,Fold3_part1/30/0,13168.33,15168.33,0,0.4480840253298408,0.4372940752881803,1,FP
UTA,30,Fold3_part1/30/0,13668.33,15668.33,0,0.41133181826732806,0.38597715089581713,1,FP
UTA,30,Fold3_part1/30/0,20668.33,22668.33,0,0.4249723168299933,0.4049221422421365,1,FP
UTA,30,Fold3_part1/30/0,21668.33,23668.33,0,0.40778821945686183,0.38107961928875683,1,FP
UTA,30,Fold3_part1/30/0,27168.33,29168.33,0,0.5162545352039327,0.5335491462340123,1,FP
UTA,30,Fold3_part1/30/0,27668.33,29668.33,0,0.4977536002887277,0.5074385658154129,1,FP
UTA,30,Fold3_part1/30/0,28168.33,30168.33,0,0.47767032920062114,0.47904127376597316,1,FP
UTA,30,Fold3_part1/30/0,28668.33,30668.33,0,0.4921279299177462,0.4994859290493406,1,FP
UTA,30,Fold3_part1/30/0,36668.33,38668.33,0,0.4912701670705248,0.49827309198976,1,FP
UTA,30,Fold3_part1/30/0,37668.33,39668.33,0,0.4912701670705248,0.49827309198976,1,FP
UTA,30,Fold3_part1/30/0,40168.33,42168.33,0,0.4119200058365477,0.38679109239103454,1,FP
UTA,30,Fold3_part1/30/0,40668.33,42668.33,0,0.4119200058365477,0.38679109239103454,1,FP
UTA,30,Fold3_part1/30/0,41168.33,43168.33,0,0.418486248514651,0.39589633738774305,1,FP
UTA,30,Fold3_part1/30/0,41668.33,43668.33,0,0.4196291506835191,0.39748456133256604,1,FP
UTA,30,Fold3_part1/30/0,44668.33,46668.33,0,0.5247749022840403,0.5455378440354062,1,FP
UTA,30,Fold3_part1/30/0,45168.33,47168.33,0,0.48483939411240967,0.48917910021488187,1,FP
UTA,30,Fold3_part1/30/0,45668.33,47668.33,0,0.508491240562409,0.5226032964347105,1,FP
UTA,30,Fold3_part1/30/0,46168.33,48168.33,0,0.46302964928480406,0.45835549316380797,1,FP
UTA,30,Fold3_part1/30/0,46668.33,48668.33,0,0.442130039602472,0.42892758155650934,1,FP
UTA,30,Fold3_part1/30/0,47168.33,49168.33,0,0.442130039602472,0.42892758155650934,1,FP
UTA,30,Fold3_part1/30/0,47668.33,49668.33,0,0.417060037328124,0.3939157905449997,1,FP
UTA,30,Fold3_part1/30/0,55168.33,57168.33,0,0.4646448350050959,0.46063561575265655,1,FP
UTA,30,Fold3_part1/30/0,56168.33,58168.33,0,0.5036075416986889,0.515709017766047,1,FP
UTA,30,Fold3_part1/30/0,63668.33,65668.33,0,0.4472395524744597,0.4361064723366929,1,FP
UTA,30,Fold3_part1/30/0,64168.33,66168.33,0,0.5254877315389,0.5465394664821279,1,FP
UTA,30,Fold3_part1/30/0,64668.33,66668.33,0,0.4472395524744597,0.4361064723366929,1,FP
UTA,30,Fold3_part1/30/0,65168.33,67168.33,0,0.5027270320802819,0.5144654381027071,1,FP
UTA,30,Fold3_part1/30/0,67668.33,69668.33,0,0.4648153442706375,0.460876355872168,1,FP
UTA,30,Fold3_part1/30/0,68168.33,70168.33,0,0.40938828890283346,0.3832897209984653,1,FP
UTA,30,Fold3_part1/30/0,68668.33,70668.33,0,0.4588506597720188,0.4524592316725592,1,FP
UTA,30,Fold3_part1/30/0,69668.33,71668.33,0,0.4070943636085042,0.3801219162725934,1,FP
UTA,30,Fold3_part1/30/0,70668.33,72668.33,0,0.4323516356228629,0.4152254433911479,1,FP
UTA,30,Fold3_part1/30/0,71668.33,73668.33,0,0.42205476276343634,0.4008584599587321,1,FP
UTA,30,Fold3_part1/30/0,72168.33,74168.33,0,0.4039448263460662,0.37578008116920464,1,FP
UTA,30,Fold3_part1/30/0,73168.33,75168.33,0,0.4039448263460662,0.37578008116920464,1,FP
UTA,30,Fold3_part1/30/0,73668.33,75668.33,0,0.4039448263460662,0.37578008116920464,1,FP
UTA,30,Fold3_part1/30/0,75168.33,77168.33,0,0.5145702469151142,0.5311760058880567,1,FP
UTA,30,Fold3_part1/30/0,75668.33,77668.33,0,0.4919965704050258,0.49930019644323037,1,FP
UTA,30,Fold3_part1/30/0,76168.33,78168.33,0,0.4888370829003314,0.49483256218265936,1,FP
UTA,30,Fold3_part1/30/0,76668.33,78668.33,0,0.4598920002371162,0.45392803883145566,1,FP
UTA,30,Fold3_part1/30/0,78668.33,80668.33,0,0.41245156720324583,0.3875269185657191,1,FP
UTA,30,Fold3_part1/30/0,79168.33,81168.33,0,0.41245156720324583,0.3875269185657191,1,FP
UTA,30,Fold3_part1/30/0,79668.33,81668.33,0,0.41245156720324583,0.3875269185657191,1,FP
UTA,30,Fold3_part1/30/0,88168.33,90168.33,0,0.5035671195589313,0.5156519314379734,1,FP
UTA,30,Fold3_part1/30/0,88668.33,90668.33,0,0.4500950343408252,0.44012339346746504,1,FP
UTA,30,Fold3_part1/30/0,89168.33,91168.33,0,0.5292486072851755,0.551820095641916,1,FP
UTA,30,Fold3_part1/30/0,89668.33,91668.33,0,0.6041857731017102,0.654823461295212,1,FP
UTA,30,Fold3_part1/30/0,90168.33,92168.33,0,0.5012230564239685,0.5123409570472093,1,FP
UTA,30,Fold3_part1/30/0,90668.33,92668.33,0,0.5012230564239685,0.5123409570472093,1,FP
UTA,30,Fold3_part1/30/0,91168.33,93168.33,0,0.5012230564239685,0.5123409570472093,1,FP
UTA,30,Fold3_part1/30/0,91668.33,93668.33,0,0.5012230564239685,0.5123409570472093,1,FP
UTA,30,Fold3_part1/30/0,92168.33,94168.33,0,0.5337369239055371,0.5581128964392202,1,FP
UTA,30,Fold3_part1/30/0,92668.33,94668.33,0,0.5172179402276038,0.5349061263478228,1,FP
UTA,30,Fold3_part1/30/0,93168.33,95168.33,0,0.4560241156948246,0.4484740555532089,1,FP
UTA,30,Fold3_part1/30/0,93668.33,95668.33,0,0.4514927392617167,0.4420907915590137,1,FP
UTA,30,Fold3_part1/30/0,96168.33,98168.33,0,0.43946694158454624,0.4251908387712158,1,FP
UTA,30,Fold3_part1/30/0,96668.33,98668.33,0,0.4818802066511267,0.4849942442767665,1,FP
UTA,30,Fold3_part1/30/0,99168.33,101168.33,0,0.4378991914173001,0.4229927340890202,1,FP
UTA,30,Fold3_part1/30/0,103168.33,105168.33,0,0.40204053784614807,0.37315925612432754,1,FP
UTA,30,Fold3_part1/30/0,104168.33,106168.33,0,0.41702664832395947,0.39386944252154354,1,FP
UTA,30,Fold3_part1/30/0,104668.33,106668.33,0,0.4669873794657226,0.4639435897888314,1,FP
UTA,30,Fold3_part1/30/0,105168.33,107168.33,0,0.4883416180604943,0.4941319076216988,1,FP
UTA,30,Fold3_part1/30/0,105668.33,107668.33,0,0.499527614536367,0.5099455199485471,1,FP
UTA,30,Fold3_part1/30/0,106168.33,108168.33,0,0.4992397215056557,0.5095387164387866,1,FP
UTA,30,Fold3_part1/30/0,106668.33,108668.33,0,0.5338391197561686,0.5582560550686297,1,FP
UTA,30,Fold3_part1/30/0,107168.33,109168.33,0,0.4315645373687233,0.41412484310308206,1,FP
UTA,30,Fold3_part1/30/0,107668.33,109668.33,0,0.5102317739478959,0.5250589340439438,1,FP
UTA,30,Fold3_part1/30/0,108168.33,110168.33,0,0.44075444302608685,0.42699696174371204,1,FP
UTA,30,Fold3_part1/30/0,109168.33,111168.33,0,0.4125569910334625,0.38767288141376266,1,FP
UTA,30,Fold3_part1/30/0,111168.33,113168.33,0,0.4300148187508864,0.4119589680567097,1,FP
UTA,30,Fold3_part1/30/0,111668.33,113668.33,0,0.4047967107144383,0.37695358117273675,1,FP
UTA,30,Fold3_part1/30/0,112168.33,114168.33,0,0.4300148187508864,0.4119589680567097,1,FP
UTA,30,Fold3_part1/30/0,112668.33,114668.33,0,0.4039320285273724,0.37576245675137215,1,FP
UTA,30,Fold3_part1/30/0,113168.33,115168.33,0,0.429135106765654,0.4107301500883866,1,FP
UTA,30,Fold3_part1/30/0,113668.33,115668.33,0,0.4039320285273724,0.37576245675137215,1,FP
UTA,30,Fold3_part1/30/0,114168.33,116168.33,0,0.4039320285273724,0.37576245675137215,1,FP
UTA,30,Fold3_part1/30/0,114668.33,116668.33,0,0.4047967107144383,0.37695358117273675,1,FP
UTA,30,Fold3_part1/30/0,115168.33,117168.33,0,0.4061408572554817,0.37880651567928075,1,FP
UTA,30,Fold3_part1/30/0,115668.33,117668.33,0,0.4306988359099423,0.4129147638986117,1,FP
UTA,30,Fold3_part1/30/0,116168.33,118168.33,0,0.41586244443977133,0.39225392174536855,1,FP
UTA,30,Fold3_part1/30/0,116668.33,118668.33,0,0.43836814746125063,0.4236501108186544,1,FP
UTA,30,Fold3_part1/30/0,117168.33,119168.33,0,0.41301513012589663,0.38830729549825016,1,FP
UTA,30,Fold3_part1/30/0,118168.33,120168.33,0,0.4148939791650704,0.39091082316454,1,FP
UTA,30,Fold3_part1/30/0,118668.33,120668.33,0,0.500776990115518,0.5117107726863335,1,FP
UTA,30,Fold3_part1/30/0,119168.33,121168.33,0,0.4261390579583668,0.40654885371477517,1,FP
UTA,30,Fold3_part1/30/0,119668.33,121668.33,0,0.47354176451429925,0.47320470174997986,1,FP
UTA,30,Fold3_part1/30/0,120168.33,122168.33,0,0.4502972001734808,0.4404079134442046,1,FP
UTA,30,Fold3_part1/30/0,120668.33,122668.33,0,0.44632404023750993,0.43481930938111146,1,FP
UTA,30,Fold3_part1/30/0,121168.33,123168.33,0,0.414367567856516,0.3901810890577791,1,FP
UTA,30,Fold3_part1/30/0,124168.33,126168.33,0,0.4047967107144383,0.37695358117273675,1,FP
UTA,30,Fold3_part1/30/0,125168.33,127168.33,0,0.4247120321902601,0.40455936941022086,1,FP
UTA,30,Fold3_part1/30/0,125668.33,127668.33,0,0.5020797499322601,0.5135511556698356,1,FP
UTA,30,Fold3_part1/30/0,126168.33,128168.33,0,0.4103059270697744,0.38455819691535803,1,FP
UTA,30,Fold3_part1/30/0,126668.33,128668.33,0,0.49038466032510236,0.49702097149668867,1,FP
UTA,30,Fold3_part1/30/0,127168.33,129168.33,0,0.46796324001022366,0.46532196866986886,1,FP
UTA,30,Fold3_part1/30/0,128668.33,130668.33,0,0.4917857061488699,0.4990020471752794,1,FP
UTA,30,Fold3_part1/30/0,129168.33,131168.33000000002,0,0.47614926789390544,0.4768907356641325,1,FP
UTA,30,Fold3_part1/30/0,129668.33,131668.33000000002,0,0.46384872285989165,0.4595116834726546,1,FP
UTA,30,Fold3_part1/30/0,130168.33,132168.33000000002,0,0.4697470791162584,0.4678420641122762,1,FP
UTA,30,Fold3_part1/30/0,133168.33000000002,135168.33000000002,0,0.48828074115188286,0.4940458187342223,1,FP
UTA,30,Fold3_part1/30/0,133668.33000000002,135668.33000000002,0,0.5064263541957181,0.51968900824999,1,FP
UTA,30,Fold3_part1/30/0,134168.33000000002,136168.33000000002,0,0.4778559299646099,0.4793036975429537,1,FP
UTA,30,Fold3_part1/30/0,134668.33000000002,136668.33000000002,0,0.49598963451460326,0.5049453613654095,1,FP
UTA,30,Fold3_part1/30/0,135168.33000000002,137168.33000000002,0,0.4169380120340754,0.39374640864689336,1,FP
UTA,30,Fold3_part1/30/0,135668.33000000002,137668.33000000002,0,0.4169380120340754,0.39374640864689336,1,FP
UTA,30,Fold3_part1/30/0,142168.33000000002,144168.33000000002,0,0.44353608620863877,0.43090188529036927,1,FP
UTA,30,Fold3_part1/30/0,142668.33000000002,144668.33000000002,0,0.41499402235741345,0.3910495321442009,1,FP
UTA,30,Fold3_part1/30/0,143168.33000000002,145168.33000000002,0,0.4585846830738552,0.4520841233959396,1,FP
UTA,30,Fold3_part1/30/0,143668.33000000002,145668.33000000002,0,0.43988804037656876,0.4257814686228455,1,FP
UTA,30,Fold3_part1/30/0,144668.33000000002,146668.33000000002,0,0.4942481900740287,0.5024836087811336,1,FP
UTA,30,Fold3_part1/30/0,145168.33000000002,147168.33000000002,0,0.4820634035890605,0.48525331382544723,1,FP
UTA,30,Fold3_part1/30/0,145668.33000000002,147668.33000000002,0,0.5187635164857065,0.5370824024436495,1,FP
UTA,30,Fold3_part1/30/0,146168.33000000002,148168.33000000002,0,0.4922584575243109,0.4996704840201466,1,FP
UTA,30,Fold3_part1/30/0,146668.33000000002,148668.33000000002,0,0.43287518640722217,0.4159577293837747,1,FP
UTA,30,Fold3_part1/30/0,147168.33000000002,149168.33000000002,0,0.5048744283771559,0.5174980057146934,1,FP
UTA,30,Fold3_part1/30/0,147668.33000000002,149668.33000000002,0,0.4158152170470814,0.3921884082701116,1,FP
UTA,30,Fold3_part1/30/0,148668.33000000002,150668.33000000002,0,0.4739961754188878,0.47384701101997634,1,FP
UTA,30,Fold3_part1/30/0,149168.33000000002,151168.33000000002,0,0.46120923085111937,0.45578642789537716,1,FP
UTA,30,Fold3_part1/30/0,149668.33000000002,151668.33000000002,0,0.46558223459753445,0.4619592010042469,1,FP
UTA,30,Fold3_part1/30/0,150168.33000000002,152168.33000000002,0,0.4786057921572061,0.4803639667610405,1,FP
UTA,30,Fold3_part1/30/0,150668.33000000002,152668.33000000002,0,0.4925295148402192,0.5000537315781772,1,FP
UTA,30,Fold3_part1/30/0,151168.33000000002,153168.33000000002,0,0.5142132440796662,0.5306728704408691,1,FP
UTA,30,Fold3_part1/30/0,151668.33000000002,153668.33000000002,0,0.43262406866621456,0.4156064729097318,1,FP
UTA,30,Fold3_part1/30/0,152168.33000000002,154168.33000000002,0,0.5182079559544628,0.5363002378130304,1,FP
UTA,30,Fold3_part1/30/0,152668.33000000002,154668.33000000002,0,0.5212996915475624,0.5406515251473714,1,FP
UTA,30,Fold3_part1/30/0,153168.33000000002,155168.33000000002,0,0.46265971951270496,0.4578333609019563,1,FP
UTA,30,Fold3_part1/30/0,153668.33000000002,155668.33000000002,0,0.45400036950060524,0.44562234782311516,1,FP
UTA,30,Fold3_part1/30/0,154168.33000000002,156168.33000000002,0,0.5612796152772614,0.5964515550342963,1,FP
UTA,30,Fold3_part1/30/0,154668.33000000002,156668.33000000002,0,0.5541350359450686,0.5865588590261093,1,FP
UTA,30,Fold3_part1/30/0,155168.33000000002,157168.33000000002,0,0.5605292901397811,0.5954145757762969,1,FP
UTA,30,Fold3_part1/30/0,155668.33000000002,157668.33000000002,0,0.5272386723129197,0.54899878957921,1,FP
UTA,30,Fold3_part1/30/0,156168.33000000002,158168.33000000002,0,0.41767468605624664,0.3947691501781165,1,FP
UTA,30,Fold3_part1/30/0,156668.33000000002,158668.33000000002,0,0.4198321054005414,0.3977666966697238,1,FP
UTA,30,Fold3_part1/30/0,157668.33000000002,159668.33000000002,0,0.4198321054005414,0.3977666966697238,1,FP
UTA,30,Fold3_part1/30/0,158168.33000000002,160168.33000000002,0,0.4151057166905308,0.3912044046446811,1,FP
UTA,30,Fold3_part1/30/0,159668.33000000002,161668.33000000002,0,0.43863914494670864,0.4240300446458529,1,FP
UTA,30,Fold3_part1/30/0,160168.33000000002,162168.33000000002,0,0.47789007095042263,0.47935197031278015,1,FP
UTA,30,Fold3_part1/30/0,160668.33000000002,162668.33000000002,0,0.40739172146031144,0.3805322966958398,1,FP
UTA,30,Fold3_part1/30/0,161168.33000000002,163168.33000000002,0,0.48957344170691935,0.4958738533047669,1,FP
UTA,30,Fold3_part1/30/0,161668.33000000002,163668.33000000002,0,0.47925881220509126,0.48128733902187837,1,FP
UTA,30,Fold3_part1/30/0,162168.33000000002,164168.33000000002,0,0.43710511732526997,0.4218798785738661,1,FP
UTA,30,Fold3_part1/30/0,162668.33000000002,164668.33000000002,0,0.5440832334758061,0.572575376936273,1,FP
UTA,30,Fold3_part1/30/0,163168.33000000002,165168.33000000002,0,0.5260710054864942,0.5473588745517363,1,FP
UTA,30,Fold3_part1/30/0,164168.33000000002,166168.33000000002,0,0.46923156805684485,0.46711372335266094,1,FP
UTA,30,Fold3_part1/30/0,168168.33000000002,170168.33000000002,0,0.46538504889912974,0.46168076328450536,1,FP
UTA,30,Fold3_part1/30/0,168668.33000000002,170668.33000000002,0,0.5404781279412322,0.5675433971583238,1,FP
UTA,30,Fold3_part1/30/0,169168.33000000002,171168.33000000002,0,0.6023919786743709,0.6524248175934981,1,FP
UTA,30,Fold3_part1/30/0,169668.33000000002,171668.33000000002,0,0.6091606709732755,0.661454097477248,1,FP
UTA,30,Fold3_part1/30/0,170168.33000000002,172168.33000000002,0,0.5407442160449468,0.5679150820604174,1,FP
UTA,30,Fold3_part1/30/0,170668.33000000002,172668.33000000002,0,0.5078233205371857,0.5216607428379366,1,FP
UTA,30,Fold3_part1/30/0,172168.33000000002,174168.33000000002,0,0.40359172997066023,0.3752938719491808,1,FP
UTA,30,Fold3_part1/30/0,173168.33000000002,175168.33000000002,0,0.4582748740733619,0.4516472248826365,1,FP
UTA,30,Fold3_part1/30/0,177668.33000000002,179668.33000000002,0,0.4810939830698791,0.4838824135525536,1,FP
UTA,30,Fold3_part1/30/0,178168.33000000002,180168.33,0,0.5206981962532193,0.539805279953639,1,FP
UTA,30,Fold3_part1/30/0,178668.33000000002,180668.33,0,0.45378016267727256,0.44531213428026284,1,FP
UTA,30,Fold3_part1/30/0,179168.33000000002,181168.33,0,0.5027890458926717,0.5145530279119637,1,FP
UTA,30,Fold3_part1/30/0,179668.33000000002,181668.33,0,0.4617018785825811,0.45648159173781283,1,FP
UTA,30,Fold3_part1/30/0,180668.33,182668.33,0,0.49981989868946997,0.5103585143479825,1,FP
UTA,30,Fold3_part1/30/0,181168.33,183168.33,0,0.5399857677370257,0.5668555289320081,1,FP
UTA,30,Fold3_part1/30/0,181668.33,183668.33,0,0.585362604002868,0.6294588801261439,1,FP
UTA,30,Fold3_part1/30/0,182168.33,184168.33,0,0.49591895262523433,0.5048454504939804,1,FP
UTA,30,Fold3_part1/30/0,182668.33,184668.33,0,0.41668961846191815,0.39340165169575336,1,FP
UTA,30,Fold3_part1/30/0,183168.33,185168.33,0,0.4444864966439859,0.43223693352778425,1,FP
UTA,30,Fold3_part1/30/0,184168.33,186168.33,0,0.4829273248860694,0.48647504941037306,1,FP
UTA,30,Fold3_part1/30/0,184668.33,186668.33,0,0.4829273248860694,0.48647504941037306,1,FP
UTA,30,Fold3_part1/30/0,185168.33,187168.33,0,0.41253916671012686,0.3876482024003046,1,FP
UTA,30,Fold3_part1/30/0,185668.33,187668.33,0,0.4504950763488981,0.4406864118757596,1,FP
UTA,30,Fold3_part1/30/0,186168.33,188168.33,0,0.42515130916392063,0.4051716402130369,1,FP
UTA,30,Fold3_part1/30/0,186668.33,188668.33,0,0.43911699270877547,0.42470007265687704,1,FP
UTA,30,Fold3_part1/30/0,187168.33,189168.33,0,0.4319056016295097,0.41460170801517354,1,FP
UTA,30,Fold3_part1/30/0,187668.33,189668.33,0,0.5018714416794539,0.5132569040791615,1,FP
UTA,30,Fold3_part1/30/0,188168.33,190168.33,0,0.45971513721484,0.45367855206955726,1,FP
UTA,30,Fold3_part1/30/0,188668.33,190668.33,0,0.5142132440796662,0.5306728704408691,1,FP
UTA,30,Fold3_part1/30/0,189168.33,191168.33,0,0.4413012343225102,0.42776425966754755,1,FP
UTA,30,Fold3_part1/30/0,189668.33,191668.33,0,0.4631189505230125,0.45848154128136387,1,FP
UTA,30,Fold3_part1/30/0,190168.33,192168.33,0,0.4080019024473907,0.3813746421524699,1,FP
UTA,30,Fold3_part1/30/0,195168.33,197168.33,0,0.43249335057966726,0.41542364286135114,1,FP
UTA,30,Fold3_part1/30/0,195668.33,197668.33,0,0.46491807631154486,0.46102140529748786,1,FP
UTA,30,Fold3_part1/30/0,196168.33,198168.33,0,0.40561158753708704,0.3780767136569538,1,FP
UTA,30,Fold3_part1/30/0,196668.33,198668.33,0,0.47422569430946254,0.47417144552257,1,FP
UTA,30,Fold3_part1/30/0,197168.33,199168.33,0,0.46143798972304306,0.45610921621484635,1,FP
UTA,30,Fold3_part1/30/0,197668.33,199668.33,0,0.41774546482173025,0.39486743571429544,1,FP
UTA,30,Fold3_part1/30/0,198168.33,200168.33,0,0.4789485550774345,0.4808486309002818,1,FP
UTA,30,Fold3_part1/30/0,199668.33,201668.33,0,0.4012953288067233,0.3721345580402775,1,FP
UTA,30,Fold3_part1/30/0,203168.33,205168.33,0,0.41178422323325775,0.3866031693506649,1,FP
UTA,30,Fold3_part1/30/0,203668.33,205668.33,0,0.4018242186610507,0.37286175345365413,1,FP
UTA,30,Fold3_part1/30/0,204168.33,206168.33,0,0.41178422323325775,0.3866031693506649,1,FP
UTA,30,Fold3_part1/30/0,208168.33,210168.33,0,0.536785956812687,0.5623815615958108,1,FP
UTA,30,Fold3_part1/30/0,208668.33,210668.33,0,0.5669439968257467,0.6042643374715891,1,FP
UTA,30,Fold3_part1/30/0,209168.33,211168.33,0,0.5363253752617325,0.5617370816908659,1,FP
UTA,30,Fold3_part1/30/0,209668.33,211668.33,0,0.589252212567278,0.6347341629586445,1,FP
UTA,30,Fold3_part1/30/0,210668.33,212668.33,0,0.5182780176738976,0.5363988829574322,1,FP
UTA,30,Fold3_part1/30/0,211168.33,213168.33,0,0.5878505466903815,0.6328350964654286,1,FP
UTA,30,Fold3_part1/30/0,211668.33,213668.33,0,0.5490864301820283,0.5795445265300532,1,FP
UTA,30,Fold3_part1/30/0,212168.33,214168.33,0,0.5681719595975424,0.6059542932054535,1,FP
UTA,30,Fold3_part1/30/0,214168.33,216168.33,0,0.5408489247205673,0.5680613322139166,1,FP
UTA,30,Fold3_part1/30/0,214668.33,216668.33,0,0.5870537521092365,0.6317545670881605,1,FP
UTA,30,Fold3_part1/30/0,215168.33,217168.33,0,0.5987950683316458,0.6476028725987285,1,FP
UTA,30,Fold3_part1/30/0,215668.33,217668.33,0,0.6077387510024398,0.6595622428646373,1,FP
UTA,30,Fold3_part1/30/0,219668.33,221668.33,0,0.4100786095421789,0.3842439035487911,1,FP
UTA,30,Fold3_part1/30/0,220168.33,222168.33,0,0.4137525718688743,0.3893288342248892,1,FP
UTA,30,Fold3_part1/30/0,220668.33,222668.33,0,0.43911699270877547,0.42470007265687704,1,FP
UTA,30,Fold3_part1/30/0,221168.33,223168.33,0,0.4371323721857726,0.4219180692856404,1,FP
UTA,30,Fold3_part1/30/0,221668.33,223668.33,0,0.4209036939181043,0.39925685343092066,1,FP
UTA,30,Fold3_part1/30/0,222168.33,224168.33,0,0.4209036939181043,0.39925685343092066,1,FP
UTA,30,Fold3_part1/30/0,222668.33,224668.33,0,0.4837718870989681,0.4876694246402626,1,FP
UTA,30,Fold3_part1/30/0,223168.33,225168.33,0,0.5564804737755222,0.5898109570407012,1,FP
UTA,30,Fold3_part1/30/0,223668.33,225668.33,0,0.5487443940333177,0.579068643135749,1,FP
UTA,30,Fold3_part1/30/0,224168.33,226168.33,0,0.5411727559392177,0.5685135949794323,1,FP
UTA,30,Fold3_part1/30/0,224668.33,226668.33,0,0.5416178220856738,0.5691350672457091,1,FP
UTA,30,Fold3_part1/30/0,225668.33,227668.33,0,0.44667631744539527,0.43531455001613195,1,FP
UTA,30,Fold3_part1/30/0,226168.33,228168.33,0,0.5052701747497091,0.5180567718227038,1,FP
UTA,30,Fold3_part1/30/0,226668.33,228668.33,0,0.5547940919349997,0.5874731136313552,1,FP
UTA,30,Fold3_part1/30/0,227168.33,229168.33,0,0.5513098662867731,0.5826359985356574,1,FP
UTA,30,Fold3_part1/30/0,227668.33,229668.33,0,0.5018677671391776,0.5132517134310026,1,FP
UTA,30,Fold3_part1/30/0,232668.33,234668.33,0,0.42888657120163004,0.41038307347527075,1,FP
UTA,30,Fold3_part1/30/0,233168.33,235168.33,0,0.46168503156361995,0.4564578182337833,1,FP
UTA,30,Fold3_part1/30/0,233668.33,235668.33,0,0.4324863891247679,0.41541390644277243,1,FP
UTA,30,Fold3_part1/30/0,234168.33,236168.33,0,0.4324863891247679,0.41541390644277243,1,FP
UTA,30,Fold3_part1/30/0,234668.33,236668.33,0,0.4324863891247679,0.41541390644277243,1,FP
UTA,30,Fold3_part1/30/0,235168.33,237168.33,0,0.4992026385083868,0.5094863158149815,1,FP
UTA,30,Fold3_part1/30/0,235668.33,237668.33,0,0.4592637441282769,0.4530418480510794,1,FP
UTA,30,Fold3_part1/30/0,236168.33,238168.33,0,0.4850655926756411,0.4894989924281625,1,FP
UTA,30,Fold3_part1/30/0,236668.33,238668.33,0,0.5083907680011213,0.5224615193039902,1,FP
UTA,30,Fold3_part1/30/0,237168.33,239168.33,0,0.43340315671815144,0.4166963603949689,1,FP
UTA,30,Fold3_part1/30/0,238668.33,240668.33,0,0.4431166493470604,0.4303128335441262,1,FP
UTA,30,Fold3_part1/30/0,239168.33,241168.33,0,0.4066344190845708,0.37948730425165866,1,FP
UTA,30,Fold3_part1/30/0,241168.33,243168.33,0,0.5008455353382536,0.5118076129247949,1,FP
UTA,30,Fold3_part1/30/0,241668.33,243668.33,0,0.5008455353382536,0.5118076129247949,1,FP
UTA,30,Fold3_part1/30/0,242168.33,244168.33,0,0.4796483907845113,0.481838217618199,1,FP
UTA,30,Fold3_part1/30/0,242668.33,244668.33,0,0.4733166083536183,0.47288645362606085,1,FP
UTA,30,Fold3_part1/30/0,244168.33,246168.33,0,0.4332329373252546,0.41645820545826195,1,FP
UTA,30,Fold3_part1/30/0,244668.33,246668.33,0,0.4495679443941798,0.43938166464868383,1,FP
UTA,30,Fold3_part1/30/0,245168.33,247168.33,0,0.4332329373252546,0.41645820545826195,1,FP
UTA,30,Fold3_part1/30/0,245668.33,247668.33,0,0.4332329373252546,0.41645820545826195,1,FP
UTA,30,Fold3_part1/30/0,247168.33,249168.33,0,0.4092310736651906,0.38307246973603243,1,FP
UTA,30,Fold3_part1/30/0,247668.33,249668.33,0,0.4126605646845365,0.387816291448874,1,FP
UTA,30,Fold3_part1/30/0,248168.33,250168.33,0,0.4174194185600879,0.39441470959821684,1,FP
UTA,30,Fold3_part1/30/0,248668.33,250668.33,0,0.4049836290615219,0.37721115528665466,1,FP
UTA,30,Fold3_part1/30/0,250168.33,252168.33,0,0.5748976872029116,0.6151854339031715,1,FP
UTA,30,Fold3_part1/30/0,250668.33,252668.33,0,0.5145138589766499,0.5310965393816379,1,FP
UTA,30,Fold3_part1/30/0,251168.33,253168.33,0,0.5584250561344204,0.5925039488725466,1,FP
UTA,30,Fold3_part1/30/0,251668.33,253668.33,0,0.5891929858422841,0.634653963628209,1,FP
UTA,30,Fold3_part1/30/0,252168.33,254168.33,0,0.43311055464692777,0.416286989614458,1,FP
UTA,30,Fold3_part1/30/0,256168.33,258168.33,0,0.41070955841772505,0.38511637186624886,1,FP
UTA,30,Fold3_part1/30/0,256668.33,258668.33,0,0.42533113711275183,0.4054223247369493,1,FP
UTA,30,Fold3_part1/30/0,257168.33,259168.33,0,0.4607929077314202,0.4551990148402904,1,FP
UTA,30,Fold3_part1/30/0,257668.33,259668.33,0,0.4607929077314202,0.4551990148402904,1,FP
UTA,30,Fold3_part1/30/0,258168.33,260168.33,0,0.4239623548649636,0.40351476161657757,1,FP
UTA,30,Fold3_part1/30/0,258668.33,260668.33,0,0.42308583401779815,0.40229389987075187,1,FP
UTA,30,Fold3_part1/30/0,259168.33,261168.33,0,0.4239623548649636,0.40351476161657757,1,FP
UTA,30,Fold3_part1/30/0,260168.33,262168.33,0,0.42634266009406857,0.40683281613240946,1,FP
UTA,30,Fold3_part1/30/0,260668.33,262668.33,0,0.41022261347970607,0.38444300097805517,1,FP
UTA,30,Fold3_part1/30/0,261168.33,263168.33,0,0.4476728640349622,0.4367158114129501,1,FP
UTA,30,Fold3_part1/30/0,261668.33,263668.33,0,0.45421730476528305,0.44592796923590466,1,FP
UTA,30,Fold3_part1/30/0,262168.33,264168.33,0,0.46168503156361995,0.4564578182337833,1,FP
UTA,30,Fold3_part1/30/0,262668.33,264668.33,0,0.4423503647774649,0.4292368891455256,1,FP
UTA,30,Fold3_part1/30/0,268668.33,270668.33,0,0.48086680868924175,0.4835611618403854,1,FP
UTA,30,Fold3_part1/30/0,269168.33,271168.33,0,0.4717139964023015,0.4706214345889971,1,FP
UTA,30,Fold3_part1/30/0,269668.33,271668.33,0,0.4676740934791534,0.4649135367400019,1,FP
UTA,30,Fold3_part1/30/0,270168.33,272168.33,0,0.5006964196330502,0.5115969421693399,1,FP
UTA,30,Fold3_part1/30/0,282168.33,284168.33,0,0.41400024129478735,0.3896720155218672,1,FP
UTA,30,Fold3_part1/30/0,282668.33,284668.33,0,0.47527529985444783,0.47565518627528064,1,FP
UTA,30,Fold3_part1/30/0,283168.33,285168.33,0,0.43070662667571835,0.41292565180773555,1,FP
UTA,30,Fold3_part1/30/0,283668.33,285668.33,0,0.5086358665317784,0.5228073738730294,1,FP
UTA,30,Fold3_part1/30/0,284168.33,286168.33,0,0.49212591426421853,0.49948307907525646,1,FP
UTA,30,Fold3_part1/30/0,284668.33,286668.33,0,0.503491635165545,0.5155453273857005,1,FP
UTA,30,Fold3_part1/30/0,285168.33,287168.33,0,0.5128313655407564,0.5287249545224454,1,FP
UTA,30,Fold3_part1/30/0,288168.33,290168.33,0,0.4220736558422797,0.4008847558330856,1,FP
UTA,30,Fold3_part1/30/0,289168.33,291168.33,0,0.4220736558422797,0.4008847558330856,1,FP
UTA,30,Fold3_part1/30/0,291668.33,293668.33,0,0.46682630355229454,0.46371609242202133,1,FP
UTA,30,Fold3_part1/30/0,292168.33,294168.33,0,0.4707378375137512,0.46924198632726494,1,FP
UTA,30,Fold3_part1/30/0,292668.33,294668.33,0,0.46437041526366873,0.46024817968226617,1,FP
UTA,30,Fold3_part1/30/0,293168.33,295168.33,0,0.41789079807724916,0.39506926176662255,1,FP
UTA,30,Fold3_part1/30/0,295168.33,297168.33,0,0.40968997245598526,0.3837066677211116,1,FP
UTA,30,Fold3_part1/30/0,295668.33,297668.33,0,0.40968997245598526,0.3837066677211116,1,FP
UTA,30,Fold3_part1/30/0,304168.33,306168.33,0,0.4107532787861916,0.38517684020651854,1,FP
UTA,30,Fold3_part1/30/0,304668.33,306668.33,0,0.411630073473888,0.3863898445849362,1,FP
UTA,30,Fold3_part1/30/0,305168.33,307168.33,0,0.4200288857043377,0.3980402776017958,1,FP
UTA,30,Fold3_part1/30/0,305668.33,307668.33,0,0.4200288857043377,0.3980402776017958,1,FP
UTA,30,Fold3_part1/30/0,309668.33,311668.33,0,0.4014433229316848,0.3723380156966783,1,FP
UTA,30,Fold3_part1/30/0,310668.33,312668.33,0,0.41246909806959814,0.3875511900128202,1,FP
UTA,30,Fold3_part1/30/0,311168.33,313168.33,0,0.417611115687619,0.3946808776788267,1,FP
UTA,30,Fold3_part1/30/0,311668.33,313668.33,0,0.4114641000017354,0.3861601791475672,1,FP
UTA,30,Fold3_part1/30/0,327668.33,329668.33,0,0.4546258649993558,0.44650359899023173,1,FP
UTA,30,Fold3_part1/30/0,328668.33,330668.33,0,0.4902597149164528,0.49684429267841107,1,FP
UTA,30,Fold3_part1/30/0,333668.33,335668.33,0,0.453216552312012,0.4445182337273779,1,FP
UTA,30,Fold3_part1/30/0,334668.33,336668.33,0,0.4598920002371162,0.45392803883145566,1,FP
UTA,30,Fold3_part1/30/0,335168.33,337168.33,0,0.4708885171786597,0.469454907884064,1,FP
UTA,30,Fold3_part1/30/0,335668.33,337668.33,0,0.44880703300060176,0.4383110957196494,1,FP
UTA,30,Fold3_part1/30/0,336168.33,338168.33,0,0.4598920002371162,0.45392803883145566,1,FP
UTA,30,Fold3_part1/30/0,338168.33,340168.33,0,0.40928313665991145,0.38314441177715236,1,FP
UTA,30,Fold3_part1/30/0,338668.33,340668.33,0,0.4778618003396366,0.4793119978022404,1,FP
UTA,30,Fold3_part1/30/0,339168.33,341168.33,0,0.4470762942782918,0.43587691325381256,1,FP
UTA,30,Fold3_part1/30/0,339668.33,341668.33,0,0.47207444093061446,0.47113082957480606,1,FP
UTA,30,Fold3_part1/30/0,340168.33,342168.33,0,0.4168578120026156,0.3936350901272921,1,FP
UTA,30,Fold3_part1/30/0,341168.33,343168.33,0,0.40192153486287485,0.37299558653277676,1,FP
UTA,30,Fold3_part1/30/0,344168.33,346168.33,0,0.4133755584744848,0.38880652290792767,1,FP
UTA,30,Fold3_part1/30/0,344668.33,346668.33,0,0.47577366141063265,0.47635972205660315,1,FP
UTA,30,Fold3_part1/30/0,345168.33,347168.33,0,0.4212603584721249,0.39975301780586364,1,FP
UTA,30,Fold3_part1/30/0,345668.33,347668.33,0,0.4766794181836872,0.4776402594080714,1,FP
UTA,30,Fold3_part1/30/0,346168.33,348168.33,0,0.4928046644953108,0.5004427588720336,1,FP
UTA,30,Fold3_part1/30/0,346668.33,348668.33,0,0.414715095285374,0.3906628219845631,1,FP
UTA,30,Fold3_part1/30/0,347168.33,349168.33,0,0.4212603584721249,0.39975301780586364,1,FP
UTA,30,Fold3_part1/30/0,347668.33,349668.33,0,0.4212603584721249,0.39975301780586364,1,FP
UTA,30,Fold3_part1/30/0,348168.33,350168.33,0,0.4167614293128411,0.3935013164332651,1,FP
UTA,30,Fold3_part1/30/0,349168.33,351168.33,0,0.48484926040134213,0.48919305321618695,1,FP
UTA,30,Fold3_part1/30/0,349668.33,351668.33,0,0.41947682871484676,0.39727283250180223,1,FP
UTA,30,Fold3_part1/30/0,350168.33,352168.33,0,0.507740182225625,0.521543411832206,1,FP
UTA,30,Fold3_part1/30/0,350668.33,352668.33,0,0.42293071346563543,0.4020778959267977,1,FP
UTA,30,Fold3_part1/30/0,351168.33,353168.33,0,0.422064364692002,0.40087182413886957,1,FP
UTA,30,Fold3_part1/30/0,362168.33,364168.33,0,0.4582445446913471,0.4516044553691062,1,FP
UTA,30,Fold3_part1/30/0,362668.33,364668.33,0,0.44216076408495525,0.4289707132823578,1,FP
UTA,30,Fold3_part1/30/0,363168.33,365168.33,0,0.4397797172247175,0.4256295267473653,1,FP
UTA,30,Fold3_part1/30/0,363668.33,365668.33,0,0.42312308066070003,0.4023457679821531,1,FP
UTA,30,Fold3_part1/30/0,368168.33,370168.33,0,0.4598920002371162,0.45392803883145566,1,FP
UTA,30,Fold3_part1/30/0,369168.33,371168.33,0,0.4708885171786597,0.469454907884064,1,FP
UTA,30,Fold3_part1/30/0,369668.33,371668.33,0,0.4456235715162643,0.4338347337114871,1,FP
UTA,30,Fold3_part1/30/0,370168.33,372168.33,0,0.49659475318260926,0.5058006880545441,1,FP
UTA,30,Fold3_part1/30/0,373168.33,375168.33,0,0.43072862660999767,0.4129563978033676,1,FP
UTA,30,Fold3_part1/30/0,373668.33,375668.33,0,0.43680207098553336,0.42145526383454235,1,FP
UTA,30,Fold3_part1/30/0,374168.33,376168.33,0,0.4238598773923312,0.40337199845290506,1,FP
UTA,30,Fold3_part1/30/0,374668.33,376668.33,0,0.4343447417337467,0.41801404107058343,1,FP
UTA,30,Fold3_part1/30/0,375168.33,377168.33,0,0.4730270983943813,0.47247725415211606,1,FP
UTA,30,Fold3_part1/30/0,375668.33,377668.33,0,0.47935853282671076,0.4814283467800737,1,FP
UTA,30,Fold3_part1/30/0,376168.33,378168.33,0,0.4363842781838592,0.4208699536787173,1,FP
UTA,30,Fold3_part1/30/0,376668.33,378668.33,0,0.4036742281817299,0.3754074607556868,1,FP
UTA,30,Fold3_part1/30/0,377168.33,379168.33,0,0.42729559548267826,0.4081622314436402,1,FP
UTA,30,Fold3_part1/30/0,377668.33,379668.33,0,0.4045961608466161,0.37667725776792144,1,FP
UTA,30,Fold3_part1/30/0,378168.33,380168.33,0,0.42803994159289777,0.40920106122875866,1,FP
UTA,30,Fold3_part1/30/0,378668.33,380668.33,0,0.42803994159289777,0.40920106122875866,1,FP
UTA,30,Fold3_part1/30/0,379168.33,381168.33,0,0.42803994159289777,0.40920106122875866,1,FP
UTA,30,Fold3_part1/30/0,379668.33,381668.33,0,0.42803994159289777,0.40920106122875866,1,FP
UTA,30,Fold3_part1/30/0,380168.33,382168.33,0,0.4414348880332746,0.42795183496690575,1,FP
UTA,30,Fold3_part1/30/0,380668.33,382668.33,0,0.4414348880332746,0.42795183496690575,1,FP
UTA,30,Fold3_part1/30/0,381168.33,383168.33,0,0.4588430259041547,0.45244846529742244,1,FP
UTA,30,Fold3_part1/30/0,381668.33,383668.33,0,0.47818770271337185,0.4797728030092772,1,FP
UTA,30,Fold3_part1/30/0,382168.33,384168.33,0,0.496595176915188,0.5058012869780139,1,FP
UTA,30,Fold3_part1/30/0,382668.33,384668.33,0,0.4270417915702308,0.4078080980365428,1,FP
UTA,30,Fold3_part1/30/0,383168.33,385168.33,0,0.5280125990428552,0.5500853666182979,1,FP
UTA,30,Fold3_part1/30/0,383668.33,385668.33,0,0.47252669556767096,0.47177000115862916,1,FP
UTA,30,Fold3_part1/30/0,384168.33,386168.33,0,0.5040707894672158,0.5163632165752065,1,FP
UTA,30,Fold3_part1/30/0,384668.33,386668.33,0,0.48906482155246145,0.4951546120472815,1,FP
UTA,30,Fold3_part1/30/0,385168.33,387168.33,0,0.4437068095070921,0.43114167057523284,1,FP
UTA,30,Fold3_part1/30/0,385668.33,387668.33,0,0.44087495238603996,0.42716605658864837,1,FP
UTA,30,Fold3_part1/30/0,386168.33,388168.33,0,0.4437068095070921,0.43114167057523284,1,FP
UTA,30,Fold3_part1/30/0,386668.33,388668.33,0,0.4437068095070921,0.43114167057523284,1,FP
UTA,30,Fold3_part1/30/0,387168.33,389168.33,0,0.4785936383023814,0.4803467814563995,1,FP
UTA,30,Fold3_part1/30/0,387668.33,389668.33,0,0.46011612964289045,0.454244213326186,1,FP
UTA,30,Fold3_part1/30/0,388168.33,390168.33,0,0.4785936383023814,0.4803467814563995,1,FP
UTA,30,Fold3_part1/30/0,388668.33,390668.33,0,0.4625622125574909,0.4576957417961174,1,FP
UTA,30,Fold3_part1/30/0,389168.33,391168.33,0,0.4670792167008496,0.46407329950391013,1,FP
UTA,30,Fold3_part1/30/0,389668.33,391668.33,0,0.47717814090542277,0.4783453751475883,1,FP
UTA,30,Fold3_part1/30/0,390168.33,392168.33,0,0.4804164333152415,0.4829242844835513,1,FP
UTA,30,Fold3_part1/30/0,390668.33,392668.33,0,0.4188622374455459,0.39641871985317517,1,FP
UTA,30,Fold3_part1/30/0,391168.33,393168.33,0,0.4112997692544709,0.38593280927681295,1,FP
UTA,30,Fold3_part1/30/0,391668.33,393668.33,0,0.48160433259219665,0.4846041168086331,1,FP
UTA,30,Fold3_part1/30/0,392668.33,394668.33,0,0.4303774922271984,0.41246570564636836,1,FP
UTA,30,Fold3_part1/30/0,393168.33,395168.33,0,0.5837554812037505,0.6272743578918331,1,FP
UTA,30,Fold3_part1/30/0,393668.33,395668.33,0,0.45696033082480253,0.44979375810611627,1,FP
UTA,30,Fold3_part1/30/0,394168.33,396168.33,0,0.5576869762290537,0.5914821622072939,1,FP
UTA,30,Fold3_part1/30/0,394668.33,396668.33,0,0.42368942513149366,0.4031345544687616,1,FP
UTA,30,Fold3_part1/30/0,395168.33,397168.33,0,0.4296845425258019,0.4114975678602304,1,FP
UTA,30,Fold3_part1/30/0,395668.33,397668.33,0,0.43423911956353256,0.41786620497738375,1,FP
UTA,30,Fold3_part1/30/0,396168.33,398168.33,0,0.42148324922335384,0.40006313277368954,1,FP
UTA,30,Fold3_part1/30/0,396668.33,398668.33,0,0.4144496484390452,0.3902948582503275,1,FP
UTA,30,Fold3_part1/30/0,398168.33,400168.33,0,0.43374689477984846,0.41717733774324306,1,FP
UTA,30,Fold3_part1/30/0,398668.33,400668.33,0,0.4250516045285699,0.4050326589384504,1,FP
UTA,30,Fold3_part1/30/0,399168.33,401168.33,0,0.4250516045285699,0.4050326589384504,1,FP
UTA,30,Fold3_part1/30/0,399668.33,401668.33,0,0.43891838976864417,0.42442158136459673,1,FP
UTA,30,Fold3_part1/30/0,400168.33,402168.33,0,0.42866462993756255,0.41007316852135867,1,FP
UTA,30,Fold3_part1/30/0,400668.33,402668.33,0,0.42866462993756255,0.41007316852135867,1,FP
UTA,30,Fold3_part1/30/0,401168.33,403168.33,0,0.46818642164729135,0.46563723337727503,1,FP
UTA,30,Fold3_part1/30/0,401668.33,403668.33,0,0.44692466358084815,0.435663713963179,1,FP
UTA,30,Fold3_part1/30/0,402168.33,404168.33,0,0.46818642164729135,0.46563723337727503,1,FP
UTA,30,Fold3_part1/30/0,402668.33,404668.33,0,0.4721976231685876,0.4713049201430447,1,FP
UTA,30,Fold3_part1/30/0,403168.33,405168.33,0,0.44342572836624644,0.4307468921195913,1,FP
UTA,30,Fold3_part1/30/0,403668.33,405668.33,0,0.4581379349379506,0.45145411995561585,1,FP
UTA,30,Fold3_part1/30/0,404168.33,406168.33,0,0.42538838926969835,0.4055021402053258,1,FP
UTA,30,Fold3_part1/30/0,405668.33,407668.33,0,0.416914179274067,0.3937133280004926,1,FP
UTA,30,Fold3_part1/30/0,407168.33,409168.33,0,0.4123158028308612,0.3873389615804099,1,FP
UTA,30,Fold3_part1/30/0,407668.33,409668.33,0,0.5866015412943,0.631141012303633,1,FP
UTA,30,Fold3_part1/30/0,408168.33,410168.33,0,0.4785936383023814,0.4803467814563995,1,FP
UTA,30,Fold3_part1/30/0,408668.33,410668.33,0,0.5746130505014807,0.6147956475420352,1,FP
UTA,30,Fold3_part1/30/0,409168.33,411168.33,0,0.4785936383023814,0.4803467814563995,1,FP
UTA,30,Fold3_part1/30/0,409668.33,411668.33,0,0.4733921118255188,0.4729931736540513,1,FP
UTA,30,Fold3_part1/30/0,410168.33,412168.33,0,0.4733921118255188,0.4729931736540513,1,FP
UTA,30,Fold3_part1/30/0,410668.33,412668.33,0,0.4495679443941798,0.43938166464868383,1,FP
UTA,30,Fold3_part1/30/0,411168.33,413168.33,0,0.49782392212223103,0.5075379504062608,1,FP
UTA,30,Fold3_part1/30/0,411668.33,413668.33,0,0.4242513723082577,0.40391743579880174,1,FP
UTA,30,Fold3_part1/30/0,412168.33,414168.33,0,0.4925295148402192,0.5000537315781772,1,FP
UTA,30,Fold3_part1/30/0,412668.33,414668.33,0,0.44189842409692104,0.4286024492067212,1,FP
UTA,30,Fold3_part1/30/0,413168.33,415168.33,0,0.4262217955821502,0.40666424396079853,1,FP
UTA,30,Fold3_part1/30/0,413668.33,415668.33,0,0.4114281713656249,0.3861104659726673,1,FP
UTA,30,Fold3_part1/30/0,414168.33,416168.33,0,0.4353850716495851,0.4194704978807639,1,FP
UTA,30,Fold3_part1/30/0,414668.33,416668.33,0,0.43370939488912913,0.41712486248418373,1,FP
UTA,30,Fold3_part1/30/0,415168.33,417168.33,0,0.4157151478083961,0.3920495987365097,1,FP
UTA,30,Fold3_part1/30/0,415668.33,417668.33,0,0.4157151478083961,0.3920495987365097,1,FP
UTA,30,Fold3_part1/30/0,416168.33,418168.33,0,0.4297447422403017,0.4115816625809854,1,FP
UTA,30,Fold3_part1/30/0,416668.33,418668.33,0,0.4639515504428379,0.4596568446099502,1,FP
UTA,30,Fold3_part1/30/0,417168.33,419168.33,0,0.4638681650958963,0.45953912977741374,1,FP
UTA,30,Fold3_part1/30/0,417668.33,419668.33,0,0.4701231263408752,0.4683733921372184,1,FP
UTA,30,Fold3_part1/30/0,418168.33,420168.33,0,0.4757955669625099,0.47639069062935097,1,FP
UTA,30,Fold3_part1/30/0,418668.33,420668.33,0,0.4757955669625099,0.47639069062935097,1,FP
UTA,30,Fold3_part1/30/0,419168.33,421168.33,0,0.44009108108345996,0.42606628429454857,1,FP
UTA,30,Fold3_part1/30/0,419668.33,421668.33,0,0.47378520430247567,0.4735488003419524,1,FP
UTA,30,Fold3_part1/30/0,420168.33,422168.33,0,0.4437544782405039,0.4312086249770436,1,FP
UTA,30,Fold3_part1/30/0,420668.33,422668.33,0,0.43042992246694806,0.41253896937864265,1,FP
UTA,30,Fold3_part1/30/0,421168.33,423168.33,0,0.4270417915702308,0.4078080980365428,1,FP
UTA,30,Fold3_part1/30/0,421668.33,423668.33,0,0.4625622125574909,0.4576957417961174,1,FP
UTA,30,Fold3_part1/30/0,422168.33,424168.33,0,0.4443101113351257,0.43198913226628505,1,FP
UTA,30,Fold3_part1/30/0,424668.33,426668.33,0,0.44358926602710697,0.43097657625649394,1,FP
UTA,30,Fold3_part1/30/0,425168.33,427168.33,0,0.43692508880204983,0.4216276247851023,1,FP
UTA,30,Fold3_part1/30/0,425668.33,427668.33,0,0.44358926602710697,0.43097657625649394,1,FP
UTA,30,Fold3_part1/30/0,426168.33,428168.33,0,0.4062293771138132,0.37892859863970596,1,FP
UTA,30,Fold3_part1/30/0,426668.33,428668.33,0,0.44358926602710697,0.43097657625649394,1,FP
UTA,30,Fold3_part1/30/0,427168.33,429168.33,0,0.4126805133060186,0.38784391369051363,1,FP
UTA,30,Fold3_part1/30/0,427668.33,429668.33,0,0.44358926602710697,0.43097657625649394,1,FP
UTA,30,Fold3_part1/30/0,428168.33,430168.33,0,0.45391639550242463,0.4455040485149648,1,FP
UTA,30,Fold3_part1/30/0,428668.33,430668.33,0,0.4228348949975026,0.4019444780036321,1,FP
UTA,30,Fold3_part1/30/0,429168.33,431168.33,0,0.45391639550242463,0.4455040485149648,1,FP
UTA,30,Fold3_part1/30/0,429668.33,431668.33,0,0.44358926602710697,0.43097657625649394,1,FP
UTA,30,Fold3_part1/30/0,430168.33,432168.33,0,0.44358926602710697,0.43097657625649394,1,FP
UTA,30,Fold3_part1/30/0,430668.33,432668.33,0,0.45081071848723564,0.4411306901985701,1,FP
UTA,30,Fold3_part1/30/0,431168.33,433168.33,0,0.45081071848723564,0.4411306901985701,1,FP
UTA,30,Fold3_part1/30/0,431668.33,433668.33,0,0.4746439539266427,0.4747626892907164,1,FP
UTA,30,Fold3_part1/30/0,432168.33,434168.33,0,0.4866603993187912,0.49175437454887927,1,FP
UTA,30,Fold3_part1/30/0,432668.33,434668.33,0,0.4308974089948456,0.41319228938912544,1,FP
UTA,30,Fold3_part1/30/0,433168.33,435168.33,0,0.4126805133060186,0.38784391369051363,1,FP
UTA,30,Fold3_part1/30/0,433668.33,435668.33,0,0.45052355874281674,0.4407265003376544,1,FP
UTA,30,Fold3_part1/30/0,434168.33,436168.33,0,0.4507861213293701,0.4410960673732079,1,FP
UTA,30,Fold3_part1/30/0,434668.33,436668.33,0,0.44103829476440043,0.42739526490722496,1,FP
UTA,30,Fold3_part1/30/0,435168.33,437168.33,0,0.46510149361885395,0.4612803818206304,1,FP
UTA,30,Fold3_part1/30/0,435668.33,437668.33,0,0.4983066450370482,0.5082201545046499,1,FP
UTA,30,Fold3_part1/30/0,436168.33,438168.33,0,0.4755014491584453,0.4759748911796542,1,FP
UTA,30,Fold3_part1/30/0,436668.33,438668.33,0,0.46510149361885395,0.4612803818206304,1,FP
UTA,30,Fold3_part1/30/0,437168.33,439168.33,0,0.4507861213293701,0.4410960673732079,1,FP
UTA,30,Fold3_part1/30/0,437668.33,439668.33,0,0.46510149361885395,0.4612803818206304,1,FP
UTA,30,Fold3_part1/30/0,438168.33,440168.33,0,0.4126805133060186,0.38784391369051363,1,FP
UTA,30,Fold3_part1/30/0,439168.33,441168.33,0,0.4130131571695234,0.38830456305588423,1,FP
UTA,30,Fold3_part1/30/0,439668.33,441668.33,0,0.4069631030089949,0.3799407895146288,1,FP
UTA,30,Fold3_part1/30/0,440168.33,442168.33,0,0.4069631030089949,0.3799407895146288,1,FP
UTA,30,Fold3_part1/30/0,440668.33,442668.33,0,0.4069631030089949,0.3799407895146288,1,FP
UTA,30,Fold3_part1/30/0,441168.33,443168.33,0,0.4069631030089949,0.3799407895146288,1,FP
UTA,30,Fold3_part1/30/0,441668.33,443668.33,0,0.4069631030089949,0.3799407895146288,1,FP
UTA,30,Fold3_part1/30/0,442168.33,444168.33,0,0.4069631030089949,0.3799407895146288,1,FP
UTA,30,Fold3_part1/30/0,446668.33,448668.33,0,0.4134177783842062,0.38886500834439247,1,FP
UTA,30,Fold3_part1/30/0,447168.33,449168.33,0,0.4069631030089949,0.3799407895146288,1,FP
UTA,30,Fold3_part1/30/0,447668.33,449668.33,0,0.44433997393148755,0.4320310848062754,1,FP
UTA,30,Fold3_part1/30/0,448168.33,450168.33,0,0.5148210167017402,0.5315293983859081,1,FP
UTA,30,Fold3_part1/30/0,448668.33,450668.33,0,0.46310816690565787,0.45846632017054223,1,FP
UTA,30,Fold3_part1/30/0,449168.33,451168.33,0,0.4648407359673536,0.46091220669334343,1,FP
UTA,30,Fold3_part1/30/0,449668.33,451668.33,0,0.5006079876150176,0.5114720034967587,1,FP
UTA,30,Fold3_part1/30/0,450168.33,452168.33,0,0.4568944471349966,0.44970087828541455,1,FP
UTA,30,Fold3_part1/30/0,450668.33,452668.33,0,0.4729869602989171,0.472420523011598,1,FP
UTA,30,Fold3_part1/30/0,451168.33,453168.33,0,0.4516077462761014,0.44225270790400645,1,FP
UTA,30,Fold3_part1/30/0,451668.33,453668.33,0,0.47214166998155593,0.4712258425424813,1,FP
UTA,30,Fold3_part1/30/0,452168.33,454168.33,0,0.498044630147716,0.5078498684377595,1,FP
UTA,30,Fold3_part1/30/0,452668.33,454668.33,0,0.47214166998155593,0.4712258425424813,1,FP
UTA,30,Fold3_part1/30/0,453168.33,455168.33,0,0.472996687215119,0.4724342710043359,1,FP
UTA,30,Fold3_part1/30/0,453668.33,455668.33,0,0.447235741074679,0.4361011129569831,1,FP
UTA,30,Fold3_part1/30/0,454168.33,456168.33,0,0.47054894269570763,0.46897506909765696,1,FP
UTA,30,Fold3_part1/30/0,454668.33,456668.33,0,0.47054894269570763,0.46897506909765696,1,FP
UTA,30,Fold3_part1/30/0,455168.33,457168.33,0,0.472996687215119,0.4724342710043359,1,FP
UTA,30,Fold3_part1/30/0,455668.33,457668.33,0,0.48416880446903987,0.48823074676917505,1,FP
UTA,30,Fold3_part1/30/0,456168.33,458168.33,0,0.5017483621227845,0.5130830407491991,1,FP
UTA,30,Fold3_part1/30/0,456668.33,458668.33,0,0.47054894269570763,0.46897506909765696,1,FP
UTA,30,Fold3_part1/30/0,457168.33,459168.33,0,0.4326841521879332,0.4156905126706184,1,FP
UTA,30,Fold3_part1/30/0,457668.33,459668.33,0,0.5434343830113166,0.5716703324292377,1,FP
UTA,30,Fold3_part1/30/0,458668.33,460668.33,0,0.4495679443941798,0.43938166464868383,1,FP
UTA,30,Fold3_part1/30/0,459168.33,461168.33,0,0.4495679443941798,0.43938166464868383,1,FP
UTA,30,Fold3_part1/30/0,459668.33,461668.33,0,0.42449048225501007,0.4042506195363374,1,FP
UTA,30,Fold3_part1/30/0,460168.33,462168.33,0,0.40292705631559284,0.3743789342258792,1,FP
UTA,30,Fold3_part1/30/0,461168.33,463168.33,0,0.4070695622803462,0.3800876917150498,1,FP
UTA,30,Fold3_part1/30/0,461668.33,463668.33,0,0.4116990214068606,0.3864852578270717,1,FP
UTA,30,Fold3_part1/30/0,462168.33,464168.33,0,0.4207790425930859,0.39908346971832925,1,FP
UTA,30,Fold3_part1/30/0,462668.33,464668.33,0,0.42549494269034177,0.4056506926375701,1,FP
UTA,30,Fold3_part1/30/0,463168.33,465168.33,0,0.4865003242306713,0.49152799712961315,1,FP
UTA,30,Fold3_part1/30/0,463668.33,465668.33,0,0.5325320132865919,0.5564246000268211,1,FP
UTA,30,Fold3_part1/30/0,464168.33,466168.33,0,0.49906508575805014,0.5092919431423581,1,FP
UTA,30,Fold3_part1/30/0,464668.33,466668.33,0,0.46844428972542257,0.46600150767886533,1,FP
UTA,30,Fold3_part1/30/0,466668.33,468668.33,0,0.40634496121273117,0.37908801792721664,1,FP
UTA,30,Fold3_part1/30/0,470168.33,472168.33,0,0.43484221234408127,0.41871042098475864,1,FP
UTA,30,Fold3_part1/30/0,471168.33,473168.33,0,0.41635803828655005,0.3929415102130194,1,FP
UTA,30,Fold3_part1/30/0,472668.33,474668.33,0,0.41184079520680034,0.38668146308376866,1,FP
UTA,30,Fold3_part1/30/0,473168.33,475168.33,0,0.42214386778853447,0.4009824808496138,1,FP
UTA,30,Fold3_part1/30/0,474168.33,476168.33,0,0.44178567223451415,0.4284441822207033,1,FP
UTA,30,Fold3_part1/30/0,475668.33,477668.33,0,0.4641906335223655,0.4599943666013688,1,FP
UTA,30,Fold3_part1/30/0,476168.33,478168.33,0,0.47909616932161586,0.4810573588048471,1,FP
UTA,30,Fold3_part1/30/0,476668.33,478668.33,0,0.453216552312012,0.4445182337273779,1,FP
UTA,30,Fold3_part1/30/0,477168.33,479168.33,0,0.4331620748525463,0.4163590663558218,1,FP
UTA,30,Fold3_part1/30/0,478168.33,480168.33,0,0.4306178538293593,0.41280159038301456,1,FP
UTA,30,Fold3_part1/30/0,478668.33,480668.33,0,0.43484221234408127,0.41871042098475864,1,FP
UTA,30,Fold3_part1/30/0,479168.33,481168.33,0,0.42291049513531415,0.4020497433275163,1,FP
UTA,30,Fold3_part1/30/0,479668.33,481668.33,0,0.43484221234408127,0.41871042098475864,1,FP
UTA,30,Fold3_part1/30/0,483168.33,485168.33,0,0.4667293966033515,0.4635792273764207,1,FP
UTA,30,Fold3_part1/30/0,483668.33,485668.33,0,0.42312308066070003,0.4023457679821531,1,FP
UTA,30,Fold3_part1/30/0,484168.33,486168.33,0,0.4598920002371162,0.45392803883145566,1,FP
UTA,30,Fold3_part1/30/0,484668.33,486668.33,0,0.4361361851018536,0.42052243103552095,1,FP
UTA,30,Fold3_part1/30/0,489668.33,491668.33,0,0.4397797172247175,0.4256295267473653,1,FP
UTA,30,Fold3_part1/30/0,490168.33,492168.33,0,0.4242470931779621,0.4039114734730218,1,FP
UTA,30,Fold3_part1/30/0,490668.33,492668.33,0,0.4692087024261548,0.46708141869001313,1,FP
UTA,30,Fold3_part1/30/0,491668.33,493668.33,0,0.4049137582810033,0.37711486943715383,1,FP
UTA,30,Fold3_part1/30/0,492668.33,494668.33,0,0.4468048420763132,0.4354952467718196,1,FP
UTA,30,Fold3_part1/30/0,493668.33,495668.33,0,0.5027500212006187,0.5144979085825373,1,FP
UTA,30,Fold3_part1/30/0,494168.33,496168.33,0,0.5091387741112124,0.5235169683049311,1,FP
UTA,30,Fold3_part1/30/0,494668.33,496668.33,0,0.4470572339543891,0.43585011307463245,1,FP
UTA,30,Fold3_part1/30/0,496668.33,498668.33,0,0.4509583439253137,0.44133849187330326,1,FP
UTA,30,Fold3_part1/30/0,497168.33,499168.33,0,0.4509583439253137,0.44133849187330326,1,FP
UTA,30,Fold3_part1/30/0,497668.33,499668.33,0,0.4509583439253137,0.44133849187330326,1,FP
UTA,30,Fold3_part1/30/0,498168.33,500168.33,0,0.4727146514276669,0.47203564776202234,1,FP
UTA,30,Fold3_part1/30/0,500168.33,502168.33,0,0.4822400165006538,0.48550307356359446,1,FP
UTA,30,Fold3_part1/30/0,501168.33,503168.33,0,0.46894351803128187,0.46670677187776033,1,FP
UTA,30,Fold3_part1/30/0,503168.33,505168.33,0,0.4509583439253137,0.44133849187330326,1,FP
UTA,30,Fold3_part1/30/0,503668.33,505668.33,0,0.4509583439253137,0.44133849187330326,1,FP
UTA,30,Fold3_part1/30/0,504168.33,506168.33,0,0.4509583439253137,0.44133849187330326,1,FP
UTA,30,Fold3_part1/30/0,504668.33,506668.33,0,0.4509583439253137,0.44133849187330326,1,FP
UTA,30,Fold3_part1/30/0,507668.33,509668.33,0,0.43358631611345516,0.4169526386287247,1,FP
UTA,30,Fold3_part1/30/0,508168.33,510168.33,0,0.4509583439253137,0.44133849187330326,1,FP
UTA,30,Fold3_part1/30/0,508668.33,510668.33,0,0.43358631611345516,0.4169526386287247,1,FP
UTA,30,Fold3_part1/30/0,509168.33,511168.33,0,0.46840608814589574,0.4659475418773628,1,FP
UTA,30,Fold3_part1/30/0,511168.33,513168.33,0,0.4509583439253137,0.44133849187330326,1,FP
UTA,30,Fold3_part1/30/0,511668.33,513668.33,0,0.4509583439253137,0.44133849187330326,1,FP
UTA,30,Fold3_part1/30/0,512168.33,514168.33,0,0.4509583439253137,0.44133849187330326,1,FP
UTA,30,Fold3_part1/30/0,512668.33,514668.33,0,0.4509583439253137,0.44133849187330326,1,FP
UTA,30,Fold3_part1/30/0,513668.33,515668.33,0,0.43358631611345516,0.4169526386287247,1,FP
UTA,30,Fold3_part1/30/0,514168.33,516168.33,0,0.43358631611345516,0.4169526386287247,1,FP
UTA,30,Fold3_part1/30/0,514668.33,516668.33,0,0.43358631611345516,0.4169526386287247,1,FP
UTA,30,Fold3_part1/30/0,515168.33,517168.33,0,0.43358631611345516,0.4169526386287247,1,FP
UTA,30,Fold3_part1/30/0,525668.3300000001,527668.3300000001,0,0.42943739891031846,0.4111523495516779,1,FP
UTA,30,Fold3_part1/30/0,526168.3300000001,528168.3300000001,0,0.4509583439253137,0.44133849187330326,1,FP
UTA,30,Fold3_part1/30/0,526668.3300000001,528668.3300000001,0,0.4509583439253137,0.44133849187330326,1,FP
UTA,30,Fold3_part1/30/0,527168.3300000001,529168.3300000001,0,0.4509583439253137,0.44133849187330326,1,FP
UTA,30,Fold3_part1/30/0,534668.3300000001,536668.3300000001,0,0.41920194261883675,0.3968907818798299,1,FP
UTA,30,Fold3_part1/30/0,535168.3300000001,537168.3300000001,0,0.4026019767368502,0.37393160309303713,1,FP
UTA,30,Fold3_part1/30/0,535668.3300000001,537668.3300000001,0,0.4026019767368502,0.37393160309303713,1,FP
UTA,30,Fold3_part1/30/0,549668.3300000001,551668.3300000001,0,0.4707648452783267,0.4692801500361565,1,FP
UTA,30,Fold3_part1/30/0,550168.3300000001,552168.3300000001,0,0.4748339028541265,0.4750312042572111,1,FP
UTA,30,Fold3_part1/30/0,550668.3300000001,552668.3300000001,0,0.45807874453853004,0.45137065428816675,1,FP
UTA,30,Fold3_part1/30/0,551168.3300000001,553168.3300000001,0,0.47592591632847614,0.4765749706854152,1,FP
UTA,30,Fold3_part1/30/0,555668.3300000001,557668.3300000001,0,0.4292040985797533,0.4108265031567118,1,FP
UTA,30,Fold3_part1/30/0,556168.3300000001,558168.3300000001,0,0.4264172846832454,0.40693690138143357,1,FP
UTA,30,Fold3_part1/30/0,556668.3300000001,558668.3300000001,0,0.4026019767368502,0.37393160309303713,1,FP
UTA,30,Fold3_part1/30/0,557168.3300000001,559168.3300000001,0,0.4026019767368502,0.37393160309303713,1,FP
UTA,30,Fold3_part1/30/0,557668.3300000001,559668.3300000001,0,0.4041978711515743,0.3761285904558667,1,FP
UTA,30,Fold3_part1/30/0,558168.3300000001,560168.3300000001,0,0.4033336013193222,0.3749385041329259,1,FP
UTA,30,Fold3_part1/30/0,558668.3300000001,560668.3300000001,0,0.4041978711515743,0.3761285904558667,1,FP
UTA,30,Fold3_part1/30/0,559168.3300000001,561168.3300000001,0,0.4202498663342952,0.39834753771169307,1,FP
UTA,30,Fold3_part1/30/0,559668.3300000001,561668.3300000001,0,0.4202498663342952,0.39834753771169307,1,FP
UTA,30,Fold3_part1/30/0,560168.3300000001,562168.3300000001,0,0.4202498663342952,0.39834753771169307,1,FP
UTA,30,Fold3_part1/30/0,560668.3300000001,562668.3300000001,0,0.44433265115980836,0.4320207973549802,1,FP
UTA,30,Fold3_part1/30/0,561168.3300000001,563168.3300000001,0,0.44433265115980836,0.4320207973549802,1,FP
UTA,30,Fold3_part1/30/0,561668.3300000001,563668.3300000001,0,0.44433265115980836,0.4320207973549802,1,FP
UTA,30,Fold3_part1/30/0,562168.3300000001,564168.3300000001,0,0.4202498663342952,0.39834753771169307,1,FP
UTA,30,Fold3_part1/30/0,562668.3300000001,564668.3300000001,0,0.4202498663342952,0.39834753771169307,1,FP
UTA,30,Fold3_part1/30/0,563668.3300000001,565668.3300000001,0,0.4202498663342952,0.39834753771169307,1,FP
UTA,30,Fold3_part1/30/0,564168.3300000001,566168.3300000001,0,0.4202498663342952,0.39834753771169307,1,FP
UTA,30,Fold3_part1/30/0,564668.3300000001,566668.3300000001,0,0.4202498663342952,0.39834753771169307,1,FP
UTA,30,Fold3_part1/30/0,565168.3300000001,567168.3300000001,0,0.4041978711515743,0.3761285904558667,1,FP
UTA,30,Fold3_part1/30/0,565668.3300000001,567668.3300000001,0,0.4041978711515743,0.3761285904558667,1,FP
UTA,30,Fold3_part1/30/0,566168.3300000001,568168.3300000001,0,0.4041978711515743,0.3761285904558667,1,FP
UTA,30,Fold3_part1/30/0,566668.3300000001,568668.3300000001,0,0.4041978711515743,0.3761285904558667,1,FP
UTA,30,Fold3_part1/30/0,567168.3300000001,569168.3300000001,0,0.4041978711515743,0.3761285904558667,1,FP
UTA,30,Fold3_part1/30/0,567668.3300000001,569668.3300000001,0,0.42803994159289777,0.40920106122875866,1,FP
UTA,30,Fold3_part1/30/0,568168.3300000001,570168.3300000001,0,0.4041978711515743,0.3761285904558667,1,FP
UTA,30,Fold3_part1/30/0,568668.3300000001,570668.3300000001,0,0.4041978711515743,0.3761285904558667,1,FP
UTA,30,Fold3_part1/30/0,569168.3300000001,571168.3300000001,0,0.4041978711515743,0.3761285904558667,1,FP
UTA,30,Fold3_part1/30/0,569668.3300000001,571668.3300000001,0,0.4150247015206956,0.3910920701070968,1,FP
UTA,30,Fold3_part1/30/0,570668.3300000001,572668.3300000001,0,0.43219721508822806,0.41500948777510754,1,FP
UTA,30,Fold3_part1/30/0,571168.3300000001,573168.3300000001,0,0.45642563940339564,0.4490400145885807,1,FP
UTA,30,Fold3_part1/30/0,571668.3300000001,573668.3300000001,0,0.4294681482860749,0.41119529920441616,1,FP
UTA,30,Fold3_part1/30/0,572168.3300000001,574168.3300000001,0,0.4386478612436246,0.4240422653848251,1,FP
UTA,30,Fold3_part1/30/0,572668.3300000001,574668.3300000001,0,0.45502312236390696,0.4470633589064837,1,FP
UTA,30,Fold3_part1/30/0,573168.3300000001,575168.3300000001,0,0.4231821847863351,0.40242807589345153,1,FP
UTA,30,Fold3_part1/30/0,573668.3300000001,575668.3300000001,0,0.442637220134584,0.4296396314389241,1,FP
UTA,30,Fold3_part1/30/0,574168.3300000001,576168.3300000001,0,0.44554278920892415,0.43372120044932677,1,FP
UTA,30,Fold3_part1/30/0,574668.3300000001,576668.3300000001,0,0.4509063503603211,0.44126530332471936,1,FP
UTA,30,Fold3_part1/30/0,575168.3300000001,577168.3300000001,0,0.44554278920892415,0.43372120044932677,1,FP
UTA,30,Fold3_part1/30/0,575668.3300000001,577668.3300000001,0,0.42729559548267826,0.4081622314436402,1,FP
UTA,30,Fold3_part1/30/0,576168.3300000001,578168.3300000001,0,0.42729559548267826,0.4081622314436402,1,FP
UTA,30,Fold3_part1/30/0,576668.3300000001,578668.3300000001,0,0.432829950253419,0.4158944515693488,1,FP
UTA,30,Fold3_part1/30/0,577168.3300000001,579168.3300000001,0,0.45650275347964925,0.4491487150533553,1,FP
UTA,30,Fold3_part1/30/0,577668.3300000001,579668.3300000001,0,0.40737065225156793,0.3805032167623384,1,FP
UTA,30,Fold3_part1/30/0,578168.3300000001,580168.3300000001,0,0.4147171865446375,0.390665721120147,1,FP
UTA,30,Fold3_part1/30/0,579168.3300000001,581168.3300000001,0,0.41542400727702616,0.39164579201536076,1,FP
UTA,30,Fold3_part1/30/0,579668.3300000001,581668.3300000001,0,0.41542400727702616,0.39164579201536076,1,FP
UTA,30,Fold3_part1/30/0,580168.3300000001,582168.3300000001,0,0.4101672329296145,0.38436643069282067,1,FP
UTA,30,Fold3_part1/30/0,580668.3300000001,582668.3300000001,0,0.43074719923174254,0.41298235419126267,1,FP
UTA,30,Fold3_part1/30/0,581168.3300000001,583168.3300000001,0,0.4253635296332323,0.40546748301253777,1,FP
UTA,30,Fold3_part1/30/0,582668.3300000001,584668.3300000001,0,0.442634720629881,0.429636121986554,1,FP
UTA,30,Fold3_part1/30/0,583168.3300000001,585168.3300000001,0,0.4186425636828863,0.3961135019658062,1,FP
UTA,30,Fold3_part1/30/0,583668.3300000001,585668.3300000001,0,0.4060980638762604,0.3787474992929425,1,FP
UTA,30,Fold3_part1/30/0,585168.3300000001,587168.3300000001,0,0.417060037328124,0.3939157905449997,1,FP
UTA,30,Fold3_part1/30/0,585668.3300000001,587668.3300000001,0,0.4243918906955998,0.4041132340470383,1,FP
UTA,30,Fold3_part1/30/0,586168.3300000001,588168.3300000001,0,0.4467853439332657,0.4354678332692229,1,FP
UTA,30,Fold3_part1/30/0,586668.3300000001,588668.3300000001,0,0.4467853439332657,0.4354678332692229,1,FP
UTA,30,Fold3_part1/30/0,587168.3300000001,589168.3300000001,0,0.4467853439332657,0.4354678332692229,1,FP
UTA,30,Fold3_part1/30/0,587668.3300000001,589668.3300000001,0,0.4021007686411487,0.3732420989852187,1,FP
UTA,30,Fold3_part1/30/0,602168.3300000001,604168.3300000001,0,0.40938828890283346,0.3832897209984653,1,FP
UTA,30,Fold3_part1/30/0,609668.3300000001,611668.3300000001,0,0.49571847918132644,0.5045620722029528,1,FP
UTA,30,Fold3_part1/30/0,610168.3300000001,612168.3300000001,0,0.44066496911801645,0.4268714195426295,1,FP
UTA,30,Fold3_part1/30/0,610668.3300000001,612668.3300000001,0,0.49571847918132644,0.5045620722029528,1,FP
UTA,30,Fold3_part1/30/0,611168.3300000001,613168.3300000001,0,0.45097919843351286,0.4413678479370089,1,FP
UTA,30,Fold3_part1/30/0,615668.3300000001,617668.3300000001,0,0.5093953081431963,0.5238789072381557,1,FP
UTA,30,Fold3_part1/30/0,616168.3300000001,618168.3300000001,0,0.447303049096318,0.4361957586893112,1,FP
UTA,30,Fold3_part1/30/0,616668.3300000001,618668.3300000001,0,0.4645739224911445,0.46053549713786973,1,FP
UTA,30,Fold3_part1/30/0,617168.3300000001,619168.3300000001,0,0.4797950711440027,0.48204563150779794,1,FP
UTA,30,Fold3_part1/30/0,617668.3300000001,619668.3300000001,0,0.5006480319825294,0.5115285792188612,1,FP
UTA,30,Fold3_part1/30/0,618168.3300000001,620168.3300000001,0,0.46210784172783353,0.45705448511338853,1,FP
UTA,30,Fold3_part1/30/0,628668.3300000001,630668.3300000001,0,0.4325790292950376,0.41554347703798217,1,FP
UTA,30,Fold3_part1/30/0,629168.3300000001,631168.3300000001,0,0.4018242186610507,0.37286175345365413,1,FP
UTA,30,Fold3_part1/30/0,635168.3300000001,637168.3300000001,0,0.4169380120340754,0.39374640864689336,1,FP
UTA,30,Fold3_part1/30/0,637168.3300000001,639168.3300000001,0,0.414750416037648,0.39071178799392886,1,FP
UTA,30,Fold3_part1/30/0,638168.3300000001,640168.3300000001,0,0.44143958664228256,0.4279584293548278,1,FP
UTA,30,Fold3_part1/30/0,645168.3300000001,647168.3300000001,0,0.4138516555341941,0.3894661228747318,1,FP
UTA,30,Fold3_part1/30/0,650668.3300000001,652668.3300000001,0,0.4169380120340754,0.39374640864689336,1,FP
UTA,30,Fold3_part1/30/0,652168.3300000001,654168.3300000001,0,0.5325037553049607,0.5563849961735693,1,FP
UTA,30,Fold3_part1/30/0,652668.3300000001,654668.3300000001,0,0.5325320132865919,0.5564246000268211,1,FP
UTA,30,Fold3_part1/30/0,653168.3300000001,655168.3300000001,0,0.4789731741070948,0.48088344233328384,1,FP
UTA,30,Fold3_part1/30/0,653668.3300000001,655668.3300000001,0,0.510990604287761,0.5261292662631082,1,FP
UTA,30,Fold3_part1/30/0,657168.3300000001,659168.3300000001,0,0.41761905578493524,0.39469190296615414,1,FP
UTA,30,Fold3_part1/30/0,661668.3300000001,663668.3300000001,0,0.47085671498220993,0.46940996871577123,1,FP
UTA,30,Fold3_part1/30/0,662168.3300000001,664168.3300000001,0,0.4031959232895007,0.3747489866297586,1,FP
UTA,30,Fold3_part1/30/0,662668.3300000001,664668.3300000001,0,0.4761367375360477,0.47687302064198944,1,FP
UTA,30,Fold3_part1/30/0,670668.3300000001,672668.3300000001,0,0.47966149147586656,0.4818567426456699,1,FP
UTA,30,Fold3_part1/30/0,671168.3300000001,673168.3300000001,0,0.5132150153534714,0.5292658141115981,1,FP
UTA,30,Fold3_part1/30/0,671668.3300000001,673668.3300000001,0,0.48008791166438824,0.4824597274363047,1,FP
UTA,30,Fold3_part1/30/0,672168.3300000001,674168.3300000001,0,0.48008791166438824,0.4824597274363047,1,FP
UTA,30,Fold3_part1/30/0,672668.3300000001,674668.3300000001,0,0.5128364973383382,0.5287321895038707,1,FP
UTA,30,Fold3_part1/30/0,677668.3300000001,679668.3300000001,0,0.4643890835788561,0.4602745357543416,1,FP
UTA,30,Fold3_part1/30/0,678168.3300000001,680168.3300000001,0,0.4766912177806621,0.47765694192397357,1,FP
UTA,30,Fold3_part1/30/0,678668.3300000001,680668.3300000001,0,0.4621046506534307,0.45704998171598227,1,FP
UTA,30,Fold3_part1/30/0,679168.3300000001,681168.3300000001,0,0.4609926779988025,0.45548087575894103,1,FP
UTA,30,Fold3_part1/30/10,4669.31,6669.31,1,0.27077840050216023,0.20457623221749274,0,FN
UTA,30,Fold3_part1/30/10,5169.31,7169.31,1,0.27077840050216023,0.20457623221749274,0,FN
UTA,30,Fold3_part1/30/10,5669.31,7669.309999999999,1,0.27077840050216023,0.20457623221749274,0,FN
UTA,30,Fold3_part1/30/10,6169.31,8169.309999999999,1,0.2746057948857332,0.2090510603414176,0,FN
UTA,30,Fold3_part1/30/10,6669.31,8669.31,1,0.2746057948857332,0.2090510603414176,0,FN
UTA,30,Fold3_part1/30/10,7169.31,9169.31,1,0.2746057948857332,0.2090510603414176,0,FN
UTA,30,Fold3_part1/30/10,7669.309999999999,9669.31,1,0.2761237045495665,0.21083464719196474,0,FN
UTA,30,Fold3_part1/30/10,8169.309999999999,10169.31,1,0.2761237045495665,0.21083464719196474,0,FN
UTA,30,Fold3_part1/30/10,11169.31,13169.31,1,0.3481625101377333,0.3006869005594688,0,FN
UTA,30,Fold3_part1/30/10,12169.31,14169.31,1,0.27077840050216023,0.20457623221749274,0,FN
UTA,30,Fold3_part1/30/10,12669.31,14669.31,1,0.27077840050216023,0.20457623221749274,0,FN
UTA,30,Fold3_part1/30/10,13169.31,15169.31,1,0.2646024105128502,0.19742439219047073,0,FN
UTA,30,Fold3_part1/30/10,13669.31,15669.31,1,0.2646024105128502,0.19742439219047073,0,FN
UTA,30,Fold3_part1/30/10,16169.31,18169.31,1,0.27824846373448453,0.2133397164572766,0,FN
UTA,30,Fold3_part1/30/10,16669.309999999998,18669.31,1,0.32126452931664035,0.2660325561832157,0,FN
UTA,30,Fold3_part1/30/10,17169.309999999998,19169.31,1,0.32466324676106045,0.27034479139518763,0,FN
UTA,30,Fold3_part1/30/10,17669.309999999998,19669.31,1,0.3407922349024085,0.2910752084638983,0,FN
UTA,30,Fold3_part1/30/10,18169.31,20169.31,1,0.2934633241017239,0.23155752815459593,0,FN
UTA,30,Fold3_part1/30/10,18669.31,20669.31,1,0.3040513231251176,0.2445135429621647,0,FN
UTA,30,Fold3_part1/30/10,19169.31,21169.31,1,0.27077840050216023,0.20457623221749274,0,FN
UTA,30,Fold3_part1/30/10,19669.31,21669.31,1,0.2646024105128502,0.19742439219047073,0,FN
UTA,30,Fold3_part1/30/10,20169.31,22169.31,1,0.29006737152952117,0.22744959713986962,0,FN
UTA,30,Fold3_part1/30/10,20669.31,22669.31,1,0.33252651724348414,0.2803976217999603,0,FN
UTA,30,Fold3_part1/30/10,21169.31,23169.31,1,0.3142029355124847,0.2571385302371319,0,FN
UTA,30,Fold3_part1/30/10,21669.31,23669.31,1,0.3257772648993656,0.27176261065250723,0,FN
UTA,30,Fold3_part1/30/10,22169.31,24169.31,1,0.3142029355124847,0.2571385302371319,0,FN
UTA,30,Fold3_part1/30/10,22669.31,24669.31,1,0.38704676249611925,0.35264761780307463,0,FN
UTA,30,Fold3_part1/30/10,23169.31,25169.31,1,0.345387028700441,0.2970575733131106,0,FN
UTA,30,Fold3_part1/30/10,24169.31,26169.31,1,0.355656265218726,0.3105431044028295,0,FN
UTA,30,Fold3_part1/30/10,25169.31,27169.31,1,0.28728815304638455,0.22410531121674168,0,FN
UTA,30,Fold3_part1/30/10,25669.31,27669.31,1,0.28728815304638455,0.22410531121674168,0,FN
UTA,30,Fold3_part1/30/10,26169.31,28169.31,1,0.2912557030544492,0.2288843920688999,0,FN
UTA,30,Fold3_part1/30/10,26669.31,28669.31,1,0.31537172474800673,0.25860439280871617,0,FN
UTA,30,Fold3_part1/30/10,27169.31,29169.31,1,0.28932863181146545,0.22655910174941632,0,FN
UTA,30,Fold3_part1/30/10,27669.31,29669.31,1,0.32012021239072685,0.26458523436795983,0,FN
UTA,30,Fold3_part1/30/10,28169.31,30169.31,1,0.28051011886619837,0.21601688847227193,0,FN
UTA,30,Fold3_part1/30/10,28669.31,30669.31,1,0.28740214003481035,0.22424215943993328,0,FN
UTA,30,Fold3_part1/30/10,29169.31,31169.31,1,0.28666744722085946,0.22336059094356456,0,FN
UTA,30,Fold3_part1/30/10,29669.31,31669.31,1,0.2671715569451798,0.2003890547048675,0,FN
UTA,30,Fold3_part1/30/10,32169.31,34169.31,1,0.29865193585987515,0.23787890259408478,0,FN
UTA,30,Fold3_part1/30/10,32669.31,34669.31,1,0.29865193585987515,0.23787890259408478,0,FN
UTA,30,Fold3_part1/30/10,33169.31,35169.31,1,0.29865193585987515,0.23787890259408478,0,FN
UTA,30,Fold3_part1/30/10,33669.31,35669.31,1,0.29865193585987515,0.23787890259408478,0,FN
UTA,30,Fold3_part1/30/10,34169.31,36169.31,1,0.29865193585987515,0.23787890259408478,0,FN
UTA,30,Fold3_part1/30/10,34669.31,36669.31,1,0.2761237045495665,0.21083464719196474,0,FN
UTA,30,Fold3_part1/30/10,35169.31,37169.31,1,0.2799976430714748,0.2154092972095801,0,FN
UTA,30,Fold3_part1/30/10,35669.31,37669.31,1,0.2746057948857332,0.2090510603414176,0,FN
UTA,30,Fold3_part1/30/10,36169.31,38169.31,1,0.27418982755925375,0.20856316647707357,0,FN
UTA,30,Fold3_part1/30/10,40169.31,42169.31,1,0.27077840050216023,0.20457623221749274,0,FN
UTA,30,Fold3_part1/30/10,40669.31,42669.31,1,0.27418982755925375,0.20856316647707357,0,FN
UTA,30,Fold3_part1/30/10,44169.31,46169.31,1,0.27077840050216023,0.20457623221749274,0,FN
UTA,30,Fold3_part1/30/10,44669.31,46669.31,1,0.2658062529066909,0.19881170321320166,0,FN
UTA,30,Fold3_part1/30/10,45169.31,47169.31,1,0.27077840050216023,0.20457623221749274,0,FN
UTA,30,Fold3_part1/30/10,45669.31,47669.31,1,0.2658062529066909,0.19881170321320166,0,FN
UTA,30,Fold3_part1/30/10,48169.31,50169.31,1,0.2761237045495665,0.21083464719196474,0,FN
UTA,30,Fold3_part1/30/10,48669.31,50669.31,1,0.2761237045495665,0.21083464719196474,0,FN
UTA,30,Fold3_part1/30/10,49169.31,51169.31,1,0.2761237045495665,0.21083464719196474,0,FN
UTA,30,Fold3_part1/30/10,51669.31,53669.31,1,0.27077840050216023,0.20457623221749274,0,FN
UTA,30,Fold3_part1/30/10,52169.31,54169.31,1,0.27077840050216023,0.20457623221749274,0,FN
UTA,30,Fold3_part1/30/10,52669.31,54669.31,1,0.27077840050216023,0.20457623221749274,0,FN
UTA,30,Fold3_part1/30/10,53169.31,55169.31,1,0.27077840050216023,0.20457623221749274,0,FN
UTA,30,Fold3_part1/30/10,55669.31,57669.31,1,0.27077840050216023,0.20457623221749274,0,FN
UTA,30,Fold3_part1/30/10,56169.31,58169.31,1,0.2646024105128502,0.19742439219047073,0,FN
UTA,30,Fold3_part1/30/10,58669.31,60669.31,1,0.28106717138491744,0.21667796692160163,0,FN
UTA,30,Fold3_part1/30/10,59169.31,61169.31,1,0.2805656999196145,0.2160828191468349,0,FN
UTA,30,Fold3_part1/30/10,59669.31,61669.31,1,0.27077840050216023,0.20457623221749274,0,FN
UTA,30,Fold3_part1/30/10,60169.31,62169.31,1,0.24356763478416246,0.17372887757722552,0,FN
UTA,30,Fold3_part1/30/10,60669.31,62669.31,1,0.2659938729044154,0.1990282130067717,0,FN
UTA,30,Fold3_part1/30/10,61169.31,63169.31,1,0.26251828551634454,0.19503044508189246,0,FN
UTA,30,Fold3_part1/30/10,63669.31,65669.31,1,0.36303385026295104,0.32032459909563926,0,FN
UTA,30,Fold3_part1/30/10,64169.31,66169.31,1,0.32334103637877604,0.2686647948206137,0,FN
UTA,30,Fold3_part1/30/10,64669.31,66669.31,1,0.32290993967775145,0.26811770290847214,0,FN
UTA,30,Fold3_part1/30/10,67169.31,69169.31,1,0.27077840050216023,0.20457623221749274,0,FN
UTA,30,Fold3_part1/30/10,70669.31,72669.31,1,0.27077840050216023,0.20457623221749274,0,FN
UTA,30,Fold3_part1/30/10,71169.31,73169.31,1,0.27077840050216023,0.20457623221749274,0,FN
UTA,30,Fold3_part1/30/10,71669.31,73669.31,1,0.27077840050216023,0.20457623221749274,0,FN
UTA,30,Fold3_part1/30/10,72169.31,74169.31,1,0.27077840050216023,0.20457623221749274,0,FN
UTA,30,Fold3_part1/30/10,72669.31,74669.31,1,0.28559186946542325,0.22207201983819275,0,FN
UTA,30,Fold3_part1/30/10,75169.31,77169.31,1,0.2885658024798428,0.22564074832732536,0,FN
UTA,30,Fold3_part1/30/10,75669.31,77669.31,1,0.3034151448198718,0.24372887454937692,0,FN
UTA,30,Fold3_part1/30/10,76169.31,78169.31,1,0.32866518623072777,0.27544800254479374,0,FN
UTA,30,Fold3_part1/30/10,76669.31,78669.31,1,0.282169474924912,0.2179880684040515,0,FN
UTA,30,Fold3_part1/30/10,77169.31,79169.31,1,0.2980183414921984,0.23710410626583547,0,FN
UTA,30,Fold3_part1/30/10,77669.31,79669.31,1,0.2523642844623696,0.18351081383027526,0,FN
UTA,30,Fold3_part1/30/10,78169.31,80169.31,1,0.2607946249201507,0.1930580688620795,0,FN
UTA,30,Fold3_part1/30/10,78669.31,80669.31,1,0.26453209287455987,0.19734345974658868,0,FN
UTA,30,Fold3_part1/30/10,79169.31,81169.31,1,0.2777121009330395,0.21270642754101537,0,FN
UTA,30,Fold3_part1/30/10,79669.31,81669.31,1,0.3150409659464447,0.25818931141322427,0,FN
UTA,30,Fold3_part1/30/10,80169.31,82169.31,1,0.3081719619676738,0.24961475671114247,0,FN
UTA,30,Fold3_part1/30/10,125669.31,127669.31,1,0.3898627929162077,0.35648232960696147,0,FN
UTA,30,Fold3_part1/30/10,133169.31,135169.31,1,0.36754996169940046,0.3263486785780612,0,FN
UTA,30,Fold3_part1/30/10,133669.31,135669.31,1,0.3503687151218245,0.3035800700325229,0,FN
UTA,30,Fold3_part1/30/10,137169.31,139169.31,1,0.3632547208697286,0.3206185891240376,0,FN
UTA,30,Fold3_part1/30/10,137669.31,139669.31,1,0.2818959623407162,0.21766275409309332,0,FN
UTA,30,Fold3_part1/30/10,138169.31,140169.31,1,0.27200028359535505,0.20600129115520893,0,FN
UTA,30,Fold3_part1/30/10,138669.31,140669.31,1,0.27722018802758724,0.21212616806983756,0,FN
UTA,30,Fold3_part1/30/10,139169.31,141169.31,1,0.27722018802758724,0.21212616806983756,0,FN
UTA,30,Fold3_part1/30/10,141669.31,143669.31,1,0.27540994960340925,0.20999533836895778,0,FN
UTA,30,Fold3_part1/30/10,142169.31,144169.31,1,0.330105619716877,0.27729148988084173,0,FN
UTA,30,Fold3_part1/30/10,142669.31,144669.31,1,0.36555459171560345,0.3236837113649394,0,FN
UTA,30,Fold3_part1/30/10,146169.31,148169.31,1,0.3197339484504116,0.26409721535631436,0,FN
UTA,30,Fold3_part1/30/10,146669.31,148669.31,1,0.3100753130590543,0.2519819082402769,0,FN
UTA,30,Fold3_part1/30/10,147169.31,149169.31,1,0.3197339484504116,0.26409721535631436,0,FN
UTA,30,Fold3_part1/30/10,147669.31,149669.31,1,0.3197339484504116,0.26409721535631436,0,FN
UTA,30,Fold3_part1/30/10,150169.31,152169.31,1,0.34980539364911095,0.30284065462805243,0,FN
UTA,30,Fold3_part1/30/10,150669.31,152669.31,1,0.34780373292637407,0.3002170949396647,0,FN
UTA,30,Fold3_part1/30/10,151169.31,153169.31,1,0.34780373292637407,0.3002170949396647,0,FN
UTA,30,Fold3_part1/30/10,151669.31,153669.31,1,0.36405866177547197,0.321689228530269,0,FN
UTA,30,Fold3_part1/30/10,152169.31,154169.31,1,0.29387625672876433,0.232058632497802,0,FN
UTA,30,Fold3_part1/30/10,152669.31,154669.31,1,0.357322707233485,0.31274591484492353,0,FN
UTA,30,Fold3_part1/30/10,155669.31,157669.31,1,0.3197339484504116,0.26409721535631436,0,FN
UTA,30,Fold3_part1/30/10,158169.31,160169.31,1,0.33543096733317307,0.28413696486758444,0,FN
UTA,30,Fold3_part1/30/10,158669.31,160669.31,1,0.34780373292637407,0.3002170949396647,0,FN
UTA,30,Fold3_part1/30/10,159169.31,161169.31,1,0.36317275735592924,0.3205094838512109,0,FN
UTA,30,Fold3_part1/30/10,160169.31,162169.31,1,0.38071390676843553,0.3440559258894917,0,FN
UTA,30,Fold3_part1/30/10,161169.31,163169.31,1,0.3426006291612573,0.29342580499091675,0,FN
UTA,30,Fold3_part1/30/10,161669.31,163669.31,1,0.2999744316511157,0.23949868164730156,0,FN
UTA,30,Fold3_part1/30/10,162169.31,164169.31,1,0.3267330497622331,0.2729807481914099,0,FN
UTA,30,Fold3_part1/30/10,162669.31,164669.31,1,0.3100753130590543,0.2519819082402769,0,FN
UTA,30,Fold3_part1/30/10,163169.31,165169.31,1,0.326793502895885,0.27305784773400643,0,FN
UTA,30,Fold3_part1/30/10,167169.31,169169.31,1,0.3197339484504116,0.26409721535631436,0,FN
UTA,30,Fold3_part1/30/10,167669.31,169669.31,1,0.33543096733317307,0.28413696486758444,0,FN
UTA,30,Fold3_part1/30/10,168169.31,170169.31,1,0.33543096733317307,0.28413696486758444,0,FN
UTA,30,Fold3_part1/30/10,168669.31,170669.31,1,0.3641411460568167,0.3217991250049919,0,FN
UTA,30,Fold3_part1/30/10,169169.31,171169.31,1,0.3641411460568167,0.3217991250049919,0,FN
UTA,30,Fold3_part1/30/10,171669.31,173669.31,1,0.34780373292637407,0.3002170949396647,0,FN
UTA,30,Fold3_part1/30/10,172169.31,174169.31,1,0.3377181164318862,0.287091231600288,0,FN
UTA,30,Fold3_part1/30/10,172669.31,174669.31,1,0.3100753130590543,0.2519819082402769,0,FN
UTA,30,Fold3_part1/30/10,173169.31,175169.31,1,0.3100753130590543,0.2519819082402769,0,FN
UTA,30,Fold3_part1/30/10,173669.31,175669.31,1,0.3197339484504116,0.26409721535631436,0,FN
UTA,30,Fold3_part1/30/10,174169.31,176169.31,1,0.3113699014179157,0.2535958327470138,0,FN
UTA,30,Fold3_part1/30/10,174669.31,176669.31,1,0.3113699014179157,0.2535958327470138,0,FN
UTA,30,Fold3_part1/30/10,177169.31,179169.31,1,0.33543096733317307,0.28413696486758444,0,FN
UTA,30,Fold3_part1/30/10,177669.31,179669.31,1,0.33543096733317307,0.28413696486758444,0,FN
UTA,30,Fold3_part1/30/10,178169.31,180169.31,1,0.33543096733317307,0.28413696486758444,0,FN
UTA,30,Fold3_part1/30/10,178669.31,180669.31,1,0.3469910610626129,0.29915364707037795,0,FN
UTA,30,Fold3_part1/30/10,179169.31,181169.31,1,0.3469910610626129,0.29915364707037795,0,FN
UTA,30,Fold3_part1/30/10,181669.31,183669.31,1,0.3722396582379387,0.33263235221283977,0,FN
UTA,30,Fold3_part1/30/10,182669.31,184669.31,1,0.37846098624557706,0.34101051017110307,0,FN
UTA,30,Fold3_part1/30/10,183669.31,185669.31,1,0.39445065444058824,0.36274776603414466,0,FN
UTA,30,Fold3_part1/30/10,184169.31,186169.31,1,0.35585624632713886,0.31080724458399484,0,FN
UTA,30,Fold3_part1/30/10,184669.31,186669.31,1,0.40023941889521436,0.370683525232976,0,FN
UTA,30,Fold3_part1/30/10,185169.31,187169.31,1,0.37034077643046304,0.330084685721925,0,FN
UTA,30,Fold3_part1/30/10,188169.31,190169.31,1,0.36920726138204546,0.3285660656309274,0,FN
UTA,30,Fold3_part1/30/10,188669.31,190669.31,1,0.356403112676978,0.3115298496481595,0,FN
UTA,30,Fold3_part1/30/10,189169.31,191169.31,1,0.3094132123335089,0.25115769763491713,0,FN
UTA,30,Fold3_part1/30/10,189669.31,191669.31,1,0.28685536257490274,0.2235859663464401,0,FN
UTA,30,Fold3_part1/30/10,190169.31,192169.31,1,0.2905581748449545,0.22804184375116296,0,FN
UTA,30,Fold3_part1/30/10,192669.31,194669.31,1,0.36452295530612544,0.3223079400919179,0,FN
UTA,30,Fold3_part1/30/10,193169.31,195169.31,1,0.3195988125960197,0.26392654277454797,0,FN
UTA,30,Fold3_part1/30/10,193669.31,195669.31,1,0.362368849155385,0.3194398459600456,0,FN
UTA,30,Fold3_part1/30/10,194669.31,196669.31,1,0.3384945809427266,0.28809608974719497,0,FN
UTA,30,Fold3_part1/30/10,197669.31,199669.31,1,0.36522768677321615,0.32324760428392874,0,FN
UTA,30,Fold3_part1/30/10,199169.31,201169.31,1,0.400906889048286,0.371600641215668,0,FN
UTA,30,Fold3_part1/30/10,201669.31,203669.31,1,0.2658062529066909,0.19881170321320166,0,FN
UTA,30,Fold3_part1/30/10,202169.31,204169.31,1,0.2658062529066909,0.19881170321320166,0,FN
UTA,30,Fold3_part1/30/10,202669.31,204669.31,1,0.2658062529066909,0.19881170321320166,0,FN
UTA,30,Fold3_part1/30/10,203169.31,205169.31,1,0.28047985267873987,0.2159809892653055,0,FN
UTA,30,Fold3_part1/30/10,203669.31,205669.31,1,0.28047985267873987,0.2159809892653055,0,FN
UTA,30,Fold3_part1/30/10,204169.31,206169.31,1,0.28396590893357276,0.22012867761836624,0,FN
UTA,30,Fold3_part1/30/10,204669.31,206669.31,1,0.2890780482350393,0.226257297259987,0,FN
UTA,30,Fold3_part1/30/10,205169.31,207169.31,1,0.3195988125960197,0.26392654277454797,0,FN
UTA,30,Fold3_part1/30/10,205669.31,207669.31,1,0.36895016056125324,0.3282218450629074,0,FN
UTA,30,Fold3_part1/30/10,206169.31,208169.31,1,0.32864045003686104,0.27541637540838415,0,FN
UTA,30,Fold3_part1/30/10,206669.31,208669.31,1,0.3799904860954511,0.34307738407427324,0,FN
UTA,30,Fold3_part1/30/10,207169.31,209169.31,1,0.3552229651779569,0.3099709859446036,0,FN
UTA,30,Fold3_part1/30/10,208169.31,210169.31,1,0.3387325177017785,0.2884042074275795,0,FN
UTA,30,Fold3_part1/30/10,209169.31,211169.31,1,0.3387325177017785,0.2884042074275795,0,FN
UTA,30,Fold3_part1/30/10,210169.31,212169.31,1,0.30894929795473064,0.25058068773709175,0,FN
UTA,30,Fold3_part1/30/10,212669.31,214669.31,1,0.2849718160504389,0.2213302791633191,0,FN
UTA,30,Fold3_part1/30/10,214169.31,216169.31,1,0.3936832093642469,0.36169818688392363,0,FN
UTA,30,Fold3_part1/30/10,215169.31,217169.31,1,0.33189261486512595,0.2795833503170205,0,FN
UTA,30,Fold3_part1/30/10,215669.31,217669.31,1,0.3315685688003863,0.2791673586688695,0,FN
UTA,30,Fold3_part1/30/10,218169.31,220169.31,1,0.3029423417411021,0.24314622125502627,0,FN
UTA,30,Fold3_part1/30/10,218669.31,220669.31,1,0.28106717138491744,0.21667796692160163,0,FN
UTA,30,Fold3_part1/30/10,219169.31,221169.31,1,0.29901048844219297,0.2383177133955961,0,FN
UTA,30,Fold3_part1/30/10,219669.31,221669.31,1,0.2996075248848039,0.23904895280703845,0,FN
UTA,30,Fold3_part1/30/10,220169.31,222169.31,1,0.3353779637052075,0.2840686015239754,0,FN
UTA,30,Fold3_part1/30/10,220669.31,222669.31,1,0.311667937946868,0.25396782779997074,0,FN
UTA,30,Fold3_part1/30/10,224669.31,226669.31,1,0.3115654717013973,0.25383991568741976,0,FN
UTA,30,Fold3_part1/30/10,225169.31,227169.31,1,0.3208006472205735,0.2654455629455976,0,FN
UTA,30,Fold3_part1/30/10,225669.31,227669.31,1,0.2761237045495665,0.21083464719196474,0,FN
UTA,30,Fold3_part1/30/10,226169.31,228169.31,1,0.2799976430714748,0.2154092972095801,0,FN
UTA,30,Fold3_part1/30/10,226669.31,228669.31,1,0.2746057948857332,0.2090510603414176,0,FN
UTA,30,Fold3_part1/30/10,227169.31,229169.31,1,0.2746057948857332,0.2090510603414176,0,FN
UTA,30,Fold3_part1/30/10,227669.31,229669.31,1,0.2761237045495665,0.21083464719196474,0,FN
UTA,30,Fold3_part1/30/10,241169.31,243169.31,1,0.2658062529066909,0.19881170321320166,0,FN
UTA,30,Fold3_part1/30/10,241669.31,243669.31,1,0.27820357143144075,0.21328668783842405,0,FN
UTA,30,Fold3_part1/30/10,242169.31,244169.31,1,0.2658062529066909,0.19881170321320166,0,FN
UTA,30,Fold3_part1/30/10,246169.31,248169.31,1,0.2885192034650387,0.2255846877501204,0,FN
UTA,30,Fold3_part1/30/10,246669.31,248669.31,1,0.27077840050216023,0.20457623221749274,0,FN
UTA,30,Fold3_part1/30/10,249169.31,251169.31,1,0.27077840050216023,0.20457623221749274,0,FN
UTA,30,Fold3_part1/30/10,251169.31,253169.31,1,0.2885192034650387,0.2255846877501204,0,FN
UTA,30,Fold3_part1/30/10,251669.31,253669.31,1,0.27077840050216023,0.20457623221749274,0,FN
UTA,30,Fold3_part1/30/10,252169.31,254169.31,1,0.27077840050216023,0.20457623221749274,0,FN
UTA,30,Fold3_part1/30/10,252669.31,254669.31,1,0.27077840050216023,0.20457623221749274,0,FN
UTA,30,Fold3_part1/30/10,253169.31,255169.31,1,0.27077840050216023,0.20457623221749274,0,FN
UTA,30,Fold3_part1/30/10,253669.31,255669.31,1,0.2885192034650387,0.2255846877501204,0,FN
UTA,30,Fold3_part1/30/10,254169.31,256169.31,1,0.3481625101377333,0.3006869005594688,0,FN
UTA,30,Fold3_part1/30/10,254669.31,256669.31,1,0.2885192034650387,0.2255846877501204,0,FN
UTA,30,Fold3_part1/30/10,255169.31,257169.31,1,0.3481625101377333,0.3006869005594688,0,FN
UTA,30,Fold3_part1/30/10,255669.31,257669.31,1,0.27077840050216023,0.20457623221749274,0,FN
UTA,30,Fold3_part1/30/10,256169.31,258169.31,1,0.27077840050216023,0.20457623221749274,0,FN
UTA,30,Fold3_part1/30/10,258669.31,260669.31,1,0.27077840050216023,0.20457623221749274,0,FN
UTA,30,Fold3_part1/30/10,259169.31,261169.31,1,0.27077840050216023,0.20457623221749274,0,FN
UTA,30,Fold3_part1/30/10,259669.31,261669.31,1,0.27077840050216023,0.20457623221749274,0,FN
UTA,30,Fold3_part1/30/10,260169.31,262169.31,1,0.2799976430714748,0.2154092972095801,0,FN
UTA,30,Fold3_part1/30/10,260669.31,262669.31,1,0.3364884639768883,0.2855018625755016,0,FN
UTA,30,Fold3_part1/30/10,261169.31,263169.31,1,0.3476175657813128,0.2999733920932614,0,FN
UTA,30,Fold3_part1/30/10,261669.31,263669.31,1,0.31116762413166027,0.25334345386936685,0,FN
UTA,30,Fold3_part1/30/10,262169.31,264169.31,1,0.30352177130298547,0.24386033417532296,0,FN
UTA,30,Fold3_part1/30/10,262669.31,264669.31,1,0.36522768677321615,0.32324760428392874,0,FN
UTA,30,Fold3_part1/30/10,263669.31,265669.31,1,0.3580162925706352,0.31366389407693535,0,FN
UTA,30,Fold3_part1/30/10,264169.31,266169.31,1,0.39680936653055443,0.36597732088648366,0,FN
UTA,30,Fold3_part1/30/10,264669.31,266669.31,1,0.3608436880303436,0.31741295600099784,0,FN
UTA,30,Fold3_part1/30/10,265669.31,267669.31,1,0.3618027132561308,0.31868710010432216,0,FN
UTA,30,Fold3_part1/30/10,266169.31,268169.31,1,0.39499008973519245,0.36348587017309486,0,FN
UTA,30,Fold3_part1/30/10,266669.31,268669.31,1,0.3141982489616707,0.2571326575242384,0,FN
UTA,30,Fold3_part1/30/10,271669.31,273669.31,1,0.2821301362589486,0.21794126943104733,0,FN
UTA,30,Fold3_part1/30/10,272169.31,274169.31,1,0.3909771024256252,0.3580020746418152,0,FN
UTA,30,Fold3_part1/30/10,272669.31,274669.31,1,0.26580636267201424,0.19881182985692558,0,FN
UTA,30,Fold3_part1/30/10,273169.31,275169.31,1,0.3985328337881989,0.36834057953850524,0,FN
UTA,30,Fold3_part1/30/10,275669.31,277669.31,1,0.2691781610135207,0.20271492492295173,0,FN
UTA,30,Fold3_part1/30/10,276169.31,278169.31,1,0.2691781610135207,0.20271492492295173,0,FN
UTA,30,Fold3_part1/30/10,278669.31,280669.31,1,0.29934677465225373,0.23872950426528752,0,FN
UTA,30,Fold3_part1/30/10,279169.31,281169.31,1,0.27077840050216023,0.20457623221749274,0,FN
UTA,30,Fold3_part1/30/10,279669.31,281669.31,1,0.27077840050216023,0.20457623221749274,0,FN
UTA,30,Fold3_part1/30/10,280169.31,282169.31,1,0.27077840050216023,0.20457623221749274,0,FN
UTA,30,Fold3_part1/30/10,282669.31,284669.31,1,0.28407582920878727,0.22025987870400382,0,FN
UTA,30,Fold3_part1/30/10,283169.31,285169.31,1,0.29122248264007755,0.22884424236912482,0,FN
UTA,30,Fold3_part1/30/10,283669.31,285669.31,1,0.27077840050216023,0.20457623221749274,0,FN
UTA,30,Fold3_part1/30/10,286169.31,288169.31,1,0.264817115083396,0.19767157711225875,0,FN
UTA,30,Fold3_part1/30/10,286669.31,288669.31,1,0.29386349899805236,0.23204314550503866,0,FN
UTA,30,Fold3_part1/30/10,287169.31,289169.31,1,0.29386349899805236,0.23204314550503866,0,FN
UTA,30,Fold3_part1/30/10,287669.31,289669.31,1,0.32235529927416134,0.2674143035624222,0,FN
UTA,30,Fold3_part1/30/10,288169.31,290169.31,1,0.3224964874549313,0.2675933083953376,0,FN
UTA,30,Fold3_part1/30/10,288669.31,290669.31,1,0.32874077064287877,0.27554464947818175,0,FN
UTA,30,Fold3_part1/30/10,289169.31,291169.31,1,0.35398436679486667,0.3083370527585467,0,FN
UTA,30,Fold3_part1/30/10,289669.31,291669.31,1,0.32510389597667244,0.2709053527596939,0,FN
UTA,30,Fold3_part1/30/10,290169.31,292169.31,1,0.30009329299315357,0.2396444303586204,0,FN
UTA,30,Fold3_part1/30/10,290669.31,292669.31,1,0.3064312247517331,0.24745583239549787,0,FN
UTA,30,Fold3_part1/30/10,291169.31,293169.31,1,0.34799073740816233,0.3004619463495041,0,FN
UTA,30,Fold3_part1/30/10,291669.31,293669.31,1,0.36958536949411036,0.3290724513214943,0,FN
UTA,30,Fold3_part1/30/10,293669.31,295669.31,1,0.3203376429853973,0.26486006015418573,0,FN
UTA,30,Fold3_part1/30/10,294169.31,296169.31,1,0.32312633232535537,0.2683922797591625,0,FN
UTA,30,Fold3_part1/30/10,294669.31,296669.31,1,0.3034151448198718,0.24372887454937692,0,FN
UTA,30,Fold3_part1/30/10,295169.31,297169.31,1,0.3585112062572366,0.3143193375306158,0,FN
UTA,30,Fold3_part1/30/10,295669.31,297669.31,1,0.26117361541285883,0.19349115941155837,0,FN
UTA,30,Fold3_part1/30/10,296169.31,298169.31,1,0.34053082674157575,0.2907358478149852,0,FN
UTA,30,Fold3_part1/30/10,296669.31,298669.31,1,0.2539613011004089,0.18530659618104062,0,FN
UTA,30,Fold3_part1/30/10,297169.31,299169.31,1,0.2840838217132484,0.22026941956824894,0,FN
UTA,30,Fold3_part1/30/10,297669.31,299669.31,1,0.28407582920878727,0.22025987870400382,0,FN
UTA,30,Fold3_part1/30/10,298169.31,300169.31,1,0.29796590074839424,0.23704001427467436,0,FN
UTA,30,Fold3_part1/30/10,301669.31,303669.31,1,0.27077840050216023,0.20457623221749274,0,FN
UTA,30,Fold3_part1/30/10,302169.31,304169.31,1,0.28407582920878727,0.22025987870400382,0,FN
UTA,30,Fold3_part1/30/10,304669.31,306669.31,1,0.3218575839388924,0.2667835563856919,0,FN
UTA,30,Fold3_part1/30/10,305169.31,307169.31,1,0.35892315150266546,0.3148651613621492,0,FN
UTA,30,Fold3_part1/30/10,305669.31,307669.31,1,0.29623323107443095,0.2349254553602532,0,FN
UTA,30,Fold3_part1/30/10,308169.31,310169.31,1,0.27820357143144075,0.21328668783842405,0,FN
UTA,30,Fold3_part1/30/10,308669.31,310669.31,1,0.27820357143144075,0.21328668783842405,0,FN
UTA,30,Fold3_part1/30/10,309169.31,311169.31,1,0.27820357143144075,0.21328668783842405,0,FN
UTA,30,Fold3_part1/30/10,309669.31,311669.31,1,0.27820357143144075,0.21328668783842405,0,FN
UTA,30,Fold3_part1/30/10,310169.31,312169.31,1,0.27820357143144075,0.21328668783842405,0,FN
UTA,30,Fold3_part1/30/10,311169.31,313169.31,1,0.3628689242109752,0.3201051169663864,0,FN
UTA,30,Fold3_part1/30/10,312169.31,314169.31,1,0.37834239206527165,0.340850364460843,0,FN
UTA,30,Fold3_part1/30/10,316169.31,318169.31,1,0.27820357143144075,0.21328668783842405,0,FN
UTA,30,Fold3_part1/30/10,318669.31,320669.31,1,0.2885192034650387,0.2255846877501204,0,FN
UTA,30,Fold3_part1/30/10,321169.31,323169.31,1,0.2885192034650387,0.2255846877501204,0,FN
UTA,30,Fold3_part1/30/10,321669.31,323669.31,1,0.27077840050216023,0.20457623221749274,0,FN
UTA,30,Fold3_part1/30/10,322169.31,324169.31,1,0.27077840050216023,0.20457623221749274,0,FN
UTA,30,Fold3_part1/30/10,322669.31,324669.31,1,0.27077840050216023,0.20457623221749274,0,FN
UTA,30,Fold3_part1/30/10,325169.31,327169.31,1,0.35606494386399556,0.31108295824666443,0,FN
UTA,30,Fold3_part1/30/10,325669.31,327669.31,1,0.34922560308861356,0.3020801132899201,0,FN
UTA,30,Fold3_part1/30/10,328169.31,330169.31,1,0.2691781610135207,0.20271492492295173,0,FN
UTA,30,Fold3_part1/30/10,328669.31,330669.31,1,0.2691781610135207,0.20271492492295173,0,FN
UTA,30,Fold3_part1/30/10,329169.31,331169.31,1,0.2821301362589486,0.21794126943104733,0,FN
UTA,30,Fold3_part1/30/10,329669.31,331669.31,1,0.2597032808603711,0.19181279048231067,0,FN
UTA,30,Fold3_part1/30/10,330169.31,332169.31,1,0.27820357143144075,0.21328668783842405,0,FN
UTA,30,Fold3_part1/30/10,330669.31,332669.31,1,0.27077840050216023,0.20457623221749274,0,FN
UTA,30,Fold3_part1/30/10,331169.31,333169.31,1,0.27077840050216023,0.20457623221749274,0,FN
UTA,30,Fold3_part1/30/10,331669.31,333669.31,1,0.27077840050216023,0.20457623221749274,0,FN
UTA,30,Fold3_part1/30/10,332169.31,334169.31,1,0.27077840050216023,0.20457623221749274,0,FN
UTA,30,Fold3_part1/30/10,332669.31,334669.31,1,0.27077840050216023,0.20457623221749274,0,FN
UTA,30,Fold3_part1/30/10,335169.31,337169.31,1,0.2847428550552728,0.22105658785038224,0,FN
UTA,30,Fold3_part1/30/10,335669.31,337669.31,1,0.2897823349670144,0.22710587390488146,0,FN
UTA,30,Fold3_part1/30/10,336169.31,338169.31,1,0.2897823349670144,0.22710587390488146,0,FN
UTA,30,Fold3_part1/30/10,336669.31,338669.31,1,0.27077840050216023,0.20457623221749274,0,FN
UTA,30,Fold3_part1/30/10,337169.31,339169.31,1,0.2761237045495665,0.21083464719196474,0,FN
UTA,30,Fold3_part1/30/10,337669.31,339669.31,1,0.3080316673523578,0.24944054565360224,0,FN
UTA,30,Fold3_part1/30/10,340169.31,342169.31,1,0.3816093559896799,0.3452680048173468,0,FN
UTA,30,Fold3_part1/30/10,340669.31,342669.31,1,0.32330305697342177,0.2686165832591113,0,FN
UTA,30,Fold3_part1/30/10,341169.31,343169.31,1,0.2850352503418047,0.22140612558936737,0,FN
UTA,30,Fold3_part1/30/10,341669.31,343669.31,1,0.349381676051856,0.30228479314720613,0,FN
UTA,30,Fold3_part1/30/10,342169.31,344169.31,1,0.3824540879437429,0.34641227937102276,0,FN
UTA,30,Fold3_part1/30/10,344169.31,346169.31,1,0.37997084172231227,0.3430508204388527,0,FN
UTA,30,Fold3_part1/30/10,344669.31,346669.31,1,0.3632557784217028,0.32061999693747534,0,FN
UTA,30,Fold3_part1/30/10,345169.31,347169.31,1,0.3743405536822057,0.33545630584035785,0,FN
UTA,30,Fold3_part1/30/10,348169.31,350169.31,1,0.3706133094023521,0.33045005420586554,0,FN
UTA,30,Fold3_part1/30/10,348669.31,350669.31,1,0.35486964185779907,0.3095046650738113,0,FN
UTA,30,Fold3_part1/30/10,349169.31,351169.31,1,0.322347973075129,0.2674050160262987,0,FN
UTA,30,Fold3_part1/30/10,349669.31,351669.31,1,0.30362443733615446,0.24398693172223054,0,FN
UTA,30,Fold3_part1/30/10,350169.31,352169.31,1,0.3264755606069225,0.2726524267760644,0,FN
UTA,30,Fold3_part1/30/10,350669.31,352669.31,1,0.2977901699263056,0.23682527945956808,0,FN
UTA,30,Fold3_part1/30/10,351169.31,353169.31,1,0.29620189161475086,0.23488726362077547,0,FN
UTA,30,Fold3_part1/30/10,351669.31,353669.31,1,0.30961276893437467,0.25140602751610003,0,FN
UTA,30,Fold3_part1/30/10,352169.31,354169.31,1,0.2921947415563407,0.2300202316071303,0,FN
UTA,30,Fold3_part1/30/10,353169.31,355169.31,1,0.31393946853711546,0.2568084424701987,0,FN
UTA,30,Fold3_part1/30/10,354169.31,356169.31,1,0.31393946853711546,0.2568084424701987,0,FN
UTA,30,Fold3_part1/30/10,354669.31,356669.31,1,0.29620189161475086,0.23488726362077547,0,FN
UTA,30,Fold3_part1/30/10,355169.31,357169.31,1,0.336137163203508,0.28504824199457934,0,FN
UTA,30,Fold3_part1/30/10,368669.31,370669.31,1,0.33880279132010754,0.28849522595318516,0,FN
UTA,30,Fold3_part1/30/10,369169.31,371169.31,1,0.31559483625463247,0.25888449617806736,0,FN
UTA,30,Fold3_part1/30/10,369669.31,371669.31,1,0.40067642813208887,0.37128393612023547,0,FN
UTA,30,Fold3_part1/30/10,370169.31,372169.31,1,0.3581630526855424,0.3138582214924804,0,FN
UTA,30,Fold3_part1/30/10,579169.31,581169.31,1,0.27077840050216023,0.20457623221749274,0,FN
UTA,30,Fold3_part1/30/10,579669.31,581669.31,1,0.27077840050216023,0.20457623221749274,0,FN
UTA,30,Fold3_part1/30/10,580169.31,582169.31,1,0.27077840050216023,0.20457623221749274,0,FN
UTA,30,Fold3_part1/30/10,580669.31,582669.31,1,0.311667937946868,0.25396782779997074,0,FN
UTA,30,Fold3_part1/30/10,581169.31,583169.31,1,0.3481625101377333,0.3006869005594688,0,FN
UTA,30,Fold3_part1/30/10,581669.31,583669.31,1,0.311667937946868,0.25396782779997074,0,FN
UTA,30,Fold3_part1/30/10,582669.31,584669.31,1,0.3314051069950627,0.27895758213949834,0,FN
UTA,30,Fold3_part1/30/10,583669.31,585669.31,1,0.3484675286819632,0.3010864629842774,0,FN
UTA,30,Fold3_part1/30/10,584169.31,586169.31,1,0.2858939603812371,0.22243368873552788,0,FN
UTA,30,Fold3_part1/30/10,587669.31,589669.31,1,0.2658062529066909,0.19881170321320166,0,FN
UTA,30,Fold3_part1/30/10,588169.31,590169.31,1,0.2658062529066909,0.19881170321320166,0,FN
UTA,30,Fold3_part1/30/10,588669.31,590669.31,1,0.3314051069950627,0.27895758213949834,0,FN
UTA,30,Fold3_part1/30/10,589669.31,591669.31,1,0.37147290729624843,0.33160308107806824,0,FN
UTA,30,Fold3_part1/30/10,590669.31,592669.31,1,0.27077840050216023,0.20457623221749274,0,FN
UTA,30,Fold3_part1/30/10,593669.31,595669.31,1,0.34243667419809826,0.29321248162473174,0,FN
UTA,30,Fold3_part1/30/10,594669.31,596669.31,1,0.34243667419809826,0.29321248162473174,0,FN
UTA,30,Fold3_part1/30/10,595169.31,597169.31,1,0.2717261773278201,0.205681318322891,0,FN
UTA,30,Fold3_part1/30/10,597669.31,599669.31,1,0.2777202938490273,0.21271609632227845,0,FN
UTA,30,Fold3_part1/30/10,600169.31,602169.31,1,0.2470520578879176,0.17758122862488732,0,FN
UTA,30,Fold3_part1/30/10,600669.31,602669.31,1,0.3190962796690718,0.2632921440572071,0,FN
UTA,30,Fold3_part1/30/10,602669.31,604669.31,1,0.38961325450000467,0.35614217832841194,0,FN
UTA,30,Fold3_part1/30/10,603169.31,605169.31,1,0.264525089126811,0.1973353993636117,0,FN
UTA,30,Fold3_part1/30/10,603669.31,605669.31,1,0.3481625101377333,0.3006869005594688,0,FN
UTA,30,Fold3_part1/30/10,604169.31,606169.31,1,0.28047985267873987,0.2159809892653055,0,FN
UTA,30,Fold3_part1/30/10,604669.31,606669.31,1,0.2658062529066909,0.19881170321320166,0,FN
UTA,30,Fold3_part1/30/10,605169.31,607169.31,1,0.2658062529066909,0.19881170321320166,0,FN
UTA,30,Fold3_part1/30/10,605669.31,607669.31,1,0.2777202938490273,0.21271609632227845,0,FN
UTA,30,Fold3_part1/30/10,606169.31,608169.31,1,0.31191880616457685,0.2542810773904054,0,FN
UTA,30,Fold3_part1/30/10,606669.31,608669.31,1,0.36138223908049655,0.31812831099040884,0,FN
UTA,30,Fold3_part1/30/10,607169.31,609169.31,1,0.3433081393057394,0.29434683213225793,0,FN
SUST,unknown,d_785,5666.11,7666.11,1,0.3919479032061355,0.35932716024724676,0,FN
SUST,unknown,d_786,5166.11,7166.11,1,0.3431235532553552,0.29410646563884046,0,FN
SUST,unknown,d_786,5666.11,7666.11,1,0.36207765662523206,0.3190526161082453,0,FN
SUST,unknown,d_786,6166.11,8166.11,1,0.34689663915283664,0.29903015286289314,0,FN
SUST,unknown,d_786,6666.11,8666.11,1,0.3177090706138485,0.26154327206361055,0,FN
SUST,unknown,d_786,7166.11,9166.11,1,0.28507466533104314,0.2214532571306978,0,FN
SUST,unknown,d_788,6666.11,8666.11,1,0.3939734755626593,0.3620950924891447,0,FN
SUST,unknown,d_789,6166.11,8166.11,1,0.40075206067732216,0.37138786670588286,0,FN
SUST,unknown,d_789,6666.11,8666.11,1,0.40075206067732216,0.37138786670588286,0,FN
SUST,unknown,d_791,1666.11,3666.11,1,0.3599800557663796,0.31626662706502007,0,FN
SUST,unknown,d_791,4166.11,6166.11,1,0.39921171700127106,0.3692722733533189,0,FN
SUST,unknown,d_791,4666.11,6666.11,1,0.3885417454337082,0.35468233716392067,0,FN
SUST,unknown,d_791,5166.11,7166.11,1,0.39921171700127106,0.3692722733533189,0,FN
SUST,unknown,d_793,7666.11,9666.11,1,0.3766926393818531,0.3386243305163886,0,FN
SUST,unknown,d_794,4166.11,6166.11,1,0.3503824557464067,0.3035981118308132,0,FN
SUST,unknown,d_795,2666.11,4666.11,1,0.39270744998869744,0.3603645808636114,0,FN
SUST,unknown,d_795,5666.11,7666.11,1,0.34527150367432163,0.2969067618791577,0,FN
SUST,unknown,d_795,6166.11,8166.11,1,0.36832254258904845,0.32738191317478954,0,FN
SUST,unknown,d_795,6666.11,8666.11,1,0.384467610240372,0.349143073737477,0,FN
SUST,unknown,d_795,7166.11,9166.11,1,0.36832254258904845,0.32738191317478954,0,FN
SUST,unknown,d_800,2666.11,4666.11,1,0.3415014984586136,0.29199651709579866,0,FN
SUST,unknown,d_800,3166.11,5166.11,1,0.33911242985084183,0.2888963640405531,0,FN
SUST,unknown,d_800,3666.11,5666.11,1,0.3938266716514165,0.3618943443014031,0,FN
SUST,unknown,d_804,4666.11,6666.11,1,0.3978286237662881,0.36737459935276395,0,FN
SUST,unknown,d_820,5666.11,7666.11,1,0.3915315615682497,0.35875875788747463,0,FN
SUST,unknown,d_820,6166.11,8166.11,1,0.38953269481786923,0.35603237982290115,0,FN
SUST,unknown,d_820,6666.11,8666.11,1,0.39653038252216943,0.3655950459219032,0,FN
SUST,unknown,d_820,7166.11,9166.11,1,0.39653038252216943,0.3655950459219032,0,FN
SUST,unknown,d_824,3166.11,5166.11,1,0.3514655283345711,0.30502108945142103,0,FN
SUST,unknown,d_824,3666.11,5666.11,1,0.3794341851165436,0.3423253140942732,0,FN
SUST,unknown,d_824,4166.11,6166.11,1,0.3936265431073609,0.3616207123364944,0,FN
SUST,unknown,d_825,2666.11,4666.11,1,0.3856564317731089,0.3507575255046495,0,FN
SUST,unknown,d_825,3166.11,5166.11,1,0.386318860556871,0.35165780234057353,0,FN
SUST,unknown,d_826,2166.11,4166.11,1,0.3906561905740016,0.3575642662919376,0,FN
SUST,unknown,d_826,3166.11,5166.11,1,0.38111609278319797,0.34460020966201305,0,FN
SUST,unknown,d_828,3666.11,5666.11,1,0.36812739887942125,0.32712085881119923,0,FN
SUST,unknown,d_828,4166.11,6166.11,1,0.29548769337101405,0.23401744071970398,0,FN
SUST,unknown,d_828,7666.11,9666.11,1,0.39073112069802307,0.35766648102694015,0,FN
SUST,unknown,d_829,1666.11,3666.11,1,0.3352063445204802,0.283847280853707,0,FN
SUST,unknown,d_833,1666.11,3666.11,1,0.3810366422048819,0.3444926732678842,0,FN
SUST,unknown,d_835,5998.5,7998.5,1,0.3883717680143,0.35445087051170093,0,FN
SUST,unknown,d_835,6498.5,8498.5,1,0.3883717680143,0.35445087051170093,0,FN
SUST,unknown,d_835,6998.5,8998.5,1,0.3934954543987805,0.36144149941763903,0,FN
SUST,unknown,d_835,7498.5,9498.5,1,0.369784932256902,0.3293397918130589,0,FN
SUST,unknown,d_836,2166.11,4166.11,1,0.3823508386892751,0.34627237399078525,0,FN
SUST,unknown,d_836,2666.11,4666.11,1,0.39895252611668874,0.3689165093992622,0,FN
SUST,unknown,d_840,6666.11,8666.11,1,0.3707018269692863,0.33056874462833413,0,FN
SUST,unknown,d_840,7666.11,9666.11,1,0.3025219711831481,0.24262854617375004,0,FN
SUST,unknown,d_841,3999.0,5999.0,1,0.3809643984534072,0.34439489765996506,0,FN
SUST,unknown,d_841,4499.0,6499.0,1,0.3294036986047255,0.27639272423039213,0,FN
SUST,unknown,d_841,4999.0,6999.0,1,0.3503002774160118,0.30349021369468093,0,FN
SUST,unknown,d_841,5499.0,7499.0,1,0.34463046345859005,0.2960702909763644,0,FN
SUST,unknown,d_841,5999.0,7999.0,1,0.3467329795939954,0.29881613482764907,0,FN
SUST,unknown,d_841,6499.0,8499.0,1,0.38320446823963406,0.34742942902116414,0,FN
SUST,unknown,d_841,6999.0,8999.0,1,0.3767086341521854,0.33864589682867413,0,FN
SUST,unknown,d_841,7499.0,9499.0,1,0.3807829802082578,0.3441493905718994,0,FN
SUST,unknown,d_842,1666.11,3666.11,1,0.32995054246180017,0.27709285193887,0,FN
SUST,unknown,d_842,3166.11,5166.11,1,0.21727743820016157,0.14564438740999952,0,FN
SUST,unknown,d_842,3666.11,5666.11,1,0.16973410072489548,0.09960647378340276,0,FN
SUST,unknown,d_842,4166.11,6166.11,1,0.21228803361560689,0.14051725850580066,0,FN
SUST,unknown,d_842,4666.11,6666.11,1,0.2645532325739015,0.1973677894083809,0,FN
SUST,unknown,d_842,5166.11,7166.11,1,0.21784091027940172,0.1462275824321242,0,FN
SUST,unknown,d_842,5666.11,7666.11,1,0.2400537355552546,0.16987404058732686,0,FN
SUST,unknown,d_842,6166.11,8166.11,1,0.2719110467811349,0.20589710396983696,0,FN
SUST,unknown,d_842,6666.11,8666.11,1,0.22496455455315886,0.15367265549103418,0,FN
SUST,unknown,d_842,7166.11,9166.11,1,0.24126157918165142,0.1711956446774962,0,FN
SUST,unknown,d_842,7666.11,9666.11,1,0.2622162484099387,0.19468433209189356,0,FN
SUST,unknown,d_843,1666.11,3666.11,1,0.29284372302718803,0.23080627381676574,0,FN
SUST,unknown,d_843,2166.11,4166.11,1,0.22132609539084422,0.1498533974643606,0,FN
SUST,unknown,d_843,2666.11,4666.11,1,0.21812107876169012,0.14651787071556593,0,FN
SUST,unknown,d_843,3166.11,5166.11,1,0.22271335787629562,0.15130551921320468,0,FN
SUST,unknown,d_843,3666.11,5666.11,1,0.33281393440900237,0.2807670392909814,0,FN
SUST,unknown,d_843,4166.11,6166.11,1,0.31589266056459425,0.2592585381440318,0,FN
SUST,unknown,d_843,4666.11,6666.11,1,0.3539619732803061,0.3083075319763294,0,FN
SUST,unknown,d_843,5166.11,7166.11,1,0.3064153253047809,0.24743613985969343,0,FN
SUST,unknown,d_843,5666.11,7666.11,1,0.2817450285819765,0.21748330244112818,0,FN
SUST,unknown,d_843,6166.11,8166.11,1,0.2925480497446413,0.2304480500961439,0,FN
SUST,unknown,d_843,6666.11,8666.11,1,0.30025261022754185,0.23983982990392963,0,FN
SUST,unknown,d_843,7166.11,9166.11,1,0.2790888898593351,0.2143332641471791,0,FN
SUST,unknown,d_843,7666.11,9666.11,1,0.32515241171557324,0.2709670914126185,0,FN
SUST,unknown,d_848,1666.67,3666.67,1,0.380837517974316,0.34422319064838675,0,FN
SUST,unknown,d_849,3666.67,5666.67,1,0.3772396399661029,0.339362045203922,0,FN
SUST,unknown,d_849,4166.67,6166.67,1,0.2550918381978961,0.18658148701463365,0,FN
SUST,unknown,d_849,4666.67,6666.67,1,0.22876474344370043,0.15769834733128377,0,FN
SUST,unknown,d_849,5166.67,7166.67,1,0.263292624205015,0.19591873691825215,0,FN
SUST,unknown,d_849,5666.67,7666.67,1,0.2372958930580799,0.16687001499512086,0,FN
SUST,unknown,d_849,6166.67,8166.67,1,0.39377279961338046,0.3618206820625209,0,FN
SUST,unknown,d_851,1666.67,3666.67,1,0.23004519103600757,0.15906314175754174,0,FN
SUST,unknown,d_851,2166.67,4166.67,1,0.22525942206856164,0.15398368494758788,0,FN
SUST,unknown,d_851,2666.67,4666.67,1,0.3451261406085569,0.29671702754652984,0,FN
SUST,unknown,d_851,3166.67,5166.67,1,0.3845142610115492,0.34920639699980427,0,FN
SUST,unknown,d_862,4166.67,6166.67,1,0.38548922166655264,0.3505303545956327,0,FN
SUST,unknown,d_862,4666.67,6666.67,1,0.3397160688388791,0.2896788190859827,0,FN
SUST,unknown,d_862,5166.67,7166.67,1,0.37233183463272873,0.33275613756939315,0,FN
SUST,unknown,d_866,7166.67,9166.67,1,0.336375327494551,0.285355752183694,0,FN
SUST,unknown,d_866,7666.67,9666.67,1,0.2546079625854729,0.18603545822334253,0,FN
SUST,unknown,d_873,2666.67,4666.67,1,0.24819005190991617,0.17884576770548782,0,FN
SUST,unknown,d_873,3166.67,5166.67,1,0.2521764552950313,0.18330000509111824,0,FN
SUST,unknown,d_873,3666.67,5666.67,1,0.2348278477866334,0.16419776129407423,0,FN
SUST,unknown,d_873,4166.67,6166.67,1,0.323321600737506,0.26864012264505677,0,FN
SUST,unknown,d_873,4666.67,6666.67,1,0.33151540769148846,0.27909913018550264,0,FN
SUST,unknown,d_874,2666.67,4666.67,1,0.38725946384428195,0.3529369628530148,0,FN
SUST,unknown,d_874,3166.67,5166.67,1,0.38101454618888647,0.34446276759855915,0,FN
SUST,unknown,d_874,3666.67,5666.67,1,0.3427426369384504,0.29361060645591563,0,FN
SUST,unknown,d_875,1666.67,3666.67,1,0.320699253119612,0.26531731020793003,0,FN
SUST,unknown,d_875,5166.67,7166.67,1,0.37125127853652046,0.33130570872843756,0,FN
SUST,unknown,d_875,5666.67,7666.67,1,0.2988143323740113,0.2380776184035177,0,FN
SUST,unknown,d_875,6166.67,8166.67,1,0.31099400255969584,0.2531268890827844,0,FN
SUST,unknown,d_875,6666.67,8666.67,1,0.3111915908681072,0.2533733528971634,0,FN
SUST,unknown,d_883,4666.67,6666.67,1,0.3761809107033104,0.3379345114845692,0,FN
SUST,unknown,d_884,1666.67,3666.67,1,0.38472208861143015,0.34948852959405663,0,FN
SUST,unknown,d_884,3666.67,5666.67,1,0.3166288645304007,0.260183838277986,0,FN
SUST,unknown,d_884,4166.67,6166.67,1,0.32564311875557783,0.27159176846363253,0,FN
SUST,unknown,d_884,4666.67,6666.67,1,0.2304911715774738,0.15953948487572572,0,FN
SUST,unknown,d_884,5166.67,7166.67,1,0.27297481922186234,0.20714024190973795,0,FN
SUST,unknown,d_884,5666.67,7666.67,1,0.38109886507520085,0.3445768913311844,0,FN
SUST,unknown,d_884,6166.67,8166.67,1,0.38512302456574626,0.3500329493152897,0,FN
SUST,unknown,d_884,6666.67,8666.67,1,0.39268929020559434,0.36033977050831006,0,FN
SUST,unknown,d_888,2666.67,4666.67,1,0.3767787974324226,0.3387405040883464,0,FN
SUST,unknown,d_888,3666.67,5666.67,1,0.40095229195975035,0.37166304093079744,0,FN
SUST,unknown,d_888,6666.67,8666.67,1,0.37563527757376386,0.3371993375071701,0,FN
SUST,unknown,d_888,7166.67,9166.67,1,0.2800940424796912,0.2155235453975478,0,FN
SUST,unknown,d_892,3166.67,5166.67,1,0.37105009145932516,0.3310358178246563,0,FN
SUST,unknown,d_892,3666.67,5666.67,1,0.3381847560613275,0.2876950155760674,0,FN
SUST,unknown,d_892,4166.67,6166.67,1,0.3698283254063345,0.3293979293593468,0,FN
SUST,unknown,d_892,4666.67,6666.67,1,0.39053756161332176,0.35740245259217707,0,FN
SUST,unknown,d_896,3666.67,5666.67,1,0.27099939482656665,0.20483372831012375,0,FN
SUST,unknown,d_896,4166.67,6166.67,1,0.24605425915973037,0.17647505286701984,0,FN
SUST,unknown,d_896,4666.67,6666.67,1,0.2189236246716376,0.14735055449297244,0,FN
SUST,unknown,d_896,5166.67,7166.67,1,0.21266994934881003,0.14090736011038688,0,FN
SUST,unknown,d_896,5666.67,7666.67,1,0.23255935049571383,0.1617550895908862,0,FN
SUST,unknown,d_896,6166.67,8166.67,1,0.3283436895420428,0.2750370249909378,0,FN
SUST,unknown,d_897,3166.67,5166.67,1,0.39610064108037846,0.365006348099122,0,FN
SUST,unknown,d_897,3666.67,5666.67,1,0.383382450634326,0.3476707802207353,0,FN
SUST,unknown,d_897,4166.67,6166.67,1,0.36016004228315707,0.3165054447904773,0,FN
SUST,unknown,d_897,7166.67,9166.67,1,0.3647115802664511,0.3225593813292576,0,FN
SUST,unknown,d_899,1671.12,3671.12,1,0.3479945819507727,0.30046698069252104,0,FN
SUST,unknown,d_899,2171.12,4171.12,1,0.33816932576358427,0.28767504477483197,0,FN
SUST,unknown,d_899,2671.12,4671.12,1,0.3130747747097371,0.255725996081652,0,FN
SUST,unknown,d_899,6671.12,8671.119999999999,1,0.3745947675687921,0.33579838140481233,0,FN
SUST,unknown,d_899,7171.12,9171.12,1,0.3268722563750014,0.27315829619561066,0,FN
SUST,unknown,d_900,5171.12,7171.12,1,0.3790410859814835,0.3417940977329723,0,FN
SUST,unknown,d_900,5671.12,7671.12,1,0.35202137031688857,0.30575204207359064,0,FN
SUST,unknown,d_900,6171.12,8171.12,1,0.3438717503768913,0.29508108819331524,0,FN
SUST,unknown,d_900,6671.12,8671.119999999999,1,0.2901705449596269,0.2275740542718395,0,FN
SUST,unknown,d_900,7171.12,9171.12,1,0.2754355292104103,0.21002539839123344,0,FN
SUST,unknown,d_900,7671.12,9671.12,1,0.3180993641037642,0.26203497118175734,0,FN
SUST,unknown,d_901,1671.12,3671.12,1,0.3266919257939118,0.2729283038793372,0,FN
SUST,unknown,d_901,2171.12,4171.12,1,0.32879828057775695,0.2756181917371048,0,FN
SUST,unknown,d_901,2671.12,4671.12,1,0.32879828057775695,0.2756181917371048,0,FN
SUST,unknown,d_901,3171.12,5171.12,1,0.32879828057775695,0.2756181917371048,0,FN
SUST,unknown,d_901,3671.12,5671.12,1,0.33466177869766744,0.28314532484776916,0,FN
SUST,unknown,d_901,4171.12,6171.12,1,0.32879828057775695,0.2756181917371048,0,FN
SUST,unknown,d_901,4671.12,6671.12,1,0.35511455599157976,0.309827887070073,0,FN
SUST,unknown,d_901,5171.12,7171.12,1,0.33275611146693884,0.28069270844512095,0,FN
SUST,unknown,d_901,5671.12,7671.12,1,0.3386997677594622,0.2883617923281664,0,FN
SUST,unknown,d_901,6171.12,8171.12,1,0.2981883305169402,0.23731190079889455,0,FN
SUST,unknown,d_901,6671.12,8671.119999999999,1,0.3339883535119445,0.28227793701887943,0,FN
SUST,unknown,d_901,7671.12,9671.12,1,0.3459714841386192,0.29782085918271367,0,FN
SUST,unknown,d_902,1671.12,3671.12,1,0.30808532677773354,0.2495071729374385,0,FN
SUST,unknown,d_902,2171.12,4171.12,1,0.3098065376534537,0.2516472263641685,0,FN
SUST,unknown,d_902,2671.12,4671.12,1,0.34143029867247937,0.29190399541637047,0,FN
SUST,unknown,d_902,3171.12,5171.12,1,0.3165834108248436,0.26012668121720467,0,FN
SUST,unknown,d_902,3671.12,5671.12,1,0.3148417241692763,0.25793937185583693,0,FN
SUST,unknown,d_902,4171.12,6171.12,1,0.3148417241692763,0.25793937185583693,0,FN
SUST,unknown,d_902,4671.12,6671.12,1,0.3272376328716459,0.2736244652012207,0,FN
SUST,unknown,d_902,5171.12,7171.12,1,0.3272376328716459,0.2736244652012207,0,FN
SUST,unknown,d_902,5671.12,7671.12,1,0.35433167187539394,0.30879498831503394,0,FN
SUST,unknown,d_902,6171.12,8171.12,1,0.35433167187539394,0.30879498831503394,0,FN
SUST,unknown,d_902,6671.12,8671.119999999999,1,0.35433167187539394,0.30879498831503394,0,FN
SUST,unknown,d_902,7171.12,9171.12,1,0.36382404550810526,0.3213766914219138,0,FN
SUST,unknown,d_902,7671.12,9671.12,1,0.3187147720846879,0.2628108290262289,0,FN
SUST,unknown,d_903,1671.12,3671.12,1,0.330121401165051,0.27731170654976756,0,FN
SUST,unknown,d_903,2171.12,4171.12,1,0.27692934368683153,0.2117833353048372,0,FN
SUST,unknown,d_903,2671.12,4671.12,1,0.293107846320505,0.23112642307915562,0,FN
SUST,unknown,d_903,3171.12,5171.12,1,0.2754153644787149,0.21000170157164222,0,FN
SUST,unknown,d_903,3671.12,5671.12,1,0.3193642146805156,0.263630329793191,0,FN
SUST,unknown,d_903,4171.12,6171.12,1,0.3193642146805156,0.263630329793191,0,FN
SUST,unknown,d_903,4671.12,6671.12,1,0.3133586773786003,0.25608124127004345,0,FN
SUST,unknown,d_903,5171.12,7171.12,1,0.37840791785358624,0.34093884628531756,0,FN
SUST,unknown,d_903,5671.12,7671.12,1,0.3464807608863488,0.29848638717207154,0,FN
SUST,unknown,d_903,6171.12,8171.12,1,0.35029574480004505,0.30348426277121676,0,FN
SUST,unknown,d_903,6671.12,8671.119999999999,1,0.34818717679158756,0.3007192077356325,0,FN
SUST,unknown,d_903,7171.12,9171.12,1,0.3626911060322122,0.31986851920947657,0,FN
SUST,unknown,d_903,7671.12,9671.12,1,0.3626911060322122,0.31986851920947657,0,FN
SUST,unknown,d_904,1671.12,3671.12,1,0.3246650591360035,0.2703470962764769,0,FN
SUST,unknown,d_904,2171.12,4171.12,1,0.3272376328716459,0.2736244652012207,0,FN
SUST,unknown,d_904,2671.12,4671.12,1,0.3148417241692763,0.25793937185583693,0,FN
SUST,unknown,d_904,3171.12,5171.12,1,0.3148417241692763,0.25793937185583693,0,FN
SUST,unknown,d_904,3671.12,5671.12,1,0.3363823187507595,0.28536478045896463,0,FN
SUST,unknown,d_904,4171.12,6171.12,1,0.3363823187507595,0.28536478045896463,0,FN
SUST,unknown,d_904,4671.12,6671.12,1,0.3277151099236592,0.27423400215131705,0,FN
SUST,unknown,d_904,5171.12,7171.12,1,0.34377021151117493,0.29494877007988746,0,FN
SUST,unknown,d_904,5671.12,7671.12,1,0.37161085003372835,0.3317881981932893,0,FN
SUST,unknown,d_904,6171.12,8171.12,1,0.3565915335978942,0.3117789188730917,0,FN
SUST,unknown,d_904,6671.12,8671.119999999999,1,0.3537360027023913,0.3080096813373158,0,FN
SUST,unknown,d_905,1671.12,3671.12,1,0.34907638429349036,0.3018844561494839,0,FN
SUST,unknown,d_905,2171.12,4171.12,1,0.34907638429349036,0.3018844561494839,0,FN
SUST,unknown,d_905,2671.12,4671.12,1,0.34907638429349036,0.3018844561494839,0,FN
SUST,unknown,d_905,3171.12,5171.12,1,0.34907638429349036,0.3018844561494839,0,FN
SUST,unknown,d_905,3671.12,5671.12,1,0.34907638429349036,0.3018844561494839,0,FN
SUST,unknown,d_905,4171.12,6171.12,1,0.31588260014721714,0.2592459004867406,0,FN
SUST,unknown,d_905,4671.12,6671.12,1,0.37306703307718453,0.3337438283576149,0,FN
SUST,unknown,d_905,5171.12,7171.12,1,0.399007077797999,0.3689913813542546,0,FN
SUST,unknown,d_905,5671.12,7671.12,1,0.36628506587140996,0.32465870892648,0,FN
SUST,unknown,d_905,6171.12,8171.12,1,0.35676449116765707,0.31200759163000835,0,FN
SUST,unknown,d_905,6671.12,8671.119999999999,1,0.33947857220329075,0.28937089979010994,0,FN
SUST,unknown,d_905,7171.12,9171.12,1,0.35676449116765707,0.31200759163000835,0,FN
SUST,unknown,d_905,7671.12,9671.12,1,0.3848215660002231,0.3496235904190598,0,FN
SUST,unknown,d_906,1671.12,3671.12,1,0.35511455599157976,0.309827887070073,0,FN
SUST,unknown,d_906,2171.12,4171.12,1,0.35511455599157976,0.309827887070073,0,FN
SUST,unknown,d_906,2671.12,4671.12,1,0.3251141381271615,0.2709183860590258,0,FN
SUST,unknown,d_906,3171.12,5171.12,1,0.3185657719686808,0.2626229191821304,0,FN
SUST,unknown,d_906,3671.12,5671.12,1,0.31435814117408456,0.2573330410461647,0,FN
SUST,unknown,d_906,4171.12,6171.12,1,0.3204328874609452,0.2649804727447128,0,FN
SUST,unknown,d_906,4671.12,6671.12,1,0.3204328874609452,0.2649804727447128,0,FN
SUST,unknown,d_906,5171.12,7171.12,1,0.3204328874609452,0.2649804727447128,0,FN
SUST,unknown,d_906,5671.12,7671.12,1,0.3545724696603546,0.3091125915185261,0,FN
SUST,unknown,d_906,6171.12,8171.12,1,0.35339718263441916,0.30756322245458645,0,FN
SUST,unknown,d_906,6671.12,8671.119999999999,1,0.38356872707404943,0.34792341689672707,0,FN
SUST,unknown,d_906,7171.12,9171.12,1,0.39238359899744074,0.3599221785980828,0,FN
SUST,unknown,d_907,1671.12,3671.12,1,0.31889276222283125,0.26303535137513295,0,FN
SUST,unknown,d_907,2171.12,4171.12,1,0.32674326524756475,0.2729937761793283,0,FN
SUST,unknown,d_907,2671.12,4671.12,1,0.31807125647129475,0.26199955151180165,0,FN
SUST,unknown,d_907,3171.12,5171.12,1,0.3390090601558429,0.2887624311752871,0,FN
SUST,unknown,d_907,3671.12,5671.12,1,0.35160844611791886,0.3052089884014228,0,FN
SUST,unknown,d_907,4171.12,6171.12,1,0.34195329629039667,0.29258379778877913,0,FN
SUST,unknown,d_907,5671.12,7671.12,1,0.32686967562551483,0.27315500433395,0,FN
SUST,unknown,d_907,6171.12,8171.12,1,0.32753725738619444,0.2740069140072443,0,FN
SUST,unknown,d_907,6671.12,8671.119999999999,1,0.3558445920587678,0.3107918497669354,0,FN
SUST,unknown,d_907,7671.12,9671.12,1,0.3710979461710554,0.33110000991775324,0,FN
SUST,unknown,d_908,1671.12,3671.12,1,0.37001006847057033,0.3296414523206594,0,FN
SUST,unknown,d_908,2171.12,4171.12,1,0.3637064443988334,0.3212200603076318,0,FN
SUST,unknown,d_908,3171.12,5171.12,1,0.36785531540376953,0.32675696019585787,0,FN
SUST,unknown,d_908,3671.12,5671.12,1,0.3348159033966694,0.2833439454979012,0,FN
SUST,unknown,d_908,4171.12,6171.12,1,0.3348159033966694,0.2833439454979012,0,FN
SUST,unknown,d_908,4671.12,6671.12,1,0.3410284280085849,0.2913819273433654,0,FN
SUST,unknown,d_908,5171.12,7171.12,1,0.32285797704325103,0.2680517806188219,0,FN
SUST,unknown,d_908,5671.12,7671.12,1,0.3255784219290896,0.2715093847207858,0,FN
SUST,unknown,d_908,6171.12,8171.12,1,0.29884075251795533,0.2381099522282425,0,FN
SUST,unknown,d_908,6671.12,8671.119999999999,1,0.29884075251795533,0.2381099522282425,0,FN
SUST,unknown,d_908,7171.12,9171.12,1,0.29884075251795533,0.2381099522282425,0,FN
SUST,unknown,d_908,7671.12,9671.12,1,0.3075546594942011,0.24884849879706064,0,FN
SUST,unknown,d_909,1671.12,3671.12,1,0.31979757587539415,0.2641775861623983,0,FN
SUST,unknown,d_909,2171.12,4171.12,1,0.31979757587539415,0.2641775861623983,0,FN
SUST,unknown,d_909,2671.12,4671.12,1,0.31979757587539415,0.2641775861623983,0,FN
SUST,unknown,d_909,3171.12,5171.12,1,0.31979757587539415,0.2641775861623983,0,FN
SUST,unknown,d_909,3671.12,5671.12,1,0.3155484254323118,0.25882622266024896,0,FN
SUST,unknown,d_909,4171.12,6171.12,1,0.32293655981436126,0.268151476319435,0,FN
SUST,unknown,d_909,4671.12,6671.12,1,0.3155484254323118,0.25882622266024896,0,FN
SUST,unknown,d_909,5171.12,7171.12,1,0.33202036966044524,0.27974740252487085,0,FN
SUST,unknown,d_909,5671.12,7671.12,1,0.33202036966044524,0.27974740252487085,0,FN
SUST,unknown,d_909,6171.12,8171.12,1,0.33202036966044524,0.27974740252487085,0,FN
SUST,unknown,d_909,6671.12,8671.119999999999,1,0.3840551787028011,0.34858334978112027,0,FN
SUST,unknown,d_909,7171.12,9171.12,1,0.3893537931639822,0.35578857127020885,0,FN
SUST,unknown,d_909,7671.12,9671.12,1,0.3840551787028011,0.34858334978112027,0,FN
SUST,unknown,d_910,1671.12,3671.12,1,0.3338074418874689,0.2820450451829774,0,FN
SUST,unknown,d_910,2171.12,4171.12,1,0.347575016879309,0.2999177006030775,0,FN
SUST,unknown,d_910,2671.12,4671.12,1,0.3354825392769638,0.2842034860313664,0,FN
SUST,unknown,d_910,3171.12,5171.12,1,0.34658116115813137,0.29861763771234856,0,FN
SUST,unknown,d_910,3671.12,5671.12,1,0.3588576508545044,0.3147783577945154,0,FN
SUST,unknown,d_910,4171.12,6171.12,1,0.35943130317808797,0.31553878262219004,0,FN
SUST,unknown,d_910,4671.12,6671.12,1,0.3769324558490374,0.33894771578889094,0,FN
SUST,unknown,d_910,7171.12,9171.12,1,0.36787755835405517,0.3267867054760472,0,FN
SUST,unknown,d_910,7671.12,9671.12,1,0.34222094111501083,0.2929318530292978,0,FN
SUST,unknown,d_911,1671.12,3671.12,1,0.31979757587539415,0.2641775861623983,0,FN
SUST,unknown,d_911,2171.12,4171.12,1,0.31979757587539415,0.2641775861623983,0,FN
SUST,unknown,d_911,2671.12,4671.12,1,0.3215538115711585,0.2663988042730554,0,FN
SUST,unknown,d_911,3171.12,5171.12,1,0.3215538115711585,0.2663988042730554,0,FN
SUST,unknown,d_911,3671.12,5671.12,1,0.3215538115711585,0.2663988042730554,0,FN
SUST,unknown,d_911,4171.12,6171.12,1,0.31552618719167147,0.25879830167105783,0,FN
SUST,unknown,d_911,4671.12,6671.12,1,0.3526584898349466,0.3065904324673313,0,FN
SUST,unknown,d_911,5171.12,7171.12,1,0.3508202156283948,0.3041730477804521,0,FN
SUST,unknown,d_911,5671.12,7671.12,1,0.3363823187507595,0.28536478045896463,0,FN
SUST,unknown,d_911,6171.12,8171.12,1,0.3148417241692763,0.25793937185583693,0,FN
SUST,unknown,d_911,6671.12,8671.119999999999,1,0.31979757587539415,0.2641775861623983,0,FN
SUST,unknown,d_911,7171.12,9171.12,1,0.31979757587539415,0.2641775861623983,0,FN
SUST,unknown,d_911,7671.12,9671.12,1,0.31979757587539415,0.2641775861623983,0,FN
SUST,unknown,d_912,1671.12,3671.12,1,0.3356619772868289,0.2844349716438641,0,FN
SUST,unknown,d_912,2171.12,4171.12,1,0.32765963793328123,0.2741631678541756,0,FN
SUST,unknown,d_912,2671.12,4671.12,1,0.32765963793328123,0.2741631678541756,0,FN
SUST,unknown,d_912,3171.12,5171.12,1,0.32765963793328123,0.2741631678541756,0,FN
SUST,unknown,d_912,3671.12,5671.12,1,0.32075694560522533,0.2653902828263173,0,FN
SUST,unknown,d_912,4171.12,6171.12,1,0.31979757587539415,0.2641775861623983,0,FN
SUST,unknown,d_912,4671.12,6671.12,1,0.3143741569487889,0.25735311525535526,0,FN
SUST,unknown,d_912,5171.12,7171.12,1,0.32599335425824666,0.2720378769673222,0,FN
SUST,unknown,d_912,5671.12,7671.12,1,0.32599335425824666,0.2720378769673222,0,FN
SUST,unknown,d_912,6171.12,8171.12,1,0.32599335425824666,0.2720378769673222,0,FN
SUST,unknown,d_912,6671.12,8671.119999999999,1,0.32765963793328123,0.2741631678541756,0,FN
SUST,unknown,d_912,7171.12,9171.12,1,0.3719499360139708,0.33224334820399753,0,FN
SUST,unknown,d_912,7671.12,9671.12,1,0.39888904947760173,0.3688293915898029,0,FN
SUST,unknown,d_913,1671.12,3671.12,1,0.3187147720846879,0.2628108290262289,0,FN
SUST,unknown,d_913,2171.12,4171.12,1,0.3187147720846879,0.2628108290262289,0,FN
SUST,unknown,d_913,2671.12,4671.12,1,0.3179257553512981,0.26181622179802333,0,FN
SUST,unknown,d_913,3171.12,5171.12,1,0.37019408887651595,0.3298880696416796,0,FN
SUST,unknown,d_913,3671.12,5671.12,1,0.3543712130779047,0.308847135958386,0,FN
SUST,unknown,d_913,4171.12,6171.12,1,0.38754878386430847,0.35333061415918454,0,FN
SUST,unknown,d_913,4671.12,6671.12,1,0.33827661225393685,0.28781390915701316,0,FN
SUST,unknown,d_913,5171.12,7171.12,1,0.3556917497728982,0.3105899691618094,0,FN
SUST,unknown,d_913,5671.12,7671.12,1,0.37019408887651595,0.3298880696416796,0,FN
SUST,unknown,d_913,6171.12,8171.12,1,0.37019408887651595,0.3298880696416796,0,FN
SUST,unknown,d_913,6671.12,8671.119999999999,1,0.37019408887651595,0.3298880696416796,0,FN
SUST,unknown,d_913,7171.12,9171.12,1,0.3884938978534829,0.35461717759972045,0,FN
SUST,unknown,d_913,7671.12,9671.12,1,0.3654539789569825,0.32354947400248574,0,FN
SUST,unknown,d_914,1671.12,3671.12,1,0.34079964520776085,0.29108483010663255,0,FN
SUST,unknown,d_914,5671.12,7671.12,1,0.3931610884562856,0.3609844635131356,0,FN
SUST,unknown,d_914,6171.12,8171.12,1,0.36860595606555824,0.32776113839831345,0,FN
SUST,unknown,d_914,6671.12,8671.119999999999,1,0.3846974381302553,0.3494550632533551,0,FN
SUST,unknown,d_914,7171.12,9171.12,1,0.3814415920638019,0.34504084926448464,0,FN
SUST,unknown,d_914,7671.12,9671.12,1,0.375978802278578,0.3376621530084569,0,FN
SUST,unknown,d_917,1671.12,3671.12,1,0.3667063111048868,0.3252212831826876,0,FN
SUST,unknown,d_917,2171.12,4171.12,1,0.3782201564282217,0.34068531890671233,0,FN
SUST,unknown,d_917,2671.12,4671.12,1,0.38051245654033605,0.3437833711195384,0,FN
SUST,unknown,d_917,3171.12,5171.12,1,0.39865356871201235,0.3685062426173434,0,FN
SUST,unknown,d_917,3671.12,5671.12,1,0.3942615192302058,0.362489043871658,0,FN
SUST,unknown,d_917,5171.12,7171.12,1,0.39488461129098096,0.3633415219182061,0,FN
SUST,unknown,d_917,6671.12,8671.119999999999,1,0.3769183634624734,0.338928710718745,0,FN
SUST,unknown,d_917,7171.12,9171.12,1,0.33850438025753565,0.2881087776471468,0,FN
SUST,unknown,d_917,7671.12,9671.12,1,0.34709715269601915,0.2992924201574731,0,FN
SUST,unknown,d_918,1671.12,3671.12,1,0.34709715269601915,0.2992924201574731,0,FN
SUST,unknown,d_918,2171.12,4171.12,1,0.3550019876463187,0.3096793159227626,0,FN
SUST,unknown,d_918,2671.12,4671.12,1,0.3450549772154815,0.2966241537098599,0,FN
SUST,unknown,d_918,3171.12,5171.12,1,0.36749101134874557,0.3262698713305347,0,FN
SUST,unknown,d_918,3671.12,5671.12,1,0.36871394336411634,0.32790565951085987,0,FN
SUST,unknown,d_918,4171.12,6171.12,1,0.38092730841921385,0.3443447018864996,0,FN
SUST,unknown,d_919,3671.12,5671.12,1,0.3809825530317586,0.344419467727589,0,FN
SUST,unknown,d_919,4171.12,6171.12,1,0.35948752519510296,0.31561333421791216,0,FN
SUST,unknown,d_919,4671.12,6671.12,1,0.3667736410421635,0.325311224059939,0,FN
SUST,unknown,d_919,5171.12,7171.12,1,0.3542048621403197,0.3086277645300872,0,FN
SUST,unknown,d_919,5671.12,7671.12,1,0.3542048621403197,0.3086277645300872,0,FN
SUST,unknown,d_919,6171.12,8171.12,1,0.34709715269601915,0.2992924201574731,0,FN
SUST,unknown,d_919,6671.12,8671.119999999999,1,0.34709715269601915,0.2992924201574731,0,FN
SUST,unknown,d_919,7171.12,9171.12,1,0.33984829816476986,0.2898502958727079,0,FN
SUST,unknown,d_919,7671.12,9671.12,1,0.3512403292550217,0.3047250732096157,0,FN
SUST,unknown,d_920,1671.12,3671.12,1,0.3636692588538408,0.3211705373060414,0,FN
SUST,unknown,d_920,2171.12,4171.12,1,0.3719499360139708,0.33224334820399753,0,FN
SUST,unknown,d_920,2671.12,4671.12,1,0.36048711546527407,0.31693954071693514,0,FN
SUST,unknown,d_920,3171.12,5171.12,1,0.34748223681199664,0.2997962718983855,0,FN
SUST,unknown,d_920,3671.12,5671.12,1,0.36048711546527407,0.31693954071693514,0,FN
SUST,unknown,d_920,4171.12,6171.12,1,0.365405421211565,0.32348469313206957,0,FN
SUST,unknown,d_920,4671.12,6671.12,1,0.35407848799286,0.308461138158004,0,FN
SUST,unknown,d_920,5171.12,7171.12,1,0.383614180118117,0.3479850683623942,0,FN
SUST,unknown,d_920,5671.12,7671.12,1,0.342549335361261,0.2933590616423172,0,FN
SUST,unknown,d_920,6171.12,8171.12,1,0.33884966889062657,0.28855594624786574,0,FN
SUST,unknown,d_920,6671.12,8671.119999999999,1,0.33884966889062657,0.28855594624786574,0,FN
SUST,unknown,d_921,1671.12,3671.12,1,0.35611081858612964,0.311143572366238,0,FN
SUST,unknown,d_921,2171.12,4171.12,1,0.37621937376762987,0.33798634936704774,0,FN
SUST,unknown,d_921,2671.12,4671.12,1,0.36576206951399814,0.3239605700737338,0,FN
SUST,unknown,d_921,3171.12,5171.12,1,0.36576206951399814,0.3239605700737338,0,FN
SUST,unknown,d_921,3671.12,5671.12,1,0.34443844157469256,0.2958198510081352,0,FN
SUST,unknown,d_921,4171.12,6171.12,1,0.34443844157469256,0.2958198510081352,0,FN
SUST,unknown,d_921,4671.12,6671.12,1,0.34443844157469256,0.2958198510081352,0,FN
SUST,unknown,d_921,7671.12,9671.12,1,0.3649037984127903,0.3228156610275554,0,FN
SUST,unknown,d_922,2171.12,4171.12,1,0.38710958883820407,0.35273307752129296,0,FN
SUST,unknown,d_922,2671.12,4671.12,1,0.3743848795974204,0.33551594601591295,0,FN
SUST,unknown,d_922,3171.12,5171.12,1,0.3563623664034271,0.3114759947046574,0,FN
SUST,unknown,d_922,3671.12,5671.12,1,0.3627891839269851,0.31999901245626,0,FN
SUST,unknown,d_922,4171.12,6171.12,1,0.3627891839269851,0.31999901245626,0,FN
SUST,unknown,d_922,4671.12,6671.12,1,0.3627891839269851,0.31999901245626,0,FN
SUST,unknown,d_922,5171.12,7171.12,1,0.3514506988510971,0.3050015943309688,0,FN
SUST,unknown,d_922,5671.12,7671.12,1,0.3514506988510971,0.3050015943309688,0,FN
SUST,unknown,d_922,6171.12,8171.12,1,0.3451159554202477,0.296703734597826,0,FN
SUST,unknown,d_922,6671.12,8671.119999999999,1,0.35965062560028244,0.31582963358151345,0,FN
SUST,unknown,d_922,7171.12,9171.12,1,0.3649505306328566,0.322877975355259,0,FN
SUST,unknown,d_922,7671.12,9671.12,1,0.3598920771821135,0.3161499076486159,0,FN
SUST,unknown,d_923,4671.12,6671.12,1,0.3424367639748456,0.29321259842266495,0,FN
SUST,unknown,d_923,5171.12,7171.12,1,0.38480549508041406,0.3496017701217876,0,FN
SUST,unknown,d_923,5671.12,7671.12,1,0.38480549508041406,0.3496017701217876,0,FN
SUST,unknown,d_923,6171.12,8171.12,1,0.39488461129098096,0.3633415219182061,0,FN
SUST,unknown,d_923,6671.12,8671.119999999999,1,0.3627891839269851,0.31999901245626,0,FN
SUST,unknown,d_924,6671.12,8671.119999999999,1,0.39878117236431265,0.3686813457634268,0,FN
SUST,unknown,d_924,7671.12,9671.12,1,0.3865677072223329,0.3519961235391446,0,FN
SUST,unknown,d_925,3671.12,5671.12,1,0.3792684038476039,0.3421012626278728,0,FN
SUST,unknown,d_925,4171.12,6171.12,1,0.3774979264423217,0.3397105090584851,0,FN
SUST,unknown,d_925,4671.12,6671.12,1,0.3774979264423217,0.3397105090584851,0,FN
SUST,unknown,d_925,5171.12,7171.12,1,0.3774979264423217,0.3397105090584851,0,FN
SUST,unknown,d_925,5671.12,7671.12,1,0.3774979264423217,0.3397105090584851,0,FN
SUST,unknown,d_925,6171.12,8171.12,1,0.3547318375577033,0.30932283750959483,0,FN
SUST,unknown,d_925,6671.12,8671.119999999999,1,0.3921472365613498,0.359599360142638,0,FN
SUST,unknown,d_926,3171.12,5171.12,1,0.34489760798499375,0.2964188019923955,0,FN
SUST,unknown,d_926,3671.12,5671.12,1,0.29182701224972357,0.22957522046511414,0,FN
SUST,unknown,d_926,4171.12,6171.12,1,0.3487771395539919,0.30149218355031343,0,FN
SUST,unknown,d_926,4671.12,6671.12,1,0.35868940891079387,0.31455542549603943,0,FN
SUST,unknown,d_926,5171.12,7171.12,1,0.3429919321493447,0.29393510193130257,0,FN
SUST,unknown,d_926,5671.12,7671.12,1,0.34709715269601915,0.2992924201574731,0,FN
SUST,unknown,d_926,6171.12,8171.12,1,0.34709715269601915,0.2992924201574731,0,FN
SUST,unknown,d_926,6671.12,8671.119999999999,1,0.27692934368683153,0.2117833353048372,0,FN
SUST,unknown,d_926,7171.12,9171.12,1,0.277763648266089,0.21276726298577325,0,FN
SUST,unknown,d_926,7671.12,9671.12,1,0.26649945568544003,0.19961204208632213,0,FN
SUST,unknown,d_927,1671.12,3671.12,1,0.3359905036769783,0.2848589255576067,0,FN
SUST,unknown,d_927,2171.12,4171.12,1,0.3289981874827422,0.2758738711787916,0,FN
SUST,unknown,d_927,2671.12,4671.12,1,0.3359905036769783,0.2848589255576067,0,FN
SUST,unknown,d_927,3171.12,5171.12,1,0.34302696709086444,0.29398071294515793,0,FN
SUST,unknown,d_927,3671.12,5671.12,1,0.3212131165912346,0.2659674801431943,0,FN
SUST,unknown,d_927,4171.12,6171.12,1,0.32834251396057346,0.27503552253617497,0,FN
SUST,unknown,d_927,4671.12,6671.12,1,0.36063927734276546,0.31714154210309603,0,FN
SUST,unknown,d_927,5171.12,7171.12,1,0.35503834412230106,0.30972729833235385,0,FN
SUST,unknown,d_927,5671.12,7671.12,1,0.34933596849681975,0.3022248468162816,0,FN
SUST,unknown,d_927,6171.12,8171.12,1,0.3555125189627999,0.31035327581060584,0,FN
SUST,unknown,d_927,6671.12,8671.119999999999,1,0.3610134371075577,0.3176383901559587,0,FN
SUST,unknown,d_927,7171.12,9171.12,1,0.36519202894508673,0.3232000435613348,0,FN
SUST,unknown,d_927,7671.12,9671.12,1,0.3615018246829351,0.31828720975677816,0,FN
SUST,unknown,d_928,1671.12,3671.12,1,0.33562361716443506,0.28438548042681117,0,FN
SUST,unknown,d_928,2171.12,4171.12,1,0.34795075867416003,0.3004095964018639,0,FN
SUST,unknown,d_928,2671.12,4671.12,1,0.3652348047122682,0.3232570984548104,0,FN
SUST,unknown,d_928,3171.12,5171.12,1,0.35975939806436397,0.3159739051304379,0,FN
SUST,unknown,d_928,3671.12,5671.12,1,0.3454015884704476,0.2970765817219961,0,FN
SUST,unknown,d_928,4171.12,6171.12,1,0.3549396850383942,0.30959709482180664,0,FN
SUST,unknown,d_928,4671.12,6671.12,1,0.3724576900034668,0.3329251681809884,0,FN
SUST,unknown,d_928,5171.12,7171.12,1,0.3602564928812915,0.31663344002586835,0,FN
SUST,unknown,d_928,5671.12,7671.12,1,0.36996814541719636,0.32958527463223897,0,FN
SUST,unknown,d_928,6171.12,8171.12,1,0.3617071548347956,0.31856008661300406,0,FN
SUST,unknown,d_928,6671.12,8671.119999999999,1,0.34173258331263867,0.29229685862591914,0,FN
SUST,unknown,d_928,7171.12,9171.12,1,0.3424784618351648,0.29326684794520075,0,FN
SUST,unknown,d_928,7671.12,9671.12,1,0.35638195893493646,0.3115018901456936,0,FN
SUST,unknown,d_929,1671.12,3671.12,1,0.3130923712922261,0.2557480102326679,0,FN
SUST,unknown,d_929,2171.12,4171.12,1,0.3238112148399287,0.26926185386123275,0,FN
SUST,unknown,d_929,2671.12,4671.12,1,0.3291301703810652,0.2760427133376175,0,FN
SUST,unknown,d_929,3171.12,5171.12,1,0.3800887398431806,0.34321025213066564,0,FN
SUST,unknown,d_929,5171.12,7171.12,1,0.40061937928688585,0.3712055459349293,0,FN
SUST,unknown,d_929,5671.12,7671.12,1,0.35853437477735606,0.3143500293459559,0,FN
SUST,unknown,d_929,6171.12,8171.12,1,0.3898509680960732,0.3564662094404885,0,FN
SUST,unknown,d_929,6671.12,8671.119999999999,1,0.33030331069863333,0.2775447701460975,0,FN
SUST,unknown,d_929,7171.12,9171.12,1,0.3823443323149015,0.3462635580953092,0,FN
SUST,unknown,d_929,7671.12,9671.12,1,0.3751684899875683,0.33657068528047057,0,FN
SUST,unknown,d_930,1671.12,3671.12,1,0.39746852841621927,0.36688083565110347,0,FN
SUST,unknown,d_930,3171.12,5171.12,1,0.3769324558490374,0.33894771578889094,0,FN
SUST,unknown,d_930,3671.12,5671.12,1,0.36202688131244026,0.31898510651729206,0,FN
SUST,unknown,d_930,6171.12,8171.12,1,0.3769324558490374,0.33894771578889094,0,FN
SUST,unknown,d_930,6671.12,8671.119999999999,1,0.3481404268149408,0.30065797767790153,0,FN
SUST,unknown,d_930,7171.12,9171.12,1,0.365405421211565,0.32348469313206957,0,FN
SUST,unknown,d_930,7671.12,9671.12,1,0.3481404268149408,0.30065797767790153,0,FN
SUST,unknown,d_931,1671.12,3671.12,1,0.36125441776649947,0.3179584906334685,0,FN
SUST,unknown,d_931,2171.12,4171.12,1,0.36125441776649947,0.3179584906334685,0,FN
SUST,unknown,d_931,2671.12,4671.12,1,0.356133835112857,0.31117398515196937,0,FN
SUST,unknown,d_931,3171.12,5171.12,1,0.3320774675279193,0.27982073167642146,0,FN
SUST,unknown,d_931,3671.12,5671.12,1,0.3359297081058848,0.2847804574070616,0,FN
SUST,unknown,d_931,4171.12,6171.12,1,0.3359297081058848,0.2847804574070616,0,FN
SUST,unknown,d_931,4671.12,6671.12,1,0.3392914829059142,0.2891283976580077,0,FN
SUST,unknown,d_931,5171.12,7171.12,1,0.36048711546527407,0.31693954071693514,0,FN
SUST,unknown,d_931,5671.12,7671.12,1,0.3595970821244776,0.31575862161065954,0,FN
SUST,unknown,d_931,6671.12,8671.119999999999,1,0.3519378269698575,0.3056421506524549,0,FN
SUST,unknown,d_931,7171.12,9171.12,1,0.38856295573944183,0.3547112224705902,0,FN
SUST,unknown,d_931,7671.12,9671.12,1,0.38083654533777833,0.34422187445405183,0,FN
SUST,unknown,d_932,1671.12,3671.12,1,0.36974642379365663,0.3292882007153553,0,FN
SUST,unknown,d_932,2171.12,4171.12,1,0.33130470571160314,0.2788287555598017,0,FN
SUST,unknown,d_932,2671.12,4671.12,1,0.31044813627382595,0.25244637521571384,0,FN
SUST,unknown,d_932,3171.12,5171.12,1,0.3472860452271511,0.29953954296707147,0,FN
SUST,unknown,d_932,3671.12,5671.12,1,0.3164235981937947,0.25992574994116835,0,FN
SUST,unknown,d_932,4171.12,6171.12,1,0.31790981513169675,0.26179613961842785,0,FN
SUST,unknown,d_932,4671.12,6671.12,1,0.3230827388792893,0.26833695821470666,0,FN
SUST,unknown,d_932,5171.12,7171.12,1,0.3815570516804015,0.34519718030652996,0,FN
SUST,unknown,d_932,5671.12,7671.12,1,0.3633922677663999,0.3208017042033305,0,FN
SUST,unknown,d_932,6171.12,8171.12,1,0.36527796034627386,0.3233146624749449,0,FN
SUST,unknown,d_932,6671.12,8671.119999999999,1,0.3781009446568031,0.34052437334063096,0,FN
SUST,unknown,d_932,7171.12,9171.12,1,0.3716246444742721,0.3318067114450366,0,FN
SUST,unknown,d_932,7671.12,9671.12,1,0.36919178194179103,0.3285453385136875,0,FN
SUST,unknown,d_933,3671.12,5671.12,1,0.3646202013429739,0.3224375652947298,0,FN
SUST,unknown,d_933,4171.12,6171.12,1,0.36286740133537526,0.32010309050788943,0,FN
SUST,unknown,d_933,4671.12,6671.12,1,0.36286740133537526,0.32010309050788943,0,FN
SUST,unknown,d_933,5171.12,7171.12,1,0.392176056189854,0.3596387182354407,0,FN
SUST,unknown,d_933,5671.12,7671.12,1,0.3892079438938603,0.3555898320610934,0,FN
SUST,unknown,d_933,6171.12,8171.12,1,0.3955263421661121,0.3642199098159256,0,FN
SUST,unknown,d_933,6671.12,8671.119999999999,1,0.3837809302194585,0.34821126435814004,0,FN
SUST,unknown,d_933,7171.12,9171.12,1,0.36611812247228104,0.32443581995196824,0,FN
SUST,unknown,d_934,1671.12,3671.12,1,0.3608717795155842,0.31745025999089527,0,FN
SUST,unknown,d_934,2171.12,4171.12,1,0.36719131613005,0.3258692964062382,0,FN
SUST,unknown,d_934,2671.12,4671.12,1,0.35269923105781853,0.30664406425258744,0,FN
SUST,unknown,d_934,3171.12,5171.12,1,0.3523184762453261,0.3061429324163193,0,FN
SUST,unknown,d_934,3671.12,5671.12,1,0.3555274287007085,0.3103729639613383,0,FN
SUST,unknown,d_934,4171.12,6171.12,1,0.3547335155276747,0.3093250513639804,0,FN
SUST,unknown,d_934,4671.12,6671.12,1,0.3840904337880376,0.34863118810712734,0,FN
SUST,unknown,d_934,5171.12,7171.12,1,0.3775329744563078,0.3397577997805554,0,FN
SUST,unknown,d_934,5671.12,7671.12,1,0.37474613171432736,0.33600209783081014,0,FN
SUST,unknown,d_934,6171.12,8171.12,1,0.400162692877449,0.37057812937775747,0,FN
SUST,unknown,d_934,6671.12,8671.119999999999,1,0.377334311601802,0.3394897609470081,0,FN
SUST,unknown,d_934,7171.12,9171.12,1,0.3484988804114367,0.3011275404248217,0,FN
SUST,unknown,d_934,7671.12,9671.12,1,0.3120890292441285,0.25449369490406715,0,FN
SUST,unknown,d_935,4171.12,6171.12,1,0.3928381261448445,0.36054312396966376,0,FN
SUST,unknown,d_936,3671.12,5671.12,1,0.395210403182822,0.3637874073655396,0,FN
SUST,unknown,d_936,4171.12,6171.12,1,0.37089569093641606,0.33082872539490416,0,FN
SUST,unknown,d_936,4671.12,6671.12,1,0.34285284266853844,0.2937540440046716,0,FN
SUST,unknown,d_936,5171.12,7171.12,1,0.34024958222864854,0.29037085584428984,0,FN
SUST,unknown,d_936,5671.12,7671.12,1,0.34024958222864854,0.29037085584428984,0,FN
SUST,unknown,d_936,6171.12,8171.12,1,0.3427300909919072,0.29359427855740533,0,FN
SUST,unknown,d_936,6671.12,8671.119999999999,1,0.3650051212603868,0.3229507720202084,0,FN
SUST,unknown,d_936,7171.12,9171.12,1,0.3995049916101759,0.3696748983266211,0,FN
SUST,unknown,d_936,7671.12,9671.12,1,0.37789566659151025,0.3402472708967474,0,FN
SUST,unknown,d_937,1671.12,3671.12,1,0.3589066577396944,0.3148433027347804,0,FN
SUST,unknown,d_937,5171.12,7171.12,1,0.37308446042635035,0.33376724901786237,0,FN
SUST,unknown,d_937,5671.12,7671.12,1,0.34874020362916236,0.3014437744162389,0,FN
SUST,unknown,d_937,6171.12,8171.12,1,0.37308446042635035,0.33376724901786237,0,FN
SUST,unknown,d_937,6671.12,8671.119999999999,1,0.3563157510665606,0.3114143854176286,0,FN
SUST,unknown,d_938,1671.12,3671.12,1,0.31450142297428874,0.25751264747157426,0,FN
SUST,unknown,d_938,2171.12,4171.12,1,0.2951063866939327,0.23355346545503494,0,FN
SUST,unknown,d_938,2671.12,4671.12,1,0.3067349596533775,0.2478321209437031,0,FN
SUST,unknown,d_938,3171.12,5171.12,1,0.338707401985293,0.2883716794125207,0,FN
SUST,unknown,d_938,3671.12,5671.12,1,0.338707401985293,0.2883716794125207,0,FN
SUST,unknown,d_938,4171.12,6171.12,1,0.3418379888403607,0.2924338821837907,0,FN
SUST,unknown,d_938,4671.12,6671.12,1,0.35803564361156903,0.31368951537602574,0,FN
SUST,unknown,d_938,5171.12,7171.12,1,0.361513612030237,0.3183028731905983,0,FN
SUST,unknown,d_938,5671.12,7671.12,1,0.3717600662629329,0.33198847110561414,0,FN
SUST,unknown,d_938,6171.12,8171.12,1,0.38399057164670686,0.3484956868129173,0,FN
SUST,unknown,d_938,6671.12,8671.119999999999,1,0.34985654193920024,0.3029077724463001,0,FN
SUST,unknown,d_938,7171.12,9171.12,1,0.3372891835358444,0.2865365443510354,0,FN
SUST,unknown,d_938,7671.12,9671.12,1,0.3569260686760018,0.3122212565973793,0,FN
SUST,unknown,d_939,1671.12,3671.12,1,0.3534455197632044,0.30762690552887445,0,FN
SUST,unknown,d_939,2171.12,4171.12,1,0.34637124800308783,0.2983432413930098,0,FN
SUST,unknown,d_939,2671.12,4671.12,1,0.36509733073924183,0.3230737424440357,0,FN
SUST,unknown,d_939,3171.12,5171.12,1,0.35812725687255204,0.3138108209075578,0,FN
SUST,unknown,d_939,3671.12,5671.12,1,0.3568836501998751,0.3121651601858591,0,FN
SUST,unknown,d_939,4171.12,6171.12,1,0.3825544784345237,0.3465483227313294,0,FN
SUST,unknown,d_939,4671.12,6671.12,1,0.37085574363463064,0.3307751502790545,0,FN
SUST,unknown,d_939,5171.12,7171.12,1,0.3393590201834638,0.2892159319794855,0,FN
SUST,unknown,d_939,5671.12,7671.12,1,0.38553207112839616,0.3505885667290022,0,FN
SUST,unknown,d_939,6171.12,8171.12,1,0.3755435203150018,0.33707574129277085,0,FN
SUST,unknown,d_939,6671.12,8671.119999999999,1,0.37992044870920777,0.3429826797508244,0,FN
SUST,unknown,d_939,7171.12,9171.12,1,0.3820779758057042,0.3459026965163738,0,FN
SUST,unknown,d_939,7671.12,9671.12,1,0.3820779758057042,0.3459026965163738,0,FN
SUST,unknown,d_940,2171.12,4171.12,1,0.3378222009355987,0.28722587607741296,0,FN
SUST,unknown,d_940,2671.12,4671.12,1,0.3877476130919947,0.35360119572426196,0,FN
SUST,unknown,d_941,1671.12,3671.12,1,0.3598999301265497,0.316160325557984,0,FN
SUST,unknown,d_941,2171.12,4171.12,1,0.3825308963338051,0.3465163646044885,0,FN
SUST,unknown,d_941,2671.12,4671.12,1,0.3825308963338051,0.3465163646044885,0,FN
SUST,unknown,d_941,3171.12,5171.12,1,0.35274768603324724,0.3067078535697591,0,FN
SUST,unknown,d_941,3671.12,5671.12,1,0.3641045230193263,0.32175032982625673,0,FN
SUST,unknown,d_941,4171.12,6171.12,1,0.36952601234950994,0.32899294446402927,0,FN
SUST,unknown,d_941,6671.12,8671.119999999999,1,0.390066235151956,0.3567596951586035,0,FN
SUST,unknown,d_942,4671.12,6671.12,1,0.31128792878059464,0.25349354732856066,0,FN
SUST,unknown,d_942,5171.12,7171.12,1,0.2998362648481396,0.23932929530826375,0,FN
SUST,unknown,d_942,5671.12,7671.12,1,0.34325659720046925,0.2942797090994967,0,FN
SUST,unknown,d_942,6171.12,8171.12,1,0.36985890454819415,0.3294389003174168,0,FN
SUST,unknown,d_942,6671.12,8671.119999999999,1,0.3343562549047576,0.2827517108272161,0,FN
SUST,unknown,d_942,7171.12,9171.12,1,0.3073023934726797,0.24853556848511021,0,FN
SUST,unknown,d_942,7671.12,9671.12,1,0.28659087120337806,0.22326877095851497,0,FN
SUST,unknown,d_943,3671.12,5671.12,1,0.3618442498306779,0.31874231319057045,0,FN
SUST,unknown,d_943,4171.12,6171.12,1,0.3521930468520445,0.30597789429426864,0,FN
SUST,unknown,d_943,4671.12,6671.12,1,0.38948012153895095,0.35596072900884906,0,FN
SUST,unknown,d_943,5171.12,7171.12,1,0.3566507991714505,0.3118572710316008,0,FN
SUST,unknown,d_943,5671.12,7671.12,1,0.37417836943028443,0.3352381087675471,0,FN
SUST,unknown,d_943,6171.12,8171.12,1,0.35512107718912883,0.3098364945010701,0,FN
SUST,unknown,d_944,1671.12,3671.12,1,0.3719499360139708,0.33224334820399753,0,FN
SUST,unknown,d_944,2171.12,4171.12,1,0.3702523471167823,0.3299661541558932,0,FN
SUST,unknown,d_944,2671.12,4671.12,1,0.351527820272553,0.30510298313617057,0,FN
SUST,unknown,d_944,3671.12,5671.12,1,0.3855548772714034,0.3506195503114604,0,FN
SUST,unknown,d_944,4171.12,6171.12,1,0.3837498115300771,0.34816904956990463,0,FN
SUST,unknown,d_944,5171.12,7171.12,1,0.39742692640341803,0.36682379904424756,0,FN
SUST,unknown,d_944,6671.12,8671.119999999999,1,0.37511700831555095,0.3365013679263607,0,FN
SUST,unknown,d_944,7171.12,9171.12,1,0.37042616798528666,0.33019915487525764,0,FN
SUST,unknown,d_944,7671.12,9671.12,1,0.3700638043364466,0.32971346267715845,0,FN
SUST,unknown,d_945,1671.12,3671.12,1,0.3695245405190835,0.3289909730549585,0,FN
SUST,unknown,d_945,2171.12,4171.12,1,0.35073455734701686,0.30406052546052736,0,FN
SUST,unknown,d_945,2671.12,4671.12,1,0.3863072668490602,0.35164204169628815,0,FN
SUST,unknown,d_945,3171.12,5171.12,1,0.368050651035919,0.3270182025388158,0,FN
SUST,unknown,d_945,3671.12,5671.12,1,0.33799278941976874,0.28744658814186436,0,FN
SUST,unknown,d_945,4171.12,6171.12,1,0.3359905036769783,0.2848589255576067,0,FN
SUST,unknown,d_945,4671.12,6671.12,1,0.3514506988510971,0.3050015943309688,0,FN
SUST,unknown,d_945,5171.12,7171.12,1,0.3359905036769783,0.2848589255576067,0,FN
SUST,unknown,d_945,5671.12,7671.12,1,0.3294241771373598,0.2764189339512108,0,FN
SUST,unknown,d_945,6171.12,8171.12,1,0.34443844157469256,0.2958198510081352,0,FN
SUST,unknown,d_945,6671.12,8671.119999999999,1,0.34443844157469256,0.2958198510081352,0,FN
SUST,unknown,d_945,7171.12,9171.12,1,0.3389971038735418,0.28874694089289843,0,FN
SUST,unknown,d_945,7671.12,9671.12,1,0.3389971038735418,0.28874694089289843,0,FN
SUST,unknown,d_946,1671.12,3671.12,1,0.3183181430122352,0.2623107126126403,0,FN
SUST,unknown,d_946,2171.12,4171.12,1,0.3605311433194424,0.316997986304689,0,FN
SUST,unknown,d_946,2671.12,4671.12,1,0.38814125600475197,0.3541370207323588,0,FN
SUST,unknown,d_946,3171.12,5171.12,1,0.3365013835875697,0.2855185489552585,0,FN
SUST,unknown,d_946,3671.12,5671.12,1,0.3427687389801614,0.29364457769275515,0,FN
SUST,unknown,d_946,4171.12,6171.12,1,0.3148417241692763,0.25793937185583693,0,FN
SUST,unknown,d_946,4671.12,6671.12,1,0.3148417241692763,0.25793937185583693,0,FN
SUST,unknown,d_946,5171.12,7171.12,1,0.3148417241692763,0.25793937185583693,0,FN
SUST,unknown,d_946,5671.12,7671.12,1,0.3148417241692763,0.25793937185583693,0,FN
SUST,unknown,d_946,6171.12,8171.12,1,0.3665678870051305,0.325036391730932,0,FN
SUST,unknown,d_947,4171.12,6171.12,1,0.400849272781202,0.3715214588141,0,FN
SUST,unknown,d_947,4671.12,6671.12,1,0.3924136820301167,0.35996326947586516,0,FN
SUST,unknown,d_947,5671.12,7671.12,1,0.3482480946131919,0.3007989988250798,0,FN
SUST,unknown,d_947,6171.12,8171.12,1,0.388381021475233,0.35446347060485295,0,FN
SUST,unknown,d_947,6671.12,8671.119999999999,1,0.33856357768249157,0.28818542820499954,0,FN
SUST,unknown,d_947,7171.12,9171.12,1,0.33856357768249157,0.28818542820499954,0,FN
SUST,unknown,d_947,7671.12,9671.12,1,0.33856357768249157,0.28818542820499954,0,FN
SUST,unknown,d_948,1671.12,3671.12,1,0.3480328825272926,0.30051713565681926,0,FN
SUST,unknown,d_948,5671.12,7671.12,1,0.32490207264588805,0.2706485663475596,0,FN
SUST,unknown,d_948,6171.12,8171.12,1,0.31912755308868046,0.2633316105496038,0,FN
SUST,unknown,d_948,6671.12,8671.119999999999,1,0.31912755308868046,0.2633316105496038,0,FN
SUST,unknown,d_948,7171.12,9171.12,1,0.3311581661214772,0.2786407583104386,0,FN
SUST,unknown,d_948,7671.12,9671.12,1,0.2736469663668015,0.20792700798875544,0,FN
SUST,unknown,d_949,1671.12,3671.12,1,0.37503011128259833,0.33638437299632334,0,FN
SUST,unknown,d_949,2171.12,4171.12,1,0.35699426148526303,0.31231144365278507,0,FN
SUST,unknown,d_949,2671.12,4671.12,1,0.3280194278000152,0.27462269038790865,0,FN
SUST,unknown,d_949,3171.12,5171.12,1,0.3359905036769783,0.2848589255576067,0,FN
SUST,unknown,d_949,3671.12,5671.12,1,0.37154634306303724,0.33170162781202067,0,FN
SUST,unknown,d_949,6171.12,8171.12,1,0.2577173740751302,0.18955385604476735,0,FN
SUST,unknown,d_949,6671.12,8671.119999999999,1,0.2577173740751302,0.18955385604476735,0,FN
SUST,unknown,d_949,7171.12,9171.12,1,0.29462272452542787,0.2329653639042193,0,FN
SUST,unknown,d_949,7671.12,9671.12,1,0.2991039574485146,0.23843214615398295,0,FN
SUST,unknown,d_950,1671.12,3671.12,1,0.3645671172339867,0.32236680467212364,0,FN
SUST,unknown,d_950,2171.12,4171.12,1,0.3842480257550258,0.348845044867734,0,FN
SUST,unknown,d_950,2671.12,4671.12,1,0.37522110035495876,0.33664152570351613,0,FN
SUST,unknown,d_950,3171.12,5171.12,1,0.3544794621700563,0.30898990827924827,0,FN
SUST,unknown,d_950,3671.12,5671.12,1,0.33963275719953306,0.28957079364226435,0,FN
SUST,unknown,d_950,4171.12,6171.12,1,0.33391730156741334,0.28218646375364115,0,FN
SUST,unknown,d_950,5171.12,7171.12,1,0.3666944650273783,0.3252054595338385,0,FN
SUST,unknown,d_950,6171.12,8171.12,1,0.38815296889876694,0.35415296684302255,0,FN
SUST,unknown,d_950,6671.12,8671.119999999999,1,0.3537549510223026,0.308034654190765,0,FN
SUST,unknown,d_950,7171.12,9171.12,1,0.3566105504740543,0.31180405962770463,0,FN
SUST,unknown,d_950,7671.12,9671.12,1,0.32208792389056273,0.26707540865752794,0,FN
SUST,unknown,d_951,2671.12,4671.12,1,0.37170544831997027,0.3319151615270909,0,FN
SUST,unknown,d_951,3171.12,5171.12,1,0.3697737281976802,0.32932478115863245,0,FN
SUST,unknown,d_951,3671.12,5671.12,1,0.36455319175792106,0.3223482427632652,0,FN
SUST,unknown,d_951,4171.12,6171.12,1,0.33751421624018113,0.2868275151937177,0,FN
SUST,unknown,d_951,4671.12,6671.12,1,0.3411360868482131,0.291521761522366,0,FN
SUST,unknown,d_951,5171.12,7171.12,1,0.3724651163394414,0.33293514277239333,0,FN
SUST,unknown,d_952,1671.12,3671.12,1,0.3539105716083536,0.3082397732340505,0,FN
SUST,unknown,d_952,2171.12,4171.12,1,0.345058153488025,0.29662829883061215,0,FN
SUST,unknown,d_952,2671.12,4671.12,1,0.3801079430642033,0.3432362218685293,0,FN
SUST,unknown,d_953,1671.12,3671.12,1,0.3717814727772253,0.33201720449015293,0,FN
SUST,unknown,d_953,3171.12,5171.12,1,0.3923032412935151,0.35981242136905495,0,FN
SUST,unknown,d_953,3671.12,5671.12,1,0.3373831748877264,0.2866580667561612,0,FN
SUST,unknown,d_953,4171.12,6171.12,1,0.3890016756731118,0.35530880278674054,0,FN
SUST,unknown,d_953,4671.12,6671.12,1,0.3561502028113162,0.3111956129950041,0,FN
SUST,unknown,d_953,5171.12,7171.12,1,0.3985932400452331,0.3684234625451738,0,FN
SUST,unknown,d_953,7171.12,9171.12,1,0.39784664001251724,0.36739930660829423,0,FN
SUST,unknown,d_953,7671.12,9671.12,1,0.3545590038805521,0.30909482846594893,0,FN
SUST,unknown,d_954,1671.12,3671.12,1,0.3724166164457173,0.3328700019830338,0,FN
SUST,unknown,d_954,2671.12,4671.12,1,0.40086998964498893,0.37154992977089873,0,FN
SUST,unknown,d_954,3171.12,5171.12,1,0.37697674363484474,0.33900744409351213,0,FN
SUST,unknown,d_954,3671.12,5671.12,1,0.37192212824906723,0.33220601682740286,0,FN
SUST,unknown,d_954,4171.12,6171.12,1,0.36125441776649947,0.3179584906334685,0,FN
SUST,unknown,d_954,4671.12,6671.12,1,0.3770471764871901,0.3391024375461629,0,FN
SUST,unknown,d_954,5171.12,7171.12,1,0.3960928724204853,0.36499570759102207,0,FN
SUST,unknown,d_954,7671.12,9671.12,1,0.36951203907435276,0.3289742283969907,0,FN
SUST,unknown,d_955,1671.12,3671.12,1,0.4000809485742952,0.37046584624008233,0,FN
SUST,unknown,d_955,3671.12,5671.12,1,0.37483022768125324,0.3361152921735216,0,FN
SUST,unknown,d_955,4171.12,6171.12,1,0.37575057340068013,0.3373546544649519,0,FN
SUST,unknown,d_955,4671.12,6671.12,1,0.3468447556617581,0.29896230029826454,0,FN
SUST,unknown,d_955,5171.12,7171.12,1,0.32010899335578785,0.2645710561190299,0,FN
SUST,unknown,d_955,5671.12,7671.12,1,0.3418829980107707,0.29249239784761105,0,FN
SUST,unknown,d_955,6171.12,8171.12,1,0.3723445687310823,0.33277323925662183,0,FN
SUST,unknown,d_955,6671.12,8671.119999999999,1,0.393666109497683,0.36167480746756625,0,FN
SUST,unknown,d_955,7671.12,9671.12,1,0.391089258313736,0.3581551103752497,0,FN
SUST,unknown,d_956,833.33,2833.33,1,0.3730266337649936,0.3336895370669226,0,FN
SUST,unknown,d_956,3833.33,5833.33,1,0.397017025298844,0.3662619130967898,0,FN
SUST,unknown,d_956,6333.33,8333.33,1,0.3523184762453261,0.3061429324163193,0,FN
SUST,unknown,d_956,6833.33,8833.33,1,0.3523184762453261,0.3061429324163193,0,FN
SUST,unknown,d_956,7333.33,9333.33,1,0.35809263423787746,0.31376497554165067,0,FN
SUST,unknown,d_957,1333.33,3333.33,1,0.3606046635292126,0.31709558799632037,0,FN
SUST,unknown,d_957,2333.33,4333.33,1,0.39682633784480187,0.36600057813803843,0,FN
SUST,unknown,d_957,4333.33,6333.33,1,0.38026707138237537,0.34345143777790466,0,FN
SUST,unknown,d_957,4833.33,6833.33,1,0.3527194653256278,0.30667070155892806,0,FN
SUST,unknown,d_957,5333.33,7333.33,1,0.3470000907472832,0.29916545768102604,0,FN
SUST,unknown,d_958,3833.33,5833.33,1,0.3636692588538408,0.3211705373060414,0,FN
SUST,unknown,d_958,4333.33,6333.33,1,0.3636692588538408,0.3211705373060414,0,FN
SUST,unknown,d_958,4833.33,6833.33,1,0.3979105611189378,0.36748696977362727,0,FN
SUST,unknown,d_959,4833.33,6833.33,1,0.3959878443530953,0.3648518595928057,0,FN
SUST,unknown,d_959,5333.33,7333.33,1,0.3616496271356795,0.3184836284495512,0,FN
SUST,unknown,d_959,5833.33,7833.33,1,0.3421584485341887,0.2928505753612948,0,FN
SUST,unknown,d_959,6333.33,8333.33,1,0.3492848689034025,0.30215783240338534,0,FN
SUST,unknown,d_959,6833.33,8833.33,1,0.35023157393120324,0.30340001535991246,0,FN
SUST,unknown,d_960,833.33,2833.33,1,0.3431889903823274,0.2941916713076769,0,FN
SUST,unknown,d_960,1333.33,3333.33,1,0.3421584485341887,0.2928505753612948,0,FN
SUST,unknown,d_960,1833.33,3833.33,1,0.39028764756608814,0.3570616104694023,0,FN
SUST,unknown,d_961,3333.33,5333.33,1,0.3909042814607546,0.357902718146024,0,FN
SUST,unknown,d_961,3833.33,5833.33,1,0.38730499567114807,0.35299890779972365,0,FN
SUST,unknown,d_961,4333.33,6333.33,1,0.37385258427824775,0.33479990655301656,0,FN
SUST,unknown,d_961,5333.33,7333.33,1,0.39237460651717804,0.3599098958127135,0,FN
SUST,unknown,d_961,5833.33,7833.33,1,0.3609356257793229,0.317535048432971,0,FN
SUST,unknown,d_961,6333.33,8333.33,1,0.3764504149376193,0.33829776843555986,0,FN
SUST,unknown,d_961,6833.33,8833.33,1,0.34068752396677426,0.2909392595784488,0,FN
SUST,unknown,d_961,7333.33,9333.33,1,0.390433813101656,0.3572609484784616,0,FN
SUST,unknown,d_961,7833.33,9833.33,1,0.3745126409177307,0.33568786138057666,0,FN
SUST,unknown,d_962,833.33,2833.33,1,0.2880395356542103,0.22500788833100838,0,FN
SUST,unknown,d_962,1333.33,3333.33,1,0.3500504133449909,0.30316220961016294,0,FN
SUST,unknown,d_962,3333.33,5333.33,1,0.3283403922920579,0.2750328109384893,0,FN
SUST,unknown,d_962,3833.33,5833.33,1,0.37726990822621537,0.3394028771046678,0,FN
SUST,unknown,d_962,6333.33,8333.33,1,0.37551422765775005,0.33703628649837597,0,FN
SUST,unknown,d_962,6833.33,8833.33,1,0.3997829863543629,0.3700566222908226,0,FN
SUST,unknown,d_962,7333.33,9333.33,1,0.39170033046900177,0.358989144575363,0,FN
SUST,unknown,d_962,7833.33,9833.33,1,0.3626743864022463,0.31984627493402723,0,FN
SUST,unknown,d_963,1333.33,3333.33,1,0.35744929046686,0.3129134008740327,0,FN
SUST,unknown,d_963,1833.33,3833.33,1,0.35744929046686,0.3129134008740327,0,FN
SUST,unknown,d_963,2333.33,4333.33,1,0.35982495986703555,0.31606087163775104,0,FN
SUST,unknown,d_963,2833.33,4833.33,1,0.33524115049590303,0.2838921628783681,0,FN
SUST,unknown,d_963,3333.33,5333.33,1,0.35744929046686,0.3129134008740327,0,FN
SUST,unknown,d_963,3833.33,5833.33,1,0.3791416096969921,0.34192992361852176,0,FN
SUST,unknown,d_963,4333.33,6333.33,1,0.37034537518733857,0.33009085021505175,0,FN
SUST,unknown,d_963,4833.33,6833.33,1,0.35562183952493714,0.310497639802433,0,FN
SUST,unknown,d_963,5333.33,7333.33,1,0.38370276323919367,0.34810522718238085,0,FN
SUST,unknown,d_963,5833.33,7833.33,1,0.343581382081964,0.2947027435387301,0,FN
SUST,unknown,d_964,833.33,2833.33,1,0.3537582428970433,0.30803899275515884,0,FN
SUST,unknown,d_964,5333.33,7333.33,1,0.389219825816474,0.35560602192450275,0,FN
SUST,unknown,d_964,5833.33,7833.33,1,0.39706449533712745,0.3663269758108806,0,FN
SUST,unknown,d_964,6333.33,8333.33,1,0.3590196470131059,0.31499305117859505,0,FN
SUST,unknown,d_964,7333.33,9333.33,1,0.3509277490675945,0.3043143210107351,0,FN
SUST,unknown,d_965,5166.67,7166.67,1,0.39205313755475385,0.35947085798855866,0,FN
SUST,unknown,d_965,5666.67,7666.67,1,0.33512476211210646,0.28374208873014956,0,FN
SUST,unknown,d_965,6166.67,8166.67,1,0.33215723752804005,0.27992318705681235,0,FN
SUST,unknown,d_965,6666.67,8666.67,1,0.283485210023729,0.21955521375420778,0,FN
SUST,unknown,d_965,7166.67,9166.67,1,0.3430788119688894,0.2940482118400268,0,FN
SUST,unknown,d_965,7666.67,9666.67,1,0.32615473670083184,0.2722435070180754,0,FN
SUST,unknown,d_966,4666.67,6666.67,1,0.38609115487906737,0.3513482832541498,0,FN
SUST,unknown,d_966,5166.67,7166.67,1,0.36793145642409325,0.3268587854988981,0,FN
SUST,unknown,d_966,7166.67,9166.67,1,0.3994753553106649,0.3696342080884306,0,FN
SUST,unknown,d_966,7666.67,9666.67,1,0.244108111388532,0.17432448521116833,0,FN
SUST,unknown,d_967,1666.67,3666.67,1,0.3617129930679752,0.3185678462674874,0,FN
SUST,unknown,d_967,2166.67,4166.67,1,0.3785236543185618,0.34109514182286127,0,FN
SUST,unknown,d_967,2666.67,4666.67,1,0.3909025804592767,0.35790039737626334,0,FN
SUST,unknown,d_967,3166.67,5166.67,1,0.3831554286209669,0.3473629356619169,0,FN
SUST,unknown,d_967,4166.67,6166.67,1,0.37113771729034994,0.3311533609170686,0,FN
SUST,unknown,d_967,6666.67,8666.67,1,0.2645087362467106,0.19731657980627196,0,FN
SUST,unknown,d_967,7166.67,9166.67,1,0.2517828759999382,0.182858546335363,0,FN
SUST,unknown,d_967,7666.67,9666.67,1,0.2916925807939942,0.22941260572430497,0,FN
SUST,unknown,d_968,1666.67,3666.67,1,0.3720036605211786,0.33231547504243203,0,FN
SUST,unknown,d_968,2166.67,4166.67,1,0.3532236967010946,0.3073346864953119,0,FN
SUST,unknown,d_968,2666.67,4666.67,1,0.31247972170315064,0.25498189301994006,0,FN
SUST,unknown,d_968,3166.67,5166.67,1,0.28463989080671964,0.2209335441844844,0,FN
SUST,unknown,d_968,3666.67,5666.67,1,0.30621033850429213,0.2471822930414279,0,FN
SUST,unknown,d_968,4166.67,6166.67,1,0.3106146548169668,0.25265390959920125,0,FN
SUST,unknown,d_968,4666.67,6666.67,1,0.38388977993207246,0.348358935582574,0,FN
SUST,unknown,d_969,2666.67,4666.67,1,0.2765337642732773,0.21131734069991095,0,FN
SUST,unknown,d_969,3166.67,5166.67,1,0.26553134595593525,0.19849461000592472,0,FN
SUST,unknown,d_969,3666.67,5666.67,1,0.31058348766115046,0.25261506160153124,0,FN
SUST,unknown,d_969,4166.67,6166.67,1,0.37288729499794476,0.3335022998996664,0,FN
SUST,unknown,d_970,5166.67,7166.67,1,0.3748810802691253,0.336183744663375,0,FN
SUST,unknown,d_970,7666.67,9666.67,1,0.3937960652236093,0.36185249406423475,0,FN
SUST,unknown,d_973,3666.67,5666.67,1,0.377027709695662,0.3390761819052795,0,FN
SUST,unknown,d_973,4166.67,6166.67,1,0.3649114655747394,0.32282588448263394,0,FN
SUST,unknown,d_973,5166.67,7166.67,1,0.3569913110440355,0.3123075414692405,0,FN
SUST,unknown,d_973,5666.67,7666.67,1,0.37009031974855416,0.3297489968044912,0,FN
SUST,unknown,d_973,6166.67,8166.67,1,0.3596155026570732,0.31578305137285445,0,FN
SUST,unknown,d_973,6666.67,8666.67,1,0.3098597616640416,0.25171349070514,0,FN
SUST,unknown,d_973,7166.67,9166.67,1,0.30888431345563133,0.2504998932793963,0,FN
SUST,unknown,d_973,7666.67,9666.67,1,0.23382233349776732,0.16311343985426596,0,FN
SUST,unknown,d_974,6666.67,8666.67,1,0.37888978206619967,0.34158968099136144,0,FN
SUST,unknown,d_974,7166.67,9166.67,1,0.34546896819436995,0.29716455307870737,0,FN
SUST,unknown,d_974,7666.67,9666.67,1,0.27944335546618165,0.21475276749246786,0,FN
SUST,unknown,d_975,1666.67,3666.67,1,0.29416037144398227,0.23240361303497184,0,FN
SUST,unknown,d_975,2166.67,4166.67,1,0.2689889245332356,0.2024951938269051,0,FN
SUST,unknown,d_975,2666.67,4666.67,1,0.30001762753816213,0.23955164557401373,0,FN
SUST,unknown,d_975,3166.67,5166.67,1,0.3371757693048094,0.28638992881838,0,FN
SUST,unknown,d_975,3666.67,5666.67,1,0.31470474632044954,0.25776758154567997,0,FN
SUST,unknown,d_975,4166.67,6166.67,1,0.3670217174137952,0.32564266132734243,0,FN
SUST,unknown,d_975,6166.67,8166.67,1,0.39113200977140605,0.3582134478439593,0,FN
SUST,unknown,d_975,6666.67,8666.67,1,0.3236579162373385,0.269067144363589,0,FN
SUST,unknown,d_975,7166.67,9166.67,1,0.2788742275764071,0.2140793467619999,0,FN
SUST,unknown,d_975,7666.67,9666.67,1,0.2542181154112206,0.1855959373130819,0,FN
SUST,unknown,n_1000,2671.12,4671.12,0,0.5139697000084616,0.5303296119558596,1,FP
SUST,unknown,n_1000,3171.12,5171.12,0,0.50457619305154,0.5170768951069904,1,FP
SUST,unknown,n_1000,3671.12,5671.12,0,0.5067864752557872,0.5201973439891202,1,FP
SUST,unknown,n_1000,4171.12,6171.12,0,0.46744326437239797,0.4645874924324593,1,FP
SUST,unknown,n_1000,4671.12,6671.12,0,0.41034334348107204,0.3846099336927512,1,FP
SUST,unknown,n_1000,5171.12,7171.12,0,0.4175337876614391,0.39457350571683186,1,FP
SUST,unknown,n_1001,3671.12,5671.12,0,0.4071110176520268,0.38014489829845216,1,FP
SUST,unknown,n_1001,5171.12,7171.12,0,0.5447104893381796,0.5734500370966674,1,FP
SUST,unknown,n_1001,5671.12,7671.12,0,0.5048996012046355,0.5175335490344816,1,FP
SUST,unknown,n_1001,6171.12,8171.12,0,0.5018833144065643,0.5132736754518572,1,FP
SUST,unknown,n_1001,6671.12,8671.119999999999,0,0.4885658060885915,0.4944489411752819,1,FP
SUST,unknown,n_1002,6671.12,8671.119999999999,0,0.4299827723297472,0.4119141958144952,1,FP
SUST,unknown,n_1004,7833.33,9833.33,0,0.4469880370748529,0.4357528186224349,1,FP
SUST,unknown,n_1005,2333.33,4333.33,0,0.41159846596851407,0.38634610601273506,1,FP
SUST,unknown,n_1005,2833.33,4833.33,0,0.4181952483244698,0.39549210723990375,1,FP
SUST,unknown,n_1009,4833.33,6833.33,0,0.45774444700116484,0.45089927418026726,1,FP
SUST,unknown,n_1009,5333.33,7333.33,0,0.4581187291519072,0.45142703734284395,1,FP
SUST,unknown,n_1009,5833.33,7833.33,0,0.44033574978402884,0.426409521505406,1,FP
SUST,unknown,n_1009,6333.33,8333.33,0,0.45048053860503523,0.4406659503824192,1,FP
SUST,unknown,n_1010,1333.33,3333.33,0,0.42968096736953465,0.4114925736923167,1,FP
SUST,unknown,n_1014,6333.33,8333.33,0,0.4052410804435979,0.3775659755413856,1,FP
SUST,unknown,n_1014,6833.33,8833.33,0,0.4766672512418038,0.4776230575459836,1,FP
SUST,unknown,n_1014,7333.33,9333.33,0,0.4364054316055675,0.4208995864350951,1,FP
SUST,unknown,n_1014,7833.33,9833.33,0,0.4191260220085956,0.3967852734344386,1,FP
SUST,unknown,n_1017,2833.33,4833.33,0,0.41945222868936294,0.3972386398633359,1,FP
SUST,unknown,n_1017,3333.33,5333.33,0,0.46274701889017583,0.45795657530366446,1,FP
SUST,unknown,n_1017,3833.33,5833.33,0,0.41945222868936294,0.3972386398633359,1,FP
SUST,unknown,n_1017,4333.33,6333.33,0,0.46274701889017583,0.45795657530366446,1,FP
SUST,unknown,n_1017,5333.33,7333.33,0,0.47100352600660356,0.4696174263389025,1,FP
SUST,unknown,n_1017,5833.33,7833.33,0,0.4071159533714102,0.3801517094735834,1,FP
SUST,unknown,n_1017,6333.33,8333.33,0,0.4552232581525655,0.4473453827960567,1,FP
SUST,unknown,n_1017,6833.33,8833.33,0,0.4111327503023164,0.38570174291516374,1,FP
SUST,unknown,n_1018,833.33,2833.33,0,0.4630437117339722,0.45837534208812947,1,FP
SUST,unknown,n_1019,1833.33,3833.33,0,0.40454529630407515,0.3766071808995783,1,FP
SUST,unknown,n_1019,2833.33,4833.33,0,0.41317515821758005,0.38852893660767407,1,FP
SUST,unknown,n_1020,3833.33,5833.33,0,0.4252105564361087,0.40525422993901805,1,FP
SUST,unknown,n_1021,4833.33,6833.33,0,0.4370176478595369,0.4217573152209624,1,FP
SUST,unknown,n_1022,4833.33,6833.33,0,0.4072650224467754,0.38035743128395316,1,FP
SUST,unknown,n_1022,5333.33,7333.33,0,0.4072650224467754,0.38035743128395316,1,FP
SUST,unknown,n_1022,5833.33,7833.33,0,0.4072650224467754,0.38035743128395316,1,FP
SUST,unknown,n_1022,6333.33,8333.33,0,0.42746654194535705,0.4084007772456026,1,FP
SUST,unknown,n_1022,6833.33,8833.33,0,0.41946388284163816,0.39725483841747855,1,FP
SUST,unknown,n_1023,1333.33,3333.33,0,0.4133493827264953,0.38877026348450244,1,FP
SUST,unknown,n_1024,3833.33,5833.33,0,0.4209537369436371,0.3993264639178562,1,FP
SUST,unknown,n_1025,4333.33,6333.33,0,0.42126585043106834,0.39976065851393305,1,FP
SUST,unknown,n_1025,5333.33,7333.33,0,0.44741119585761424,0.4363478341990292,1,FP
SUST,unknown,n_1025,6333.33,8333.33,0,0.42126585043106834,0.39976065851393305,1,FP
SUST,unknown,n_1026,833.33,2833.33,0,0.41260855309935307,0.38774427413261137,1,FP
SUST,unknown,n_1033,6833.33,8833.33,0,0.4081800792549771,0.3816206733785749,1,FP
SUST,unknown,n_1033,7833.33,9833.33,0,0.44017504321522766,0.4261840684313206,1,FP
SUST,unknown,n_1034,3333.33,5333.33,0,0.47644024258872053,0.47730211081656615,1,FP
SUST,unknown,n_1034,6833.33,8833.33,0,0.42931350848647665,0.4109793097534902,1,FP
SUST,unknown,n_1034,7333.33,9333.33,0,0.6069630864764598,0.6585291032196983,1,FP
SUST,unknown,n_1034,7833.33,9833.33,0,0.4857552890642082,0.4904743669089174,1,FP
SUST,unknown,n_1035,833.33,2833.33,0,0.41664414094570035,0.3933385364795706,1,FP
SUST,unknown,n_1035,1333.33,3333.33,0,0.4730955189660819,0.4725739602159629,1,FP
SUST,unknown,n_1035,2833.33,4833.33,0,0.421083218619563,0.39950658296960945,1,FP
SUST,unknown,n_1035,3833.33,5833.33,0,0.4097386469963638,0.3837739463992018,1,FP
SUST,unknown,n_1036,2833.33,4833.33,0,0.4108702657241301,0.3853386492052961,1,FP
SUST,unknown,n_1036,5833.33,7833.33,0,0.4244971148369609,0.40425986215325216,1,FP
SUST,unknown,n_1044,2833.33,4833.33,0,0.49717729946805383,0.5066240636322239,1,FP
SUST,unknown,n_1044,3833.33,5833.33,0,0.4691138392014066,0.4669473965116388,1,FP
SUST,unknown,n_1045,1333.33,3333.33,0,0.41091429127394563,0.3853995455419128,1,FP
SUST,unknown,n_1046,4833.33,6833.33,0,0.45633067457346116,0.4489061542372793,1,FP
SUST,unknown,n_1046,5333.33,7333.33,0,0.46828078692408187,0.4657705359165553,1,FP
SUST,unknown,n_1047,833.33,2833.33,0,0.40380942671433073,0.37559362416164405,1,FP
SUST,unknown,n_1051,6833.33,8833.33,0,0.4374709394022839,0.42239251802872974,1,FP
SUST,unknown,n_1051,7833.33,9833.33,0,0.4591061147042284,0.45281952076315857,1,FP
SUST,unknown,n_1052,1833.33,3833.33,0,0.44701119708169396,0.43578538258110955,1,FP
SUST,unknown,n_1052,2833.33,4833.33,0,0.4374709394022839,0.42239251802872974,1,FP
SUST,unknown,n_1054,6166.67,8166.67,0,0.46668752672910463,0.4635200937004968,1,FP
SUST,unknown,n_1054,6666.67,8666.67,0,0.499192540221285,0.5094720462574445,1,FP
SUST,unknown,n_1054,7166.67,9166.67,0,0.5677100336981393,0.6053187390842077,1,FP
SUST,unknown,n_1055,1666.67,3666.67,0,0.5216422138803672,0.5411333548852653,1,FP
SUST,unknown,n_1055,3666.67,5666.67,0,0.419354268180595,0.39710248475535254,1,FP
SUST,unknown,n_1055,4166.67,6166.67,0,0.497807119376171,0.5075142034505545,1,FP
SUST,unknown,n_1055,4666.67,6666.67,0,0.5816145999455687,0.62435999940442,1,FP
SUST,unknown,n_1055,5166.67,7166.67,0,0.6453500636053432,0.7086237814039634,1,FP
SUST,unknown,n_1055,5666.67,7666.67,0,0.46788839212758493,0.4652162412550916,1,FP
SUST,unknown,n_1055,6166.67,8166.67,0,0.43772886856863447,0.42275400657409556,1,FP
SUST,unknown,n_1055,6666.67,8666.67,0,0.4545871835749231,0.44644909738516464,1,FP
SUST,unknown,n_1055,7166.67,9166.67,0,0.47409348139126767,0.47398455626919717,1,FP
SUST,unknown,n_1057,1666.67,3666.67,0,0.4115593492720649,0.3862919773388819,1,FP
SUST,unknown,n_1057,2166.67,4166.67,0,0.4215181413304453,0.4001116824922919,1,FP
SUST,unknown,n_1057,2666.67,4666.67,0,0.4438293705276301,0.43131381909433975,1,FP
SUST,unknown,n_1058,1666.67,3666.67,0,0.5897580943893053,0.6354190190620512,1,FP
SUST,unknown,n_1058,3166.67,5166.67,0,0.6074579419778687,0.6591883129138825,1,FP
SUST,unknown,n_1058,3666.67,5666.67,0,0.5759124782128979,0.6165744547775716,1,FP
SUST,unknown,n_1058,4166.67,6166.67,0,0.6013132945111815,0.6509804508088741,1,FP
SUST,unknown,n_1058,4666.67,6666.67,0,0.4825262403035571,0.48590784317343305,1,FP
SUST,unknown,n_1060,5166.67,7166.67,0,0.41517504020555646,0.3913005317930129,1,FP
SUST,unknown,n_1060,5666.67,7666.67,0,0.46907130863847074,0.4668873101192111,1,FP
SUST,unknown,n_1060,6166.67,8166.67,0,0.4604808543182884,0.4547587527053799,1,FP
SUST,unknown,n_1061,5433.33,7433.33,0,0.41632577539819265,0.39289674278715986,1,FP
SUST,unknown,n_1061,6433.33,8433.33,0,0.4374581876154679,0.4223746472847358,1,FP
SUST,unknown,n_1061,6933.33,8933.33,0,0.40737428292181055,0.3805082278222586,1,FP
SUST,unknown,n_1062,1666.67,3666.67,0,0.6326016241394442,0.6922341096631573,1,FP
SUST,unknown,n_1062,2166.67,4166.67,0,0.6527493722668561,0.7180134663499008,1,FP
SUST,unknown,n_1062,3166.67,5166.67,0,0.40514234493331447,0.37742989094154644,1,FP
SUST,unknown,n_1062,3666.67,5666.67,0,0.42773096588325504,0.4087698027657544,1,FP
SUST,unknown,n_1063,1666.67,3666.67,0,0.4683454701292802,0.46586190985880027,1,FP
SUST,unknown,n_1063,2166.67,4166.67,0,0.5017172903996944,0.5130391480892567,1,FP
SUST,unknown,n_1063,2666.67,4666.67,0,0.4174387155475173,0.39444150185985616,1,FP
SUST,unknown,n_1063,3166.67,5166.67,0,0.4374879026857667,0.4224162910283539,1,FP
SUST,unknown,n_1063,6166.67,8166.67,0,0.4585193283130713,0.45199195647645335,1,FP
SUST,unknown,n_1064,1666.67,3666.67,0,0.5352290923094485,0.5602025938660766,1,FP
SUST,unknown,n_1064,2166.67,4166.67,0,0.5096761719756548,0.5242751518560014,1,FP
SUST,unknown,n_1064,2666.67,4666.67,0,0.5444161260731888,0.5730396025183971,1,FP
SUST,unknown,n_1064,3166.67,5166.67,0,0.4694157729603825,0.4673739722323505,1,FP
SUST,unknown,n_1064,3666.67,5666.67,0,0.486250171496965,0.4911742314696151,1,FP
SUST,unknown,n_1064,4166.67,6166.67,0,0.4693209440825514,0.4672399950843674,1,FP
SUST,unknown,n_1064,7166.67,9166.67,0,0.44014716128147,0.42614495457450424,1,FP
SUST,unknown,n_1064,7666.67,9666.67,0,0.5243229519997645,0.5449026744567645,1,FP
SUST,unknown,n_1068,3166.67,5166.67,0,0.4222914509882314,0.4011879070042913,1,FP
SUST,unknown,n_1068,3666.67,5666.67,0,0.4489252751253522,0.43847744176348924,1,FP
SUST,unknown,n_1068,6666.67,8666.67,0,0.4263685121581017,0.40686887378345704,1,FP
SUST,unknown,n_1070,1666.67,3666.67,0,0.6140724511935806,0.6679683264318687,1,FP
SUST,unknown,n_1070,2166.67,4166.67,0,0.422518407130839,0.4015038451440047,1,FP
SUST,unknown,n_1070,2666.67,4666.67,0,0.6329155915881769,0.6926408588378413,1,FP
SUST,unknown,n_1070,3166.67,5166.67,0,0.6127204642409401,0.6661785249578999,1,FP
SUST,unknown,n_1070,3666.67,5666.67,0,0.4617263454945374,0.45651611811165205,1,FP
SUST,unknown,n_1070,6166.67,8166.67,0,0.4164324553640281,0.3930447731306301,1,FP
SUST,unknown,n_1071,5666.67,7666.67,0,0.4424737406129113,0.42941010283898845,1,FP
SUST,unknown,n_1071,6166.67,8166.67,0,0.42704305176349244,0.4078098562842655,1,FP
SUST,unknown,n_1071,6666.67,8666.67,0,0.40306056235483817,0.37456267563553114,1,FP
SUST,unknown,n_1072,5666.67,7666.67,0,0.5837419747558356,0.6272559870705213,1,FP
SUST,unknown,n_1074,3666.67,5666.67,0,0.42677446853374773,0.4074351469231934,1,FP
SUST,unknown,n_1074,4166.67,6166.67,0,0.5591352913496676,0.5934867701703855,1,FP
SUST,unknown,n_1074,4666.67,6666.67,0,0.5927453505845443,0.6394571484942405,1,FP
SUST,unknown,n_1074,5166.67,7166.67,0,0.6372514845203037,0.6982422762934957,1,FP
SUST,unknown,n_1074,5666.67,7666.67,0,0.6572075660107554,0.7236253491326983,1,FP
SUST,unknown,n_1074,6166.67,8166.67,0,0.5011250579428191,0.51220251186586,1,FP
SUST,unknown,n_1074,6666.67,8666.67,0,0.4873032260911693,0.4926634516876106,1,FP
SUST,unknown,n_1074,7166.67,9166.67,0,0.4283539009004088,0.40963933851806605,1,FP
SUST,unknown,n_1074,7666.67,9666.67,0,0.5976519319967722,0.6460670582306199,1,FP
SUST,unknown,n_1075,1666.67,3666.67,0,0.4349865706292429,0.41891252599721046,1,FP
SUST,unknown,n_1075,2166.67,4166.67,0,0.4680886871504071,0.46549917318637024,1,FP
SUST,unknown,n_1075,3166.67,5166.67,0,0.5909000916006206,0.6369639674150107,1,FP
SUST,unknown,n_1075,3666.67,5666.67,0,0.5604008971373502,0.5952370843338608,1,FP
SUST,unknown,n_1075,4166.67,6166.67,0,0.564898123435596,0.6014457392230004,1,FP
SUST,unknown,n_1075,4666.67,6666.67,0,0.43938295221125223,0.42507304683097497,1,FP
SUST,unknown,n_1077,3800.0,5800.0,0,0.43467492123100904,0.41847622424937964,1,FP
SUST,unknown,n_1078,5166.67,7166.67,0,0.40925043883367057,0.3830992287751232,1,FP
SUST,unknown,n_1078,5666.67,7666.67,0,0.42756737042587195,0.40854148640152055,1,FP
SUST,unknown,n_1078,6166.67,8166.67,0,0.4022646282619276,0.37346749245414784,1,FP
SUST,unknown,n_1079,1666.67,3666.67,0,0.4817290240095777,0.4847804489069923,1,FP
SUST,unknown,n_1079,2166.67,4166.67,0,0.4743619830755078,0.4743640984079522,1,FP
SUST,unknown,n_1079,3166.67,5166.67,0,0.4337933652851077,0.4172423671106408,1,FP
SUST,unknown,n_1080,2166.67,4166.67,0,0.4452200810537511,0.4332676883095856,1,FP
SUST,unknown,n_1080,2666.67,4666.67,0,0.6073416467562774,0.6590334219332621,1,FP
SUST,unknown,n_1080,3166.67,5166.67,0,0.6329675371627934,0.6927081402846994,1,FP
SUST,unknown,n_1080,3666.67,5666.67,0,0.5748024434469415,0.6150550143512229,1,FP
SUST,unknown,n_1080,4166.67,6166.67,0,0.5761955373803705,0.6169617167308568,1,FP
SUST,unknown,n_1080,5166.67,7166.67,0,0.4062400930929901,0.3789433781495804,1,FP
SUST,unknown,n_1080,5666.67,7666.67,0,0.5223839863804415,0.5421766479027141,1,FP
SUST,unknown,n_1080,6166.67,8166.67,0,0.4747346603082329,0.4748909128201597,1,FP
SUST,unknown,n_1080,6666.67,8666.67,0,0.45667017652283887,0.4493847221754868,1,FP
SUST,unknown,n_1081,6166.67,8166.67,0,0.4126596479467051,0.3878150220780237,1,FP
SUST,unknown,n_1081,7666.67,9666.67,0,0.517677322326317,0.5355530597322885,1,FP
SUST,unknown,n_1083,4166.67,6166.67,0,0.43870796787694344,0.4241265393520842,1,FP
SUST,unknown,n_1085,3666.67,5666.67,0,0.46121161876692673,0.4557897972717481,1,FP
SUST,unknown,n_1085,4166.67,6166.67,0,0.46628014150692354,0.4629447543406454,1,FP
SUST,unknown,n_1085,4666.67,6666.67,0,0.43015515128949156,0.41215503497183253,1,FP
SUST,unknown,n_1085,5166.67,7166.67,0,0.4597785500468471,0.45376800254053706,1,FP
SUST,unknown,n_1085,5666.67,7666.67,0,0.465279494720826,0.46153171816186744,1,FP
SUST,unknown,n_1085,6666.67,8666.67,0,0.5447373068649939,0.5734874262692097,1,FP
SUST,unknown,n_1085,7166.67,9166.67,0,0.42357968459787054,0.4029816939691946,1,FP
SUST,unknown,n_1085,7666.67,9666.67,0,0.41746338195228666,0.394475749523427,1,FP
SUST,unknown,n_1086,7166.67,9166.67,0,0.4589463261330686,0.45259415555391214,1,FP
SUST,unknown,n_1088,7666.67,9666.67,0,0.4360082038948517,0.420343171411635,1,FP
SUST,unknown,n_1089,4666.67,6666.67,0,0.4594010156876838,0.45323546763237216,1,FP
SUST,unknown,n_1089,5666.67,7666.67,0,0.47124748433719255,0.46996216966091847,1,FP
SUST,unknown,n_1089,6166.67,8166.67,0,0.5126981527055827,0.528537143687614,1,FP
SUST,unknown,n_1091,3166.67,5166.67,0,0.4050915334880944,0.3773598622473169,1,FP
SUST,unknown,n_1091,6166.67,8166.67,0,0.42820540156554426,0.40943203025315555,1,FP
SUST,unknown,n_1091,6666.67,8666.67,0,0.4512914320289844,0.44180738674382647,1,FP
SUST,unknown,n_1091,7166.67,9166.67,0,0.4607039707332008,0.45507353489376956,1,FP
SUST,unknown,n_1091,7666.67,9666.67,0,0.5664302715371632,0.6035569300420243,1,FP
SUST,unknown,n_1092,1666.67,3666.67,0,0.445115568156531,0.4331208230056956,1,FP
SUST,unknown,n_1092,2166.67,4166.67,0,0.4121856770936837,0.3871588250676684,1,FP
SUST,unknown,n_1092,2666.67,4666.67,0,0.4121856770936837,0.3871588250676684,1,FP
SUST,unknown,n_1092,3166.67,5166.67,0,0.4095008693393146,0.38344530561202905,1,FP
SUST,unknown,n_1093,4166.67,6166.67,0,0.41626196000572036,0.39280819602375283,1,FP
SUST,unknown,n_1093,6666.67,8666.67,0,0.4145478969370271,0.39043104429306114,1,FP
SUST,unknown,n_1093,7166.67,9166.67,0,0.41947829314786134,0.39727486799462725,1,FP
SUST,unknown,n_1093,7666.67,9666.67,0,0.4403989771605352,0.4264982259158608,1,FP
SUST,unknown,n_1094,4666.67,6666.67,0,0.41107815384327684,0.38562621516277995,1,FP
SUST,unknown,n_1095,1666.67,3666.67,0,0.7002840651339651,0.77592709986279,1,FP
SUST,unknown,n_1095,2166.67,4166.67,0,0.6811231683237081,0.7531106361258102,1,FP
SUST,unknown,n_1095,2666.67,4666.67,0,0.59217611895887,0.6386884648142324,1,FP
SUST,unknown,n_1095,3166.67,5166.67,0,0.4263309703657535,0.40681651180990225,1,FP
SUST,unknown,n_1095,3666.67,5666.67,0,0.42850568948798456,0.40985125322499183,1,FP
SUST,unknown,n_1095,5666.67,7666.67,0,0.41243926288039173,0.38750988340677994,1,FP
SUST,unknown,n_1095,6166.67,8166.67,0,0.41262765402198875,0.38777072177633276,1,FP
SUST,unknown,n_1095,6666.67,8666.67,0,0.4036726157759559,0.3754052406328799,1,FP
SUST,unknown,n_1095,7166.67,9166.67,0,0.4069650941811661,0.3799435370242271,1,FP
SUST,unknown,n_1097,1666.67,3666.67,0,0.40533204565129927,0.3776913582622612,1,FP
SUST,unknown,n_1097,2166.67,4166.67,0,0.521951599687751,0.5415685296375695,1,FP
SUST,unknown,n_1097,2666.67,4666.67,0,0.5503890195296683,0.5813560851349656,1,FP
SUST,unknown,n_1097,3166.67,5166.67,0,0.4241304285413696,0.4037489236512384,1,FP
SUST,unknown,n_1097,3666.67,5666.67,0,0.5427032871320487,0.570650240326005,1,FP
SUST,unknown,n_1097,4166.67,6166.67,0,0.5009475770789945,0.511951775263106,1,FP
SUST,unknown,n_1097,4666.67,6666.67,0,0.5243589555496055,0.544953277055544,1,FP
SUST,unknown,n_1097,5166.67,7166.67,0,0.5457208667640423,0.5748583798283942,1,FP
SUST,unknown,n_1097,5666.67,7666.67,0,0.5502312132055123,0.5811366832187406,1,FP
SUST,unknown,n_1097,6166.67,8166.67,0,0.5289372413289237,0.5513831662057247,1,FP
SUST,unknown,n_1097,7666.67,9666.67,0,0.41011502936214483,0.38429425533197303,1,FP
SUST,unknown,n_1098,1666.67,3666.67,0,0.41730457667629006,0.39425526706340835,1,FP
SUST,unknown,n_1098,2166.67,4166.67,0,0.44904334663209367,0.43864355347254425,1,FP
SUST,unknown,n_1098,2666.67,4666.67,0,0.5000336289336745,0.510660503865278,1,FP
SUST,unknown,n_1098,5166.67,7166.67,0,0.4031627425624304,0.37470331506970816,1,FP
SUST,unknown,n_1098,5666.67,7666.67,0,0.42301845420502254,0.4022000720337535,1,FP
SUST,unknown,n_1098,6166.67,8166.67,0,0.45137968555340174,0.4419316301275787,1,FP
SUST,unknown,n_1098,6666.67,8666.67,0,0.570426437531712,0.609053360783456,1,FP
SUST,unknown,n_1098,7166.67,9166.67,0,0.4425469960032139,0.42951295332217077,1,FP
SUST,unknown,n_1098,7666.67,9666.67,0,0.6171900806020479,0.6720859040271402,1,FP
SUST,unknown,n_1099,5666.67,7666.67,0,0.42658324644338375,0.4071683955286135,1,FP
SUST,unknown,n_1099,7666.67,9666.67,0,0.41472425443216543,0.3906755194355215,1,FP
SUST,unknown,n_887,3166.67,5166.67,0,0.4280753676269752,0.40925051168872495,1,FP
SUST,unknown,n_887,4166.67,6166.67,0,0.4504967825258529,0.44068881328050297,1,FP
SUST,unknown,n_887,4666.67,6666.67,0,0.5003734324356363,0.511140612191587,1,FP
SUST,unknown,n_887,5166.67,7166.67,0,0.4738610010256204,0.47365593944608186,1,FP
SUST,unknown,n_888,1666.67,3666.67,0,0.5956727296705148,0.6434042306162507,1,FP
SUST,unknown,n_888,2166.67,4166.67,0,0.5544619861578715,0.5870124521724149,1,FP
SUST,unknown,n_888,2666.67,4666.67,0,0.4525537740266725,0.44358479176314847,1,FP
SUST,unknown,n_888,3166.67,5166.67,0,0.4163425729351812,0.392920050658514,1,FP
SUST,unknown,n_888,4166.67,6166.67,0,0.4358686247054791,0.42014767716555657,1,FP
SUST,unknown,n_888,4666.67,6666.67,0,0.52556064614148,0.5466419085143337,1,FP
SUST,unknown,n_888,5166.67,7166.67,0,0.5544606580524388,0.5870106097965313,1,FP
SUST,unknown,n_888,5666.67,7666.67,0,0.6073218933306039,0.6590071110279452,1,FP
SUST,unknown,n_888,6166.67,8166.67,0,0.636421310170891,0.697172094064153,1,FP
SUST,unknown,n_888,6666.67,8666.67,0,0.6338934473164112,0.6939067014881882,1,FP
SUST,unknown,n_888,7166.67,9166.67,0,0.6647526652748721,0.733042408510295,1,FP
SUST,unknown,n_888,7666.67,9666.67,0,0.6338934473164112,0.6939067014881882,1,FP
SUST,unknown,n_889,1666.67,3666.67,0,0.7193981883758456,0.7979136656191643,1,FP
SUST,unknown,n_889,2166.67,4166.67,0,0.6627334684265537,0.7305323266055934,1,FP
SUST,unknown,n_889,2666.67,4666.67,0,0.606498792151207,0.6579103134894262,1,FP
SUST,unknown,n_889,3166.67,5166.67,0,0.5980894546179898,0.6466550625830754,1,FP
SUST,unknown,n_889,5166.67,7166.67,0,0.6573567066076172,0.7238124803192104,1,FP
SUST,unknown,n_889,5666.67,7666.67,0,0.5390837772425828,0.5655949883064517,1,FP
SUST,unknown,n_889,6166.67,8166.67,0,0.6715594800952565,0.7414485199192931,1,FP
SUST,unknown,n_889,6666.67,8666.67,0,0.7019502002772376,0.7778751413985475,1,FP
SUST,unknown,n_889,7166.67,9166.67,0,0.6724363738726191,0.7425251290215237,1,FP
SUST,unknown,n_889,7666.67,9666.67,0,0.504980282855801,0.5176474682817622,1,FP
SUST,unknown,n_890,3166.67,5166.67,0,0.4936543543587713,0.5016440710426864,1,FP
SUST,unknown,n_891,3166.67,5166.67,0,0.5479644538536331,0.5779831837628725,1,FP
SUST,unknown,n_891,3666.67,5666.67,0,0.5453335469013437,0.5743185841574062,1,FP
SUST,unknown,n_891,4166.67,6166.67,0,0.538429600432471,0.5646804621111717,1,FP
SUST,unknown,n_891,4666.67,6666.67,0,0.6024509921123935,0.6525037947560742,1,FP
SUST,unknown,n_891,5166.67,7166.67,0,0.5748545480990743,0.6151263636037722,1,FP
SUST,unknown,n_891,5666.67,7666.67,0,0.5548501511587877,0.5875508645619267,1,FP
SUST,unknown,n_891,6166.67,8166.67,0,0.5596458232365712,0.5941929874365669,1,FP
SUST,unknown,n_891,6666.67,8666.67,0,0.5798761527348311,0.6219899093858319,1,FP
SUST,unknown,n_891,7166.67,9166.67,0,0.5979780688921589,0.6465053889444818,1,FP
SUST,unknown,n_891,7666.67,9666.67,0,0.6532786947614515,0.7186815822426165,1,FP
SUST,unknown,n_892,1666.67,3666.67,0,0.4293223657489403,0.41099168051797025,1,FP
SUST,unknown,n_892,2166.67,4166.67,0,0.4863538852080784,0.49132090338022727,1,FP
SUST,unknown,n_892,2666.67,4666.67,0,0.575617013206562,0.6161701349118807,1,FP
SUST,unknown,n_892,3166.67,5166.67,0,0.611002618705352,0.6639007946662561,1,FP
SUST,unknown,n_892,3666.67,5666.67,0,0.554748854267837,0.5874103698077696,1,FP
SUST,unknown,n_892,4166.67,6166.67,0,0.6132856911227924,0.666927094214897,1,FP
SUST,unknown,n_892,4666.67,6666.67,0,0.5365621654225228,0.5620684313249175,1,FP
SUST,unknown,n_892,5166.67,7166.67,0,0.5201935101925738,0.5390951238548076,1,FP
SUST,unknown,n_892,5666.67,7666.67,0,0.5769652610824568,0.6180143940671811,1,FP
SUST,unknown,n_892,6166.67,8166.67,0,0.6532527323881673,0.7186488236223751,1,FP
SUST,unknown,n_892,6666.67,8666.67,0,0.7087691235365204,0.7857858265339548,1,FP
SUST,unknown,n_892,7166.67,9166.67,0,0.7249637944109155,0.80416290386831,1,FP
SUST,unknown,n_892,7666.67,9666.67,0,0.7799309461550555,0.8618807571468108,1,FP
SUST,unknown,n_893,2666.67,4666.67,0,0.6657848877732987,0.7343226891598206,1,FP
SUST,unknown,n_893,3166.67,5166.67,0,0.710598247714154,0.7878906599595336,1,FP
SUST,unknown,n_893,3666.67,5666.67,0,0.8010715456435519,0.8820065754912125,1,FP
SUST,unknown,n_893,4166.67,6166.67,0,0.7284810632466574,0.8080756107938258,1,FP
SUST,unknown,n_893,4666.67,6666.67,0,0.7190487416574006,0.7975189508492432,1,FP
SUST,unknown,n_893,5166.67,7166.67,0,0.7727340651790411,0.8547567672032879,1,FP
SUST,unknown,n_893,5666.67,7666.67,0,0.7694526790673156,0.8514637292378615,1,FP
SUST,unknown,n_893,6166.67,8166.67,0,0.739583683483353,0.8202367949253957,1,FP
SUST,unknown,n_893,6666.67,8666.67,0,0.7532874339804657,0.8348391590213283,1,FP
SUST,unknown,n_893,7166.67,9166.67,0,0.7398460211437305,0.8205206109226788,1,FP
SUST,unknown,n_893,7666.67,9666.67,0,0.7317018653275625,0.8116333538974029,1,FP
SUST,unknown,n_894,1666.67,3666.67,0,0.729758559193078,0.8094896431319195,1,FP
SUST,unknown,n_894,2166.67,4166.67,0,0.7176522997497617,0.7959388660040548,1,FP
SUST,unknown,n_894,2666.67,4666.67,0,0.6507889721385056,0.7155348148285621,1,FP
SUST,unknown,n_894,3166.67,5166.67,0,0.7018856471682366,0.7777997759216552,1,FP
SUST,unknown,n_894,3666.67,5666.67,0,0.7039312282054823,0.7801836578648252,1,FP
SUST,unknown,n_894,4166.67,6166.67,0,0.7131933104454089,0.7908642808276108,1,FP
SUST,unknown,n_894,4666.67,6666.67,0,0.6752320667843774,0.7459477780273668,1,FP
SUST,unknown,n_894,5166.67,7166.67,0,0.71124192668167,0.788629619031259,1,FP
SUST,unknown,n_894,5666.67,7666.67,0,0.718897793785163,0.7973483637235008,1,FP
SUST,unknown,n_894,6166.67,8166.67,0,0.6675565755652276,0.7365155565782611,1,FP
SUST,unknown,n_894,6666.67,8666.67,0,0.6374383725241601,0.6984830433344017,1,FP
SUST,unknown,n_894,7166.67,9166.67,0,0.6067108108797391,0.6581929170500889,1,FP
SUST,unknown,n_894,7666.67,9666.67,0,0.6241771819282147,0.6812639431916383,1,FP
SUST,unknown,n_895,1666.67,3666.67,0,0.5099742432101453,0.5246956487871983,1,FP
SUST,unknown,n_895,2166.67,4166.67,0,0.7114819617980631,0.7889049521154601,1,FP
SUST,unknown,n_895,2666.67,4666.67,0,0.6730003004717234,0.7432167208669318,1,FP
SUST,unknown,n_895,3166.67,5166.67,0,0.7010968646251831,0.7768781596734815,1,FP
SUST,unknown,n_895,3666.67,5666.67,0,0.6753668583817012,0.7461124197105218,1,FP
SUST,unknown,n_895,4166.67,6166.67,0,0.6366438571270427,0.6974590880158332,1,FP
SUST,unknown,n_895,4666.67,6666.67,0,0.615030786700422,0.6692354768665405,1,FP
SUST,unknown,n_895,5166.67,7166.67,0,0.6100342973945195,0.6626151196796397,1,FP
SUST,unknown,n_895,5666.67,7666.67,0,0.6967106437505572,0.7717292867547413,1,FP
SUST,unknown,n_895,6166.67,8166.67,0,0.7544850089377925,0.8360933439282279,1,FP
SUST,unknown,n_895,6666.67,8666.67,0,0.5489751778157969,0.5793897474672419,1,FP
SUST,unknown,n_895,7166.67,9166.67,0,0.676034479621766,0.7469273728330605,1,FP
SUST,unknown,n_895,7666.67,9666.67,0,0.6966667360179949,0.7716775402190543,1,FP
SUST,unknown,n_896,2166.67,4166.67,0,0.47859673071257147,0.4803511540607843,1,FP
SUST,unknown,n_896,2666.67,4666.67,0,0.5153523538179043,0.5322781050352586,1,FP
SUST,unknown,n_896,3166.67,5166.67,0,0.6249936680948711,0.6823318225447349,1,FP
SUST,unknown,n_896,3666.67,5666.67,0,0.5716701081796222,0.6107609105591653,1,FP
SUST,unknown,n_896,4166.67,6166.67,0,0.6262003291728026,0.6839082012400624,1,FP
SUST,unknown,n_896,4666.67,6666.67,0,0.5994580885176122,0.6484929120847385,1,FP
SUST,unknown,n_896,5166.67,7166.67,0,0.5981697812952013,0.6467629914837265,1,FP
SUST,unknown,n_896,5666.67,7666.67,0,0.5748286427111027,0.6150908905205696,1,FP
SUST,unknown,n_896,6166.67,8166.67,0,0.5772209930077515,0.6183640023474439,1,FP
SUST,unknown,n_896,6666.67,8666.67,0,0.6147914164349038,0.6689190906777543,1,FP
SUST,unknown,n_896,7166.67,9166.67,0,0.5619763216914739,0.5974140065552026,1,FP
SUST,unknown,n_896,7666.67,9666.67,0,0.5381180520253921,0.5642448337213932,1,FP
SUST,unknown,n_897,1666.67,3666.67,0,0.5144974616267645,0.53107343069333,1,FP
SUST,unknown,n_897,2166.67,4166.67,0,0.6231196610854514,0.6798793564072522,1,FP
SUST,unknown,n_897,2666.67,4666.67,0,0.583192249171141,0.6265081104014757,1,FP
SUST,unknown,n_897,3166.67,5166.67,0,0.4464304879569605,0.4349689507034864,1,FP
SUST,unknown,n_898,1666.67,3666.67,0,0.42878243407503974,0.410237658985908,1,FP
SUST,unknown,n_898,2166.67,4166.67,0,0.45390752892034975,0.445491557763083,1,FP
SUST,unknown,n_898,2666.67,4666.67,0,0.5014783330159304,0.5127015850988806,1,FP
SUST,unknown,n_898,3666.67,5666.67,0,0.4617513331832154,0.4565513795399807,1,FP
SUST,unknown,n_898,4166.67,6166.67,0,0.4611823902583192,0.45574855561922556,1,FP
SUST,unknown,n_898,4666.67,6666.67,0,0.4785653300048898,0.4803067541383186,1,FP
SUST,unknown,n_898,5166.67,7166.67,0,0.7014869388883624,0.7773340891449826,1,FP
SUST,unknown,n_898,5666.67,7666.67,0,0.7001593483569125,0.7757810443973097,1,FP
SUST,unknown,n_898,6166.67,8166.67,0,0.7014869388883624,0.7773340891449826,1,FP
SUST,unknown,n_898,6666.67,8666.67,0,0.723090623884601,0.8020675281814631,1,FP
SUST,unknown,n_898,7166.67,9166.67,0,0.6976473780938389,0.7728322942172289,1,FP
SUST,unknown,n_898,7666.67,9666.67,0,0.695511312743614,0.770314394280489,1,FP
SUST,unknown,n_899,1666.67,3666.67,0,0.5970643508480636,0.6452770178832935,1,FP
SUST,unknown,n_899,2166.67,4166.67,0,0.5918480780586893,0.6382453111338063,1,FP
SUST,unknown,n_899,2666.67,4666.67,0,0.6589165065601664,0.7257672417487376,1,FP
SUST,unknown,n_899,3166.67,5166.67,0,0.608746200861307,0.660902924278157,1,FP
SUST,unknown,n_899,3666.67,5666.67,0,0.6730782714972428,0.7433122958782563,1,FP
SUST,unknown,n_899,4166.67,6166.67,0,0.6189189227610684,0.6743633785251606,1,FP
SUST,unknown,n_899,4666.67,6666.67,0,0.6036119445986995,0.654056589399844,1,FP
SUST,unknown,n_899,5166.67,7166.67,0,0.5728791150815762,0.612419456475278,1,FP
SUST,unknown,n_899,5666.67,7666.67,0,0.6711942489146943,0.740999676928709,1,FP
SUST,unknown,n_899,6666.67,8666.67,0,0.41641146375676286,0.39301564424079855,1,FP
SUST,unknown,n_899,7166.67,9166.67,0,0.4303055637641755,0.4123651987058673,1,FP
SUST,unknown,n_899,7666.67,9666.67,0,0.44390745848272595,0.4314235046460472,1,FP
SUST,unknown,n_900,3666.67,5666.67,0,0.5739655844513388,0.6139087004392446,1,FP
SUST,unknown,n_900,4166.67,6166.67,0,0.6280928397368951,0.6863761897638404,1,FP
SUST,unknown,n_900,4666.67,6666.67,0,0.6148262605015108,0.6689651505455714,1,FP
SUST,unknown,n_900,5166.67,7166.67,0,0.6019648424196512,0.6518530538490704,1,FP
SUST,unknown,n_900,6666.67,8666.67,0,0.6087017202683433,0.660843759276955,1,FP
SUST,unknown,n_900,7166.67,9166.67,0,0.6515364327626201,0.7164806549460551,1,FP
SUST,unknown,n_900,7666.67,9666.67,0,0.651081427887495,0.7159050039583063,1,FP
SUST,unknown,n_901,1666.67,3666.67,0,0.6763927363749278,0.7473643362735289,1,FP
SUST,unknown,n_901,2166.67,4166.67,0,0.7024190795064181,0.7784222894007653,1,FP
SUST,unknown,n_901,2666.67,4666.67,0,0.7872425196055286,0.8689779280272985,1,FP
SUST,unknown,n_901,3166.67,5166.67,0,0.6060925808363354,0.6573687035066734,1,FP
SUST,unknown,n_901,3666.67,5666.67,0,0.629587550743423,0.6883215964181457,1,FP
SUST,unknown,n_901,4166.67,6166.67,0,0.6653892801533213,0.7338322428256031,1,FP
SUST,unknown,n_901,4666.67,6666.67,0,0.4802741888781017,0.482723138264272,1,FP
SUST,unknown,n_901,5166.67,7166.67,0,0.6650746220751721,0.7334419464027653,1,FP
SUST,unknown,n_901,6166.67,8166.67,0,0.44523814302109554,0.4332930701380214,1,FP
SUST,unknown,n_901,6666.67,8666.67,0,0.5704422921427292,0.6090751382157457,1,FP
SUST,unknown,n_901,7166.67,9166.67,0,0.6385699691877609,0.6999396822213545,1,FP
SUST,unknown,n_901,7666.67,9666.67,0,0.7347300354098717,0.8149561594758815,1,FP
SUST,unknown,n_902,1666.67,3666.67,0,0.586887484795154,0.6315290037183162,1,FP
SUST,unknown,n_902,2166.67,4166.67,0,0.6289416848451579,0.6874814003848538,1,FP
SUST,unknown,n_902,2666.67,4666.67,0,0.42707819457331825,0.407858888678299,1,FP
SUST,unknown,n_902,5166.67,7166.67,0,0.5209288871496572,0.5401298568228022,1,FP
SUST,unknown,n_902,5666.67,7666.67,0,0.42645130768225675,0.40698435736846805,1,FP
SUST,unknown,n_902,6666.67,8666.67,0,0.6906962195235784,0.7646038602235038,1,FP
SUST,unknown,n_902,7166.67,9166.67,0,0.6546151141116248,0.7203662559629188,1,FP
SUST,unknown,n_902,7666.67,9666.67,0,0.6804586959770601,0.7523061071215679,1,FP
SUST,unknown,n_903,1666.67,3666.67,0,0.41733536281638145,0.39429800849900454,1,FP
SUST,unknown,n_903,2166.67,4166.67,0,0.4272608597076255,0.4081137620238043,1,FP
SUST,unknown,n_903,3166.67,5166.67,0,0.4271179224084838,0.40791431922146326,1,FP
SUST,unknown,n_903,3666.67,5666.67,0,0.44585977403159394,0.4341667146667801,1,FP
SUST,unknown,n_903,4166.67,6166.67,0,0.5367346648384463,0.5623097961086149,1,FP
SUST,unknown,n_903,4666.67,6666.67,0,0.7273994280534738,0.8068754119631542,1,FP
SUST,unknown,n_903,5166.67,7166.67,0,0.7740839103020697,0.8561032808575775,1,FP
SUST,unknown,n_903,5666.67,7666.67,0,0.7698043594757044,0.8518179930483167,1,FP
SUST,unknown,n_903,6166.67,8166.67,0,0.5432172002535276,0.5713673352325644,1,FP
SUST,unknown,n_903,6666.67,8666.67,0,0.5834844828101478,0.626905721376479,1,FP
SUST,unknown,n_903,7166.67,9166.67,0,0.6223405362655706,0.6788582193209584,1,FP
SUST,unknown,n_903,7666.67,9666.67,0,0.651603256788728,0.7165651676054384,1,FP
SUST,unknown,n_904,2666.67,4666.67,0,0.404910884045887,0.3771109086741429,1,FP
SUST,unknown,n_904,3166.67,5166.67,0,0.42387822588220797,0.40339755952385,1,FP
SUST,unknown,n_904,4666.67,6666.67,0,0.40730465882171135,0.3804121344740296,1,FP
SUST,unknown,n_904,7666.67,9666.67,0,0.4549289034560498,0.4469305938344866,1,FP
SUST,unknown,n_905,1666.67,3666.67,0,0.4227268036444312,0.40179397900566416,1,FP
SUST,unknown,n_905,3166.67,5166.67,0,0.42818125442127214,0.4093983216560246,1,FP
SUST,unknown,n_905,3666.67,5666.67,0,0.5778000994147539,0.6191554480435555,1,FP
SUST,unknown,n_905,4166.67,6166.67,0,0.6781858433835544,0.7495476461786041,1,FP
SUST,unknown,n_905,4666.67,6666.67,0,0.6059388303880353,0.6571636488471094,1,FP
SUST,unknown,n_905,5166.67,7166.67,0,0.6839544901404976,0.7565289693891091,1,FP
SUST,unknown,n_905,5666.67,7666.67,0,0.6227227485521758,0.679359265352416,1,FP
SUST,unknown,n_905,6166.67,8166.67,0,0.6475916324381902,0.7114781189893894,1,FP
SUST,unknown,n_905,6666.67,8666.67,0,0.5278287049737941,0.5498272091278594,1,FP
SUST,unknown,n_905,7166.67,9166.67,0,0.6734072121915794,0.7437153760486835,1,FP
SUST,unknown,n_905,7666.67,9666.67,0,0.6370123781314286,0.697934155358147,1,FP
SUST,unknown,n_906,2666.67,4666.67,0,0.6225719563001089,0.6791616156696212,1,FP
SUST,unknown,n_906,3166.67,5166.67,0,0.6232383301810317,0.6800348087380688,1,FP
SUST,unknown,n_906,3666.67,5666.67,0,0.6801629351853019,0.7519477273060008,1,FP
SUST,unknown,n_906,4166.67,6166.67,0,0.5726063863600025,0.6120454428482847,1,FP
SUST,unknown,n_906,4666.67,6666.67,0,0.6526012368501369,0.7178264014707194,1,FP
SUST,unknown,n_906,5166.67,7166.67,0,0.535508127111869,0.5605932286951799,1,FP
SUST,unknown,n_906,5666.67,7666.67,0,0.5474484267019455,0.5772647834349245,1,FP
SUST,unknown,n_906,6166.67,8166.67,0,0.5179617447558305,0.5359535641058979,1,FP
SUST,unknown,n_906,6666.67,8666.67,0,0.4590630822218856,0.45275882717122656,1,FP
SUST,unknown,n_906,7166.67,9166.67,0,0.46545636777916793,0.461781468715859,1,FP
SUST,unknown,n_906,7666.67,9666.67,0,0.4116584259544705,0.38642907954446293,1,FP
SUST,unknown,n_907,1666.67,3666.67,0,0.5332987310567932,0.5574990000163287,1,FP
SUST,unknown,n_907,2166.67,4166.67,0,0.6595691966985331,0.726583914592989,1,FP
SUST,unknown,n_907,2666.67,4666.67,0,0.6936904633926437,0.7681605569388195,1,FP
SUST,unknown,n_907,3166.67,5166.67,0,0.6399026805304471,0.7016525665057847,1,FP
SUST,unknown,n_907,3666.67,5666.67,0,0.6384857124528814,0.6998312940939274,1,FP
SUST,unknown,n_907,4166.67,6166.67,0,0.6894031457604802,0.7630622112553453,1,FP
SUST,unknown,n_907,4666.67,6666.67,0,0.5941742449741992,0.6413850397155649,1,FP
SUST,unknown,n_907,5166.67,7166.67,0,0.6541738436411868,0.7198103400475191,1,FP
SUST,unknown,n_907,5666.67,7666.67,0,0.6639426060965687,0.7320363110600935,1,FP
SUST,unknown,n_907,6166.67,8166.67,0,0.659791729823661,0.7268621829866365,1,FP
SUST,unknown,n_907,6666.67,8666.67,0,0.4659185567987336,0.4624341272528617,1,FP
SUST,unknown,n_907,7166.67,9166.67,0,0.43973471098650735,0.4255663995109502,1,FP
SUST,unknown,n_907,7666.67,9666.67,0,0.44717165130365416,0.43601099439353913,1,FP
SUST,unknown,n_908,1666.67,3666.67,0,0.6109229317684154,0.6637950390541223,1,FP
SUST,unknown,n_908,2166.67,4166.67,0,0.6629957456570282,0.7308587859982788,1,FP
SUST,unknown,n_908,2666.67,4666.67,0,0.6878165442060874,0.7611659630542111,1,FP
SUST,unknown,n_908,3166.67,5166.67,0,0.7170228482520375,0.7952252045941052,1,FP
SUST,unknown,n_908,3666.67,5666.67,0,0.7183488825426849,0.7967276031145615,1,FP
SUST,unknown,n_908,4166.67,6166.67,0,0.6865781297881853,0.7596823174457046,1,FP
SUST,unknown,n_908,4666.67,6666.67,0,0.46676519005630623,0.46362977948614964,1,FP
SUST,unknown,n_908,6166.67,8166.67,0,0.5253122311142294,0.5462928856775621,1,FP
SUST,unknown,n_908,6666.67,8666.67,0,0.5397827739110561,0.5665718862837605,1,FP
SUST,unknown,n_908,7166.67,9166.67,0,0.5548332489696708,0.587527422450315,1,FP
SUST,unknown,n_908,7666.67,9666.67,0,0.4957073152438441,0.5045462913275829,1,FP
SUST,unknown,n_909,3666.67,5666.67,0,0.4188480066156831,0.3963989462426057,1,FP
SUST,unknown,n_909,4166.67,6166.67,0,0.42496396698603245,0.40491050389791006,1,FP
SUST,unknown,n_909,4666.67,6666.67,0,0.5331121881320003,0.5572376268535494,1,FP
SUST,unknown,n_909,5166.67,7166.67,0,0.5869164017122593,0.6315682355030106,1,FP
SUST,unknown,n_909,5666.67,7666.67,0,0.4431874047546573,0.43041219570933953,1,FP
SUST,unknown,n_909,7666.67,9666.67,0,0.56669880630614,0.6039267360605374,1,FP
SUST,unknown,n_910,1666.67,3666.67,0,0.6935121713335977,0.7679492905470866,1,FP
SUST,unknown,n_910,2166.67,4166.67,0,0.6668083007518647,0.7355901046305616,1,FP
SUST,unknown,n_910,3166.67,5166.67,0,0.48743405401419887,0.49284846557498235,1,FP
SUST,unknown,n_910,3666.67,5666.67,0,0.4226107286663699,0.4016323732925554,1,FP
SUST,unknown,n_910,4666.67,6666.67,0,0.6059467190711565,0.657174170612418,1,FP
SUST,unknown,n_910,5166.67,7166.67,0,0.5463744564403596,0.5757690373235218,1,FP
SUST,unknown,n_910,5666.67,7666.67,0,0.4931708430714473,0.5009604792765895,1,FP
SUST,unknown,n_910,6166.67,8166.67,0,0.4644661551500057,0.46038334685546833,1,FP
SUST,unknown,n_911,1666.67,3666.67,0,0.657897480570497,0.7244906749838693,1,FP
SUST,unknown,n_911,2166.67,4166.67,0,0.6261707205117784,0.6838695465009954,1,FP
SUST,unknown,n_911,2666.67,4666.67,0,0.6199708546591925,0.6757470525059567,1,FP
SUST,unknown,n_911,3166.67,5166.67,0,0.5899340770366289,0.6356571938555035,1,FP
SUST,unknown,n_911,3666.67,5666.67,0,0.6695234420276739,0.738943169611493,1,FP
SUST,unknown,n_911,4166.67,6166.67,0,0.5140983578667526,0.5305109487088304,1,FP
SUST,unknown,n_911,4666.67,6666.67,0,0.5623581585960458,0.5979413129715031,1,FP
SUST,unknown,n_911,5166.67,7166.67,0,0.6199774994195334,0.6757557877583735,1,FP
SUST,unknown,n_911,5666.67,7666.67,0,0.6171521766790529,0.6720359243446528,1,FP
SUST,unknown,n_911,6166.67,8166.67,0,0.6502899859963992,0.7149028620531048,1,FP
SUST,unknown,n_911,6666.67,8666.67,0,0.539855650694018,0.5666737196905206,1,FP
SUST,unknown,n_912,1666.67,3666.67,0,0.5919433296039456,0.6383740002443528,1,FP
SUST,unknown,n_912,2166.67,4166.67,0,0.6063103876087573,0.6576591365134582,1,FP
SUST,unknown,n_912,2666.67,4666.67,0,0.4562174654777629,0.4487465809915724,1,FP
SUST,unknown,n_912,3166.67,5166.67,0,0.4448061807197228,0.4326860895271902,1,FP
SUST,unknown,n_912,3666.67,5666.67,0,0.4339972567387533,0.4175277011680463,1,FP
SUST,unknown,n_912,4166.67,6166.67,0,0.4322616919862911,0.4150996563627949,1,FP
SUST,unknown,n_912,4666.67,6666.67,0,0.4375703799990925,0.4225318801173739,1,FP
SUST,unknown,n_912,5166.67,7166.67,0,0.42097550986094456,0.39935675088819483,1,FP
SUST,unknown,n_912,6166.67,8166.67,0,0.4818772164793469,0.4849900157088072,1,FP
SUST,unknown,n_912,6666.67,8666.67,0,0.45239619102905054,0.443362879041582,1,FP
SUST,unknown,n_912,7166.67,9166.67,0,0.5401534119704974,0.5670897586526334,1,FP
SUST,unknown,n_912,7666.67,9666.67,0,0.5092227580754639,0.5236354616465125,1,FP
SUST,unknown,n_913,1666.67,3666.67,0,0.4906355638060163,0.49737575818230967,1,FP
SUST,unknown,n_913,2166.67,4166.67,0,0.5162952314929299,0.5336064746488791,1,FP
SUST,unknown,n_913,2666.67,4666.67,0,0.5962075989844685,0.6441243117343317,1,FP
SUST,unknown,n_913,3166.67,5166.67,0,0.6415852161690473,0.7038109604301505,1,FP
SUST,unknown,n_913,3666.67,5666.67,0,0.6194780078535503,0.6750989760921379,1,FP
SUST,unknown,n_913,5166.67,7166.67,0,0.4370350464514661,0.4217816940238509,1,FP
SUST,unknown,n_913,5666.67,7666.67,0,0.5408181807529044,0.5680183917805296,1,FP
SUST,unknown,n_913,6166.67,8166.67,0,0.5083484099638262,0.5224017469526911,1,FP
SUST,unknown,n_913,6666.67,8666.67,0,0.5308378524628478,0.5540494746135741,1,FP
SUST,unknown,n_913,7166.67,9166.67,0,0.596497697284214,0.6445147200184846,1,FP
SUST,unknown,n_913,7666.67,9666.67,0,0.6638062975105579,0.7318668971357108,1,FP
SUST,unknown,n_914,1666.67,3666.67,0,0.5598553841454365,0.5944828102598964,1,FP
SUST,unknown,n_914,2166.67,4166.67,0,0.5059228093319317,0.5189781674543182,1,FP
SUST,unknown,n_914,2666.67,4666.67,0,0.5029835240455289,0.5148277085371218,1,FP
SUST,unknown,n_914,3166.67,5166.67,0,0.6084659949850381,0.6605301700957452,1,FP
SUST,unknown,n_914,3666.67,5666.67,0,0.5905850338961923,0.6365378913517749,1,FP
SUST,unknown,n_914,4166.67,6166.67,0,0.6241556454626717,0.6812357624084492,1,FP
SUST,unknown,n_914,5666.67,7666.67,0,0.6394199943540989,0.70103251870455,1,FP
SUST,unknown,n_914,6166.67,8166.67,0,0.5498948477482953,0.5806689661129529,1,FP
SUST,unknown,n_914,6666.67,8666.67,0,0.5583112985229393,0.592346493283362,1,FP
SUST,unknown,n_914,7166.67,9166.67,0,0.41538343874878303,0.39158952945571335,1,FP
SUST,unknown,n_914,7666.67,9666.67,0,0.43039731849247603,0.4124934098062053,1,FP
SUST,unknown,n_915,1666.67,3666.67,0,0.6487957397632739,0.713007896215265,1,FP
SUST,unknown,n_915,2166.67,4166.67,0,0.666709913277655,0.7354683436937448,1,FP
SUST,unknown,n_915,2666.67,4666.67,0,0.6254133483977999,0.682880337115507,1,FP
SUST,unknown,n_915,3166.67,5166.67,0,0.5031126855971544,0.5150101318611138,1,FP
SUST,unknown,n_915,3666.67,5666.67,0,0.7147679329046394,0.7926613483769236,1,FP
SUST,unknown,n_915,4166.67,6166.67,0,0.7147679329046394,0.7926613483769236,1,FP
SUST,unknown,n_915,4666.67,6666.67,0,0.7096427917574151,0.7867920980786173,1,FP
SUST,unknown,n_915,5166.67,7166.67,0,0.7184636235130539,0.7968574190926487,1,FP
SUST,unknown,n_915,5666.67,7666.67,0,0.6503610219073507,0.714992853178672,1,FP
SUST,unknown,n_915,6666.67,8666.67,0,0.5195886305813198,0.5382438503782934,1,FP
SUST,unknown,n_915,7166.67,9166.67,0,0.5893613029268289,0.634881872594179,1,FP
SUST,unknown,n_915,7666.67,9666.67,0,0.6224393573966237,0.6789877853693638,1,FP
SUST,unknown,n_916,1666.67,3666.67,0,0.6175340086827031,0.6725393112331793,1,FP
SUST,unknown,n_916,2166.67,4166.67,0,0.6297689341030951,0.6885574407655222,1,FP
SUST,unknown,n_916,2666.67,4666.67,0,0.5033787206892305,0.5153858598752401,1,FP
SUST,unknown,n_916,3166.67,5166.67,0,0.4310715958463982,0.4134357525519098,1,FP
SUST,unknown,n_916,3666.67,5666.67,0,0.5797248814987527,0.6217835267046009,1,FP
SUST,unknown,n_916,4166.67,6166.67,0,0.5803863568066628,0.6226858168992382,1,FP
SUST,unknown,n_916,4666.67,6666.67,0,0.5496560449484039,0.5803368606356935,1,FP
SUST,unknown,n_916,5166.67,7166.67,0,0.5956963403438167,0.6434360243078794,1,FP
SUST,unknown,n_916,5666.67,7666.67,0,0.4429923931994637,0.4301383457701482,1,FP
SUST,unknown,n_916,6666.67,8666.67,0,0.591691139494415,0.6380332571700946,1,FP
SUST,unknown,n_916,7166.67,9166.67,0,0.5485688846831774,0.5788244204190615,1,FP
SUST,unknown,n_916,7666.67,9666.67,0,0.565087708489181,0.6017070867498632,1,FP
SUST,unknown,n_917,1666.67,3666.67,0,0.5508712829651556,0.5820264753190602,1,FP
SUST,unknown,n_917,2666.67,4666.67,0,0.4391734801863873,0.42477928605479887,1,FP
SUST,unknown,n_917,3166.67,5166.67,0,0.5487106092644308,0.5790216330434831,1,FP
SUST,unknown,n_917,3666.67,5666.67,0,0.6421680934523945,0.7045576123404608,1,FP
SUST,unknown,n_917,4166.67,6166.67,0,0.6844010019868507,0.7570666029889536,1,FP
SUST,unknown,n_917,4666.67,6666.67,0,0.6788997537843284,0.750415174567317,1,FP
SUST,unknown,n_917,5166.67,7166.67,0,0.6680408965392246,0.737114001161616,1,FP
SUST,unknown,n_917,5666.67,7666.67,0,0.5110643775332394,0.526233314706152,1,FP
SUST,unknown,n_917,7166.67,9166.67,0,0.6181802767908897,0.6733908477097611,1,FP
SUST,unknown,n_917,7666.67,9666.67,0,0.6292214897078653,0.6878454716707254,1,FP
SUST,unknown,n_918,1666.67,3666.67,0,0.6773456745061436,0.7485254216509222,1,FP
SUST,unknown,n_918,2166.67,4166.67,0,0.6974013484402748,0.7725427715287732,1,FP
SUST,unknown,n_918,2666.67,4666.67,0,0.6611605755901672,0.7285719118262236,1,FP
SUST,unknown,n_918,3166.67,5166.67,0,0.6172557067759507,0.6721724331744858,1,FP
SUST,unknown,n_918,3666.67,5666.67,0,0.641790338937973,0.704073781166598,1,FP
SUST,unknown,n_918,4166.67,6166.67,0,0.5778997685921705,0.6192916283445551,1,FP
SUST,unknown,n_918,5166.67,7166.67,0,0.6113082262663421,0.6643062988789618,1,FP
SUST,unknown,n_918,6166.67,8166.67,0,0.4800395436589999,0.482391331532337,1,FP
SUST,unknown,n_919,2166.67,4166.67,0,0.5734032696561256,0.6131380679202517,1,FP
SUST,unknown,n_919,2666.67,4666.67,0,0.6425912964284417,0.7050993766175445,1,FP
SUST,unknown,n_919,3166.67,5166.67,0,0.6162431213646803,0.6708366500339586,1,FP
SUST,unknown,n_919,3666.67,5666.67,0,0.46917363032481824,0.4670318688539593,1,FP
SUST,unknown,n_919,4166.67,6166.67,0,0.46115986068365455,0.45571676637163727,1,FP
SUST,unknown,n_919,4666.67,6666.67,0,0.46346162760958765,0.45896524601843125,1,FP
SUST,unknown,n_920,3700.0,5700.0,0,0.40137631930122264,0.372245898673138,1,FP
SUST,unknown,n_920,4200.0,6200.0,0,0.41975390784453737,0.3976579875825548,1,FP
SUST,unknown,n_920,4700.0,6700.0,0,0.42782500598105194,0.40890105442324337,1,FP
SUST,unknown,n_920,5200.0,7200.0,0,0.6539999617667763,0.7195911890166139,1,FP
SUST,unknown,n_920,5700.0,7700.0,0,0.5879002569726199,0.6329024848714585,1,FP
SUST,unknown,n_920,6200.0,8200.0,0,0.6144380053549998,0.6684518267882937,1,FP
SUST,unknown,n_920,6700.0,8700.0,0,0.5338985111775573,0.5583392495104805,1,FP
SUST,unknown,n_921,1666.67,3666.67,0,0.7175613185739562,0.7958357680276895,1,FP
SUST,unknown,n_921,2166.67,4166.67,0,0.6181389552893447,0.6733364193061444,1,FP
SUST,unknown,n_921,2666.67,4666.67,0,0.5943517098222121,0.6416243107576028,1,FP
SUST,unknown,n_921,3166.67,5166.67,0,0.5740856227007537,0.6140731687190497,1,FP
SUST,unknown,n_921,3666.67,5666.67,0,0.530319664761969,0.5533227057805047,1,FP
SUST,unknown,n_921,4166.67,6166.67,0,0.4425755243895649,0.4295530078409714,1,FP
SUST,unknown,n_921,4666.67,6666.67,0,0.5403698535371746,0.5673921416143812,1,FP
SUST,unknown,n_921,5166.67,7166.67,0,0.5293511820516777,0.5519640248759201,1,FP
SUST,unknown,n_921,5666.67,7666.67,0,0.5286544176145976,0.5509862477756378,1,FP
SUST,unknown,n_921,6166.67,8166.67,0,0.5617996432501865,0.5971699764548388,1,FP
SUST,unknown,n_921,7666.67,9666.67,0,0.6147317314939617,0.6688401901128738,1,FP
SUST,unknown,n_922,2166.67,4166.67,0,0.6243756872265683,0.6815236581196997,1,FP
SUST,unknown,n_922,2666.67,4666.67,0,0.6002551041083722,0.6495621086472332,1,FP
SUST,unknown,n_922,3166.67,5166.67,0,0.6273906006442344,0.6854610401664656,1,FP
SUST,unknown,n_922,3666.67,5666.67,0,0.643925589399765,0.7068055464553541,1,FP
SUST,unknown,n_922,4166.67,6166.67,0,0.640673896126809,0.7026424700420372,1,FP
SUST,unknown,n_922,4666.67,6666.67,0,0.6651062272504249,0.7334811571354128,1,FP
SUST,unknown,n_922,5166.67,7166.67,0,0.690812809522187,0.7647426952817284,1,FP
SUST,unknown,n_922,5666.67,7666.67,0,0.6836579170656005,0.756171653812774,1,FP
SUST,unknown,n_922,6166.67,8166.67,0,0.6306579418943008,0.6897126494969529,1,FP
SUST,unknown,n_922,6666.67,8666.67,0,0.6241854935209751,0.6812748188507685,1,FP
SUST,unknown,n_922,7166.67,9166.67,0,0.4791798927787404,0.4811757451932866,1,FP
SUST,unknown,n_923,1666.67,3666.67,0,0.6654231419339677,0.7338742335400924,1,FP
SUST,unknown,n_923,2166.67,4166.67,0,0.6658709446068862,0.7344293381537942,1,FP
SUST,unknown,n_923,2666.67,4666.67,0,0.6541894880142114,0.7198300547591827,1,FP
SUST,unknown,n_923,3166.67,5166.67,0,0.6802732701826666,0.7520814427043999,1,FP
SUST,unknown,n_923,3666.67,5666.67,0,0.6221737531603686,0.6786395149414887,1,FP
SUST,unknown,n_923,4166.67,6166.67,0,0.6422585880040175,0.7046734838365576,1,FP
SUST,unknown,n_923,4666.67,6666.67,0,0.6302711631548199,0.6892102038380381,1,FP
SUST,unknown,n_923,5166.67,7166.67,0,0.6196506779862279,0.6753260708685347,1,FP
SUST,unknown,n_923,5666.67,7666.67,0,0.6592176198339311,0.726144101727182,1,FP
SUST,unknown,n_923,6166.67,8166.67,0,0.6558389828631581,0.7219063119063461,1,FP
SUST,unknown,n_923,6666.67,8666.67,0,0.6303019151168271,0.6892501606151626,1,FP
SUST,unknown,n_923,7166.67,9166.67,0,0.6060549240263525,0.6573184840258761,1,FP
SUST,unknown,n_923,7666.67,9666.67,0,0.4662816614037617,0.4629469007858501,1,FP
SUST,unknown,n_924,2666.67,4666.67,0,0.4157484477625866,0.39209578939839923,1,FP
SUST,unknown,n_924,3166.67,5166.67,0,0.42548646590428923,0.40563887436896956,1,FP
SUST,unknown,n_924,3666.67,5666.67,0,0.4313241847295797,0.4137888320394642,1,FP
SUST,unknown,n_924,4166.67,6166.67,0,0.6634083748378907,0.7313721367229647,1,FP
SUST,unknown,n_924,4666.67,6666.67,0,0.6427658865978126,0.7053227929829051,1,FP
SUST,unknown,n_924,5166.67,7166.67,0,0.624050113333684,0.6810976621848054,1,FP
SUST,unknown,n_924,5666.67,7666.67,0,0.6571962674081095,0.7236111708317717,1,FP
SUST,unknown,n_924,6166.67,8166.67,0,0.6433952310582179,0.7061277249092088,1,FP
SUST,unknown,n_924,6666.67,8666.67,0,0.5739582400662073,0.613898637203601,1,FP
SUST,unknown,n_924,7166.67,9166.67,0,0.5492986632438935,0.5798397698141979,1,FP
SUST,unknown,n_924,7666.67,9666.67,0,0.49712383669840726,0.5065485008411921,1,FP
SUST,unknown,n_925,1666.67,3666.67,0,0.66119453484197,0.7286142850567167,1,FP
SUST,unknown,n_925,2166.67,4166.67,0,0.6908985156237258,0.7648447361507527,1,FP
SUST,unknown,n_925,2666.67,4666.67,0,0.6237535137682526,0.6807094417727722,1,FP
SUST,unknown,n_925,3166.67,5166.67,0,0.4391900686436972,0.4248025486586683,1,FP
SUST,unknown,n_925,4666.67,6666.67,0,0.4327099693059943,0.41572662413266837,1,FP
SUST,unknown,n_925,5166.67,7166.67,0,0.4403517764795302,0.42643200585606,1,FP
SUST,unknown,n_926,1666.67,3666.67,0,0.558638575419286,0.5927994594353092,1,FP
SUST,unknown,n_926,2166.67,4166.67,0,0.6064444624830041,0.6578378870637891,1,FP
SUST,unknown,n_926,2666.67,4666.67,0,0.7009161958667294,0.7766668795780953,1,FP
SUST,unknown,n_926,3166.67,5166.67,0,0.675276037597505,0.7460014901726579,1,FP
SUST,unknown,n_926,3666.67,5666.67,0,0.500096395695246,0.510749188505797,1,FP
SUST,unknown,n_926,4166.67,6166.67,0,0.47606696030725365,0.476774372099115,1,FP
SUST,unknown,n_926,4666.67,6666.67,0,0.43939073379144705,0.4250839600519778,1,FP
SUST,unknown,n_926,7166.67,9166.67,0,0.5629495937460437,0.5987578229374978,1,FP
SUST,unknown,n_926,7666.67,9666.67,0,0.5477644218772383,0.5777047261957204,1,FP
SUST,unknown,n_927,1666.67,3666.67,0,0.48961192324546876,0.4959282696330265,1,FP
SUST,unknown,n_927,2166.67,4166.67,0,0.6208034633163976,0.6768411123360646,1,FP
SUST,unknown,n_927,2666.67,4666.67,0,0.5741957625896882,0.6142240625539849,1,FP
SUST,unknown,n_927,3666.67,5666.67,0,0.5349399173454452,0.5597977171996276,1,FP
SUST,unknown,n_927,4166.67,6166.67,0,0.6292657388810251,0.6879030360926116,1,FP
SUST,unknown,n_927,4666.67,6666.67,0,0.6593494464727901,0.7263090390908001,1,FP
SUST,unknown,n_927,5166.67,7166.67,0,0.7003559100924903,0.7760112223412733,1,FP
SUST,unknown,n_927,5666.67,7666.67,0,0.6843950552988047,0.7570594453439953,1,FP
SUST,unknown,n_927,6166.67,8166.67,0,0.6398295512612906,0.701558650494671,1,FP
SUST,unknown,n_927,7166.67,9166.67,0,0.632451847382557,0.6920400179059434,1,FP
SUST,unknown,n_927,7666.67,9666.67,0,0.5911262230740211,0.6372697116040003,1,FP
SUST,unknown,n_928,1666.67,3666.67,0,0.5352220412470912,0.5601927221626858,1,FP
SUST,unknown,n_928,2166.67,4166.67,0,0.5211330069812886,0.540417030898093,1,FP
SUST,unknown,n_928,2666.67,4666.67,0,0.5076168144208415,0.5213693026902697,1,FP
SUST,unknown,n_928,3166.67,5166.67,0,0.6021791519322802,0.6521399569071923,1,FP
SUST,unknown,n_928,3666.67,5666.67,0,0.7020009142737672,0.7779343435461289,1,FP
SUST,unknown,n_928,4166.67,6166.67,0,0.5551974322033717,0.5880324691948416,1,FP
SUST,unknown,n_928,4666.67,6666.67,0,0.722685273323381,0.8016130371412777,1,FP
SUST,unknown,n_928,5166.67,7166.67,0,0.5072221347903001,0.5208122648417259,1,FP
SUST,unknown,n_928,5666.67,7666.67,0,0.5050368863256834,0.5177273892292507,1,FP
SUST,unknown,n_928,6166.67,8166.67,0,0.4668347622497848,0.46372803902567894,1,FP
SUST,unknown,n_928,6666.67,8666.67,0,0.4639138482990721,0.4596036204064373,1,FP
SUST,unknown,n_928,7166.67,9166.67,0,0.675307194370876,0.7460395471959342,1,FP
SUST,unknown,n_928,7666.67,9666.67,0,0.6485164703469234,0.7126533125546913,1,FP
SUST,unknown,n_929,1666.67,3666.67,0,0.6396327544995398,0.7013058719908871,1,FP
SUST,unknown,n_929,2166.67,4166.67,0,0.6570919503138125,0.7234802555506126,1,FP
SUST,unknown,n_929,2666.67,4666.67,0,0.47109892734550507,0.4697522391286816,1,FP
SUST,unknown,n_929,3166.67,5166.67,0,0.49753686928616203,0.5071322592906612,1,FP
SUST,unknown,n_929,7166.67,9166.67,0,0.4711035497542786,0.4697587711470295,1,FP
SUST,unknown,n_929,7666.67,9666.67,0,0.4455876852111129,0.43378429793608086,1,FP
SUST,unknown,n_930,2166.67,4166.67,0,0.41053658455397896,0.3848771525314843,1,FP
SUST,unknown,n_930,3166.67,5166.67,0,0.4287534495399603,0.41019718692717094,1,FP
SUST,unknown,n_930,3666.67,5666.67,0,0.46154263414292995,0.4562568785201715,1,FP
SUST,unknown,n_930,6166.67,8166.67,0,0.42483715865247,0.40473375921353955,1,FP
SUST,unknown,n_930,7166.67,9166.67,0,0.4431197858758524,0.43031723813665174,1,FP
SUST,unknown,n_930,7666.67,9666.67,0,0.49786822408749576,0.5076005612141142,1,FP
SUST,unknown,n_931,1666.67,3666.67,0,0.6414705794929868,0.7036640482372385,1,FP
SUST,unknown,n_931,2166.67,4166.67,0,0.6046722922028585,0.6554733213566885,1,FP
SUST,unknown,n_931,2666.67,4666.67,0,0.6751995223769357,0.7459080213116841,1,FP
SUST,unknown,n_931,3166.67,5166.67,0,0.5724773845277829,0.6118685079042873,1,FP
SUST,unknown,n_931,3666.67,5666.67,0,0.6759800040489428,0.7468609076505563,1,FP
SUST,unknown,n_931,4166.67,6166.67,0,0.6048470430116646,0.6557066676921844,1,FP
SUST,unknown,n_931,4666.67,6666.67,0,0.5800548406506226,0.6222336666825713,1,FP
SUST,unknown,n_931,5166.67,7166.67,0,0.6059410603685002,0.6571666231579495,1,FP
SUST,unknown,n_931,5666.67,7666.67,0,0.5829880185488124,0.6262301813964414,1,FP
SUST,unknown,n_931,6166.67,8166.67,0,0.6452687803368236,0.7085201201158912,1,FP
SUST,unknown,n_931,6666.67,8666.67,0,0.611065251633727,0.6639839112385956,1,FP
SUST,unknown,n_931,7166.67,9166.67,0,0.46466890124446814,0.46066959420152653,1,FP
SUST,unknown,n_931,7666.67,9666.67,0,0.5071306092475953,0.5206830830981444,1,FP
SUST,unknown,n_932,1666.67,3666.67,0,0.538995921320556,0.5654721824176545,1,FP
SUST,unknown,n_932,2166.67,4166.67,0,0.6044088876208157,0.6551215206415434,1,FP
SUST,unknown,n_932,2666.67,4666.67,0,0.6774283291019721,0.7486260473743076,1,FP
SUST,unknown,n_932,3166.67,5166.67,0,0.7073723867076007,0.7841736412325759,1,FP
SUST,unknown,n_932,3666.67,5666.67,0,0.727672887045203,0.8071791020903534,1,FP
SUST,unknown,n_932,4166.67,6166.67,0,0.7132830497177173,0.7909668451355025,1,FP
SUST,unknown,n_932,4666.67,6666.67,0,0.6707807002003955,0.7404911511415738,1,FP
SUST,unknown,n_932,5166.67,7166.67,0,0.5272958307038272,0.5490790485334691,1,FP
SUST,unknown,n_933,2166.67,4166.67,0,0.4642176624388461,0.46003252512300835,1,FP
SUST,unknown,n_933,2666.67,4666.67,0,0.48254083133147635,0.48592847745566,1,FP
SUST,unknown,n_933,3166.67,5166.67,0,0.5297405476484379,0.5525103210398626,1,FP
SUST,unknown,n_933,3666.67,5666.67,0,0.5294060459478974,0.5520410057829016,1,FP
SUST,unknown,n_933,4166.67,6166.67,0,0.5345553854812903,0.5592592581562338,1,FP
SUST,unknown,n_933,4666.67,6666.67,0,0.5294020768584811,0.552035436704342,1,FP
SUST,unknown,n_933,5166.67,7166.67,0,0.5420247813690039,0.5697032192480177,1,FP
SUST,unknown,n_933,5666.67,7666.67,0,0.5897231898526667,0.6353717750979774,1,FP
SUST,unknown,n_933,6166.67,8166.67,0,0.46749387425359673,0.4646589775928682,1,FP
SUST,unknown,n_935,2666.67,4666.67,0,0.4035858832895984,0.3752858221011548,1,FP
SUST,unknown,n_935,5666.67,7666.67,0,0.4125797497174758,0.3877043927686679,1,FP
SUST,unknown,n_935,6666.67,8666.67,0,0.4125797497174758,0.3877043927686679,1,FP
SUST,unknown,n_935,7666.67,9666.67,0,0.6056125680853527,0.6567284160939456,1,FP
SUST,unknown,n_936,4166.67,6166.67,0,0.410331428991762,0.38459345904878706,1,FP
SUST,unknown,n_937,1666.67,3666.67,0,0.4116760843922176,0.38645351612212403,1,FP
SUST,unknown,n_937,6166.67,8166.67,0,0.4116696386570772,0.3864445961805066,1,FP
SUST,unknown,n_937,6666.67,8666.67,0,0.41171158610923664,0.38650264584815613,1,FP
SUST,unknown,n_937,7166.67,9166.67,0,0.4880282519040968,0.49368876041390597,1,FP
SUST,unknown,n_938,2666.67,4666.67,0,0.607722409065503,0.6595404845122994,1,FP
SUST,unknown,n_938,3166.67,5166.67,0,0.5521267871475971,0.583770940019883,1,FP
SUST,unknown,n_938,3666.67,5666.67,0,0.5820166509988081,0.6249076788139308,1,FP
SUST,unknown,n_938,4166.67,6166.67,0,0.5786870976446538,0.6203670185176574,1,FP
SUST,unknown,n_938,5166.67,7166.67,0,0.6263509075790505,0.6841047643166287,1,FP
SUST,unknown,n_938,5666.67,7666.67,0,0.6398597973900242,0.7015974950299197,1,FP
SUST,unknown,n_938,6166.67,8166.67,0,0.5461694309600966,0.5754834031220984,1,FP
SUST,unknown,n_938,6666.67,8666.67,0,0.5697498294490972,0.6081237722531474,1,FP
SUST,unknown,n_939,3666.67,5666.67,0,0.5998343012125883,0.6489976995175424,1,FP
SUST,unknown,n_939,4166.67,6166.67,0,0.4673810303936001,0.4644995892295595,1,FP
SUST,unknown,n_939,4666.67,6666.67,0,0.7353000394236658,0.8155792069656637,1,FP
SUST,unknown,n_939,5166.67,7166.67,0,0.5735065914246569,0.613279689795029,1,FP
SUST,unknown,n_939,5666.67,7666.67,0,0.5875653072258958,0.6324483658851308,1,FP
SUST,unknown,n_939,6166.67,8166.67,0,0.5487414868089318,0.5790645978864468,1,FP
SUST,unknown,n_939,6666.67,8666.67,0,0.48577169311843643,0.4904975656250831,1,FP
SUST,unknown,n_939,7166.67,9166.67,0,0.40126301574298445,0.372090137792943,1,FP
SUST,unknown,n_940,1666.67,3666.67,0,0.4721049247637413,0.47117391145567816,1,FP
SUST,unknown,n_940,2166.67,4166.67,0,0.543511378588051,0.5717777435541143,1,FP
SUST,unknown,n_940,2666.67,4666.67,0,0.4995087206313998,0.5099188225759037,1,FP
SUST,unknown,n_940,3166.67,5166.67,0,0.5075643119790297,0.5212952047474158,1,FP
SUST,unknown,n_940,3666.67,5666.67,0,0.4867262457266118,0.49184749408278305,1,FP
SUST,unknown,n_940,5166.67,7166.67,0,0.406165560571674,0.37884058478256505,1,FP
SUST,unknown,n_940,5666.67,7666.67,0,0.40866685737050445,0.3822929689623132,1,FP
SUST,unknown,n_940,6166.67,8166.67,0,0.4171176783084754,0.39399580528655515,1,FP
SUST,unknown,n_940,6666.67,8666.67,0,0.40939159658452023,0.38329429201547754,1,FP
SUST,unknown,n_940,7166.67,9166.67,0,0.44224372927900785,0.42908718398894935,1,FP
SUST,unknown,n_940,7666.67,9666.67,0,0.4291850898431918,0.41079995550354376,1,FP
SUST,unknown,n_941,1666.67,3666.67,0,0.5126334323676178,0.5284458953699133,1,FP
SUST,unknown,n_941,2166.67,4166.67,0,0.442602589831498,0.4295910087127542,1,FP
SUST,unknown,n_941,2666.67,4666.67,0,0.4215248628111842,0.4001210350226769,1,FP
SUST,unknown,n_941,3166.67,5166.67,0,0.4293994020268201,0.4110992776530417,1,FP
SUST,unknown,n_941,3666.67,5666.67,0,0.4073574651493782,0.3804850159884764,1,FP
SUST,unknown,n_941,4166.67,6166.67,0,0.41880283030468574,0.3963361751637854,1,FP
SUST,unknown,n_941,7666.67,9666.67,0,0.4617271469382505,0.4565172490680463,1,FP
SUST,unknown,n_942,1666.67,3666.67,0,0.5775690670282846,0.6188397443845964,1,FP
SUST,unknown,n_942,2166.67,4166.67,0,0.564352177940872,0.6006929637507453,1,FP
SUST,unknown,n_942,2666.67,4666.67,0,0.6010171351164438,0.6505836353829131,1,FP
SUST,unknown,n_942,3166.67,5166.67,0,0.5529619920403867,0.5849307695263274,1,FP
SUST,unknown,n_942,3666.67,5666.67,0,0.45432716383963473,0.4460827464862738,1,FP
SUST,unknown,n_942,6166.67,8166.67,0,0.40619154839493904,0.3788764259723331,1,FP
SUST,unknown,n_942,6666.67,8666.67,0,0.44274786816697326,0.4297949908146165,1,FP
SUST,unknown,n_942,7166.67,9166.67,0,0.5273921537320098,0.5492142970072784,1,FP
SUST,unknown,n_942,7666.67,9666.67,0,0.6749642677363704,0.7456205703735665,1,FP
SUST,unknown,n_943,1666.67,3666.67,0,0.7218875058583732,0.8007174630038277,1,FP
SUST,unknown,n_943,2166.67,4166.67,0,0.6001530205468606,0.6494252074975448,1,FP
SUST,unknown,n_943,2666.67,4666.67,0,0.6738401394231976,0.7442455657272068,1,FP
SUST,unknown,n_943,3166.67,5166.67,0,0.44433228914336,0.4320202887740687,1,FP
SUST,unknown,n_943,4666.67,6666.67,0,0.41557988206166796,0.39186197931817723,1,FP
SUST,unknown,n_943,5166.67,7166.67,0,0.40390007000884975,0.3757184459736322,1,FP
SUST,unknown,n_943,5666.67,7666.67,0,0.4255652413603622,0.4057487043502705,1,FP
SUST,unknown,n_943,6166.67,8166.67,0,0.45659504279593344,0.44927880914838536,1,FP
SUST,unknown,n_943,6666.67,8666.67,0,0.7150893603204009,0.7930275067573439,1,FP
SUST,unknown,n_943,7166.67,9166.67,0,0.8460182637260966,0.9206177416568425,1,FP
SUST,unknown,n_943,7666.67,9666.67,0,0.9086348456259324,0.9640683633834978,1,FP
SUST,unknown,n_944,2166.67,4166.67,0,0.47498608769936745,0.4752463382817426,1,FP
SUST,unknown,n_944,2666.67,4666.67,0,0.49930346166199485,0.5096287847989781,1,FP
SUST,unknown,n_944,3166.67,5166.67,0,0.7132378889082306,0.790915232422724,1,FP
SUST,unknown,n_944,3666.67,5666.67,0,0.5408849149471445,0.5681115994062235,1,FP
SUST,unknown,n_944,4166.67,6166.67,0,0.530782786575212,0.553972250098009,1,FP
SUST,unknown,n_944,4666.67,6666.67,0,0.4770267346252848,0.47813130801905585,1,FP
SUST,unknown,n_944,5166.67,7166.67,0,0.4789840599109358,0.48089883492835417,1,FP
SUST,unknown,n_944,5666.67,7666.67,0,0.46788263214143333,0.465208104951635,1,FP
SUST,unknown,n_944,6166.67,8166.67,0,0.743724244356613,0.8246970508158548,1,FP
SUST,unknown,n_944,6666.67,8666.67,0,0.6910863944338395,0.7650683702937834,1,FP
SUST,unknown,n_944,7166.67,9166.67,0,0.7339753280544079,0.8141300398176481,1,FP
SUST,unknown,n_944,7666.67,9666.67,0,0.83227291564101,0.9094344228885638,1,FP
SUST,unknown,n_945,1666.67,3666.67,0,0.4868831142472441,0.4920693361062161,1,FP
SUST,unknown,n_945,2166.67,4166.67,0,0.5305419209968911,0.5536344414663616,1,FP
SUST,unknown,n_945,2666.67,4666.67,0,0.6035520339027246,0.6539764997163969,1,FP
SUST,unknown,n_945,3166.67,5166.67,0,0.7602551066937009,0.8420859316775073,1,FP
SUST,unknown,n_945,3666.67,5666.67,0,0.6566721890197297,0.7229532713759623,1,FP
SUST,unknown,n_945,4166.67,6166.67,0,0.7998036892917632,0.8808339122541924,1,FP
SUST,unknown,n_945,4666.67,6666.67,0,0.6940976486932554,0.7686428028931871,1,FP
SUST,unknown,n_945,5166.67,7166.67,0,0.7889669476987756,0.8706309261496429,1,FP
SUST,unknown,n_945,5666.67,7666.67,0,0.7170025808258599,0.795202210973742,1,FP
SUST,unknown,n_945,6166.67,8166.67,0,0.6823276506133622,0.7545667802540891,1,FP
SUST,unknown,n_945,6666.67,8666.67,0,0.7115840276725831,0.7890219887148502,1,FP
SUST,unknown,n_945,7166.67,9166.67,0,0.7412829484260489,0.8220722547212834,1,FP
SUST,unknown,n_945,7666.67,9666.67,0,0.7359513627109512,0.8162901999556406,1,FP
SUST,unknown,n_946,1666.67,3666.67,0,0.6719327691909771,0.7419070048514336,1,FP
SUST,unknown,n_946,2166.67,4166.67,0,0.6695968621782185,0.7390336487532797,1,FP
SUST,unknown,n_946,2666.67,4666.67,0,0.696800012688051,0.771834598189071,1,FP
SUST,unknown,n_946,3166.67,5166.67,0,0.5635943004151341,0.5996475344911165,1,FP
SUST,unknown,n_946,3666.67,5666.67,0,0.5203197713519052,0.5392727985234049,1,FP
SUST,unknown,n_946,4166.67,6166.67,0,0.425585610360938,0.4057771038090375,1,FP
SUST,unknown,n_946,4666.67,6666.67,0,0.4177884847139965,0.3949271762938138,1,FP
SUST,unknown,n_946,6166.67,8166.67,0,0.41313099408709836,0.38846776660915966,1,FP
SUST,unknown,n_946,6666.67,8666.67,0,0.4267408442060736,0.407388239844284,1,FP
SUST,unknown,n_946,7166.67,9166.67,0,0.4625528924409857,0.4576825877212326,1,FP
SUST,unknown,n_946,7666.67,9666.67,0,0.473462007859098,0.4730919685413531,1,FP
SUST,unknown,n_947,2666.67,4666.67,0,0.49632323846354637,0.5054169116287823,1,FP
SUST,unknown,n_947,3166.67,5166.67,0,0.5605466272387131,0.5954385416573478,1,FP
SUST,unknown,n_947,3666.67,5666.67,0,0.5138095508568779,0.530103882275413,1,FP
SUST,unknown,n_947,4166.67,6166.67,0,0.4888394587941664,0.4948359219944272,1,FP
SUST,unknown,n_947,5166.67,7166.67,0,0.5156096194673527,0.5326405832819038,1,FP
SUST,unknown,n_947,5666.67,7666.67,0,0.6237651128328062,0.6807246262669036,1,FP
SUST,unknown,n_947,6166.67,8166.67,0,0.6414932671661302,0.7036931252404455,1,FP
SUST,unknown,n_947,6666.67,8666.67,0,0.6222620173594845,0.6787552617244803,1,FP
SUST,unknown,n_947,7166.67,9166.67,0,0.5884023098855198,0.6335829242301841,1,FP
SUST,unknown,n_947,7666.67,9666.67,0,0.42671954435227205,0.40735852620953533,1,FP
SUST,unknown,n_948,2166.67,4166.67,0,0.5056012486827732,0.5185241974851952,1,FP
SUST,unknown,n_948,2666.67,4666.67,0,0.5275454453796126,0.5494295267993334,1,FP
SUST,unknown,n_948,3166.67,5166.67,0,0.4594856567158013,0.4533548553209371,1,FP
SUST,unknown,n_948,3666.67,5666.67,0,0.4497839815763707,0.439685662009379,1,FP
SUST,unknown,n_948,4166.67,6166.67,0,0.5547614762396637,0.5874278764128005,1,FP
SUST,unknown,n_948,4666.67,6666.67,0,0.551795793803557,0.5833111532260699,1,FP
SUST,unknown,n_948,5166.67,7166.67,0,0.5576967026661754,0.5914956301977571,1,FP
SUST,unknown,n_948,5666.67,7666.67,0,0.4266116655554458,0.40720803815812295,1,FP
SUST,unknown,n_948,6166.67,8166.67,0,0.49256455360232315,0.5001032723815897,1,FP
SUST,unknown,n_948,6666.67,8666.67,0,0.44179205772385166,0.4284531452075022,1,FP
SUST,unknown,n_948,7166.67,9166.67,0,0.5850737696156822,0.629066481536243,1,FP
SUST,unknown,n_948,7666.67,9666.67,0,0.5564182481368528,0.5897247328572289,1,FP
SUST,unknown,n_949,3166.67,5166.67,0,0.4724537275703647,0.471666873492617,1,FP
SUST,unknown,n_949,3666.67,5666.67,0,0.47930023241113046,0.4813459082784234,1,FP
SUST,unknown,n_949,4166.67,6166.67,0,0.4635064946289197,0.45902858004366914,1,FP
SUST,unknown,n_949,5166.67,7166.67,0,0.4170040198885542,0.39383803196950007,1,FP
SUST,unknown,n_949,5666.67,7666.67,0,0.46807262251592846,0.46547648038585215,1,FP
SUST,unknown,n_949,6166.67,8166.67,0,0.5311380575259314,0.5544704554068839,1,FP
SUST,unknown,n_949,6666.67,8666.67,0,0.4821662828981688,0.48539880198769575,1,FP
SUST,unknown,n_949,7166.67,9166.67,0,0.5660087640892035,0.6029763311421236,1,FP
SUST,unknown,n_949,7666.67,9666.67,0,0.6242838756335733,0.6814035434011999,1,FP
SUST,unknown,n_950,1666.67,3666.67,0,0.6307098545860469,0.6897800693281992,1,FP
SUST,unknown,n_950,2166.67,4166.67,0,0.4839782303249213,0.48796123583102363,1,FP
SUST,unknown,n_950,2666.67,4666.67,0,0.44798266217861826,0.43715150992893,1,FP
SUST,unknown,n_950,3166.67,5166.67,0,0.42649677725509844,0.40704778046899975,1,FP
SUST,unknown,n_950,3666.67,5666.67,0,0.46231663103375775,0.4573491443220223,1,FP
SUST,unknown,n_950,4166.67,6166.67,0,0.4706086823148603,0.46905948335218894,1,FP
SUST,unknown,n_950,4666.67,6666.67,0,0.4751067995973688,0.47541698287006184,1,FP
SUST,unknown,n_950,5166.67,7166.67,0,0.6206798061539565,0.6766786880843373,1,FP
SUST,unknown,n_950,5666.67,7666.67,0,0.43884321789058806,0.4243161768342914,1,FP
SUST,unknown,n_950,6166.67,8166.67,0,0.5173115746158705,0.5350379949566728,1,FP
SUST,unknown,n_950,6666.67,8666.67,0,0.4166960642549767,0.39341059751145996,1,FP
SUST,unknown,n_950,7166.67,9166.67,0,0.41707633190023274,0.393938409714793,1,FP
SUST,unknown,n_950,7666.67,9666.67,0,0.40349701262919646,0.3751634667325622,1,FP
SUST,unknown,n_951,1666.67,3666.67,0,0.46123604367687504,0.45582426118568786,1,FP
SUST,unknown,n_951,2166.67,4166.67,0,0.4846979205382244,0.4889790269386754,1,FP
SUST,unknown,n_951,2666.67,4666.67,0,0.49766765227752185,0.5073170960582435,1,FP
SUST,unknown,n_951,3166.67,5166.67,0,0.6124215530269012,0.6657824797509007,1,FP
SUST,unknown,n_951,4166.67,6166.67,0,0.5348567904303464,0.5596813217519001,1,FP
SUST,unknown,n_951,4666.67,6666.67,0,0.4047964959830562,0.37695328529024613,1,FP
SUST,unknown,n_951,5166.67,7166.67,0,0.4487671901233338,0.43825504503022455,1,FP
SUST,unknown,n_951,5666.67,7666.67,0,0.477323317683271,0.4785506365394003,1,FP
SUST,unknown,n_951,6166.67,8166.67,0,0.4738721277129662,0.4736716671436284,1,FP
SUST,unknown,n_951,6666.67,8666.67,0,0.4448488019434658,0.4327459758484153,1,FP
SUST,unknown,n_951,7166.67,9166.67,0,0.49086668465424965,0.49770256794243056,1,FP
SUST,unknown,n_951,7666.67,9666.67,0,0.47411383676443275,0.47401332941847085,1,FP
SUST,unknown,n_952,4666.67,6666.67,0,0.4451416517043217,0.4331574760895863,1,FP
SUST,unknown,n_952,5166.67,7166.67,0,0.5339746878742626,0.5584459536424454,1,FP
SUST,unknown,n_952,5666.67,7666.67,0,0.41104553617125017,0.3855810936487012,1,FP
SUST,unknown,n_953,1666.67,3666.67,0,0.734198598577726,0.8143745767375078,1,FP
SUST,unknown,n_953,2666.67,4666.67,0,0.6013589577269083,0.6510416238616616,1,FP
SUST,unknown,n_953,3166.67,5166.67,0,0.7005557291012499,0.7762451307477146,1,FP
SUST,unknown,n_953,3666.67,5666.67,0,0.7376944658005498,0.8181880419690557,1,FP
SUST,unknown,n_953,4166.67,6166.67,0,0.7828031109165017,0.864685695332203,1,FP
SUST,unknown,n_953,4666.67,6666.67,0,0.7454123421999739,0.8265035991382089,1,FP
SUST,unknown,n_953,5166.67,7166.67,0,0.6816121405260632,0.7537021182557548,1,FP
SUST,unknown,n_953,5666.67,7666.67,0,0.6691648423908544,0.738501105117379,1,FP
SUST,unknown,n_953,6166.67,8166.67,0,0.43223754799734343,0.4150658915855818,1,FP
SUST,unknown,n_953,7666.67,9666.67,0,0.48133961507195105,0.484229769093081,1,FP
SUST,unknown,n_954,3666.67,5666.67,0,0.4133224239140285,0.388732919914455,1,FP
SUST,unknown,n_955,1666.67,3666.67,0,0.6044466220059923,0.6551719238049369,1,FP
SUST,unknown,n_955,2166.67,4166.67,0,0.6052592311888852,0.6562569104291269,1,FP
SUST,unknown,n_955,2666.67,4666.67,0,0.6071932505515794,0.65883575061033,1,FP
SUST,unknown,n_955,3166.67,5166.67,0,0.7045019172817498,0.7808471299494132,1,FP
SUST,unknown,n_955,4166.67,6166.67,0,0.4377472633717683,0.42277978830951846,1,FP
SUST,unknown,n_956,1666.67,3666.67,0,0.43423462085082604,0.4178599084099809,1,FP
SUST,unknown,n_956,2166.67,4166.67,0,0.4151585008566194,0.39127759723397365,1,FP
SUST,unknown,n_956,2666.67,4666.67,0,0.4662618488389371,0.4629189209089628,1,FP
SUST,unknown,n_956,3166.67,5166.67,0,0.49948260301531455,0.5098819178941041,1,FP
SUST,unknown,n_956,3666.67,5666.67,0,0.5318553006784296,0.5554760642042845,1,FP
SUST,unknown,n_956,4166.67,6166.67,0,0.47767593289516114,0.47904919687459063,1,FP
SUST,unknown,n_956,4666.67,6666.67,0,0.47484347722930476,0.47504473886371573,1,FP
SUST,unknown,n_956,5166.67,7166.67,0,0.4367951951945406,0.4214456303684372,1,FP
SUST,unknown,n_956,5666.67,7666.67,0,0.4636319215553891,0.45920563456255886,1,FP
SUST,unknown,n_956,6166.67,8166.67,0,0.49409914944210864,0.5022729053415027,1,FP
SUST,unknown,n_956,6666.67,8666.67,0,0.5079934719478394,0.5219008676851893,1,FP
SUST,unknown,n_956,7166.67,9166.67,0,0.6751966397076614,0.745904499703399,1,FP
SUST,unknown,n_956,7666.67,9666.67,0,0.5906583153127521,0.636637005446779,1,FP
SUST,unknown,n_957,1666.67,3666.67,0,0.6705472258120161,0.7402039138098699,1,FP
SUST,unknown,n_957,2166.67,4166.67,0,0.6263969209249592,0.6841648227812525,1,FP
SUST,unknown,n_957,2666.67,4666.67,0,0.4574881813260954,0.45053794712246886,1,FP
SUST,unknown,n_957,3166.67,5166.67,0,0.4046942758211211,0.376812438884893,1,FP
SUST,unknown,n_957,3666.67,5666.67,0,0.5993653429193141,0.6483684428107269,1,FP
SUST,unknown,n_957,4166.67,6166.67,0,0.43779914440430767,0.42285250455192164,1,FP
SUST,unknown,n_957,5166.67,7166.67,0,0.41243961836145215,0.387510375563488,1,FP
SUST,unknown,n_957,6666.67,8666.67,0,0.5773534339278344,0.618545034927418,1,FP
SUST,unknown,n_957,7166.67,9166.67,0,0.6204260085559875,0.6763452548058279,1,FP
SUST,unknown,n_957,7666.67,9666.67,0,0.6894835357041341,0.7631581543521111,1,FP
SUST,unknown,n_958,1666.67,3666.67,0,0.5388546165478952,0.5652746554370554,1,FP
SUST,unknown,n_958,2166.67,4166.67,0,0.6615046700652658,0.7290011652101465,1,FP
SUST,unknown,n_958,2666.67,4666.67,0,0.6435870765913368,0.7063729656522955,1,FP
SUST,unknown,n_958,3166.67,5166.67,0,0.4302467405871448,0.4122830063933731,1,FP
SUST,unknown,n_958,3666.67,5666.67,0,0.625497130525904,0.6829898075501867,1,FP
SUST,unknown,n_958,4166.67,6166.67,0,0.63644440278779,0.6972018776877394,1,FP
SUST,unknown,n_958,4666.67,6666.67,0,0.6039731739222957,0.6545393900782405,1,FP
SUST,unknown,n_958,5166.67,7166.67,0,0.6400475124902593,0.7018385409103755,1,FP
SUST,unknown,n_958,5666.67,7666.67,0,0.7171615748991786,0.7953825668125691,1,FP
SUST,unknown,n_958,6166.67,8166.67,0,0.6154739727887912,0.6698210455766187,1,FP
SUST,unknown,n_958,6666.67,8666.67,0,0.6700844059407352,0.7396342155812179,1,FP
SUST,unknown,n_958,7666.67,9666.67,0,0.43508821806639114,0.41905484188133646,1,FP
SUST,unknown,n_959,3666.67,5666.67,0,0.43127877118702623,0.4137253482001788,1,FP
SUST,unknown,n_959,4166.67,6166.67,0,0.4957387251457978,0.5045906910134472,1,FP
SUST,unknown,n_959,5666.67,7666.67,0,0.4773684542241097,0.47861445420767357,1,FP
SUST,unknown,n_959,6666.67,8666.67,0,0.550846388703019,0.581991874175315,1,FP
SUST,unknown,n_959,7166.67,9166.67,0,0.5461858293607854,0.5755062498439149,1,FP
SUST,unknown,n_959,7666.67,9666.67,0,0.4228823341510294,0.40201053161971384,1,FP
SUST,unknown,n_960,1666.67,3666.67,0,0.5856346642091746,0.6298284066177953,1,FP
SUST,unknown,n_960,2166.67,4166.67,0,0.5745371486543929,0.6146916928055401,1,FP
SUST,unknown,n_960,2666.67,4666.67,0,0.5280497063774965,0.5501374573321609,1,FP
SUST,unknown,n_960,3166.67,5166.67,0,0.43158853710571154,0.4141583964603402,1,FP
SUST,unknown,n_960,3666.67,5666.67,0,0.4691260491377497,0.46696464654388153,1,FP
SUST,unknown,n_960,4166.67,6166.67,0,0.4691260491377497,0.46696464654388153,1,FP
SUST,unknown,n_960,4666.67,6666.67,0,0.4691260491377497,0.46696464654388153,1,FP
SUST,unknown,n_960,5166.67,7166.67,0,0.42201633908898933,0.40080498167944234,1,FP
SUST,unknown,n_960,5666.67,7666.67,0,0.524540026610973,0.545207761778078,1,FP
SUST,unknown,n_960,6166.67,8166.67,0,0.6253034957866009,0.6827367869773144,1,FP
SUST,unknown,n_960,6666.67,8666.67,0,0.6277644995465459,0.6859483932263468,1,FP
SUST,unknown,n_960,7166.67,9166.67,0,0.651420416759984,0.7163339107106214,1,FP
SUST,unknown,n_960,7666.67,9666.67,0,0.6274995739356375,0.6856031015309187,1,FP
SUST,unknown,n_961,1666.67,3666.67,0,0.7035566847355045,0.7797478411524487,1,FP
SUST,unknown,n_961,2166.67,4166.67,0,0.764835461414249,0.8467830584276026,1,FP
SUST,unknown,n_961,2666.67,4666.67,0,0.7507181666974192,0.8321364382920082,1,FP
SUST,unknown,n_961,3166.67,5166.67,0,0.4918664911792224,0.49911627271831355,1,FP
SUST,unknown,n_961,3666.67,5666.67,0,0.542950986835505,0.570995892398931,1,FP
SUST,unknown,n_961,4166.67,6166.67,0,0.5511569718725594,0.5824235288367394,1,FP
SUST,unknown,n_961,4666.67,6666.67,0,0.6354475178367904,0.695915380171628,1,FP
SUST,unknown,n_961,5166.67,7166.67,0,0.482494021394112,0.48586227998428916,1,FP
SUST,unknown,n_961,5666.67,7666.67,0,0.4902840926991324,0.4968787641097299,1,FP
SUST,unknown,n_961,6166.67,8166.67,0,0.46182294027099896,0.4566524289386571,1,FP
SUST,unknown,n_961,7166.67,9166.67,0,0.40663213950172733,0.37948415944249564,1,FP
SUST,unknown,n_961,7666.67,9666.67,0,0.4197274940730757,0.3976212685634157,1,FP
SUST,unknown,n_962,1666.67,3666.67,0,0.4774676161390423,0.4787546579056204,1,FP
SUST,unknown,n_962,2166.67,4166.67,0,0.4490813809945217,0.43869706422924504,1,FP
SUST,unknown,n_962,2666.67,4666.67,0,0.5539265345900588,0.5862695526609583,1,FP
SUST,unknown,n_962,3166.67,5166.67,0,0.5210154674110514,0.5402516677543352,1,FP
SUST,unknown,n_962,3666.67,5666.67,0,0.6319981037110497,0.6914518113203032,1,FP
SUST,unknown,n_962,4166.67,6166.67,0,0.5899618097963714,0.6356947241365841,1,FP
SUST,unknown,n_962,4666.67,6666.67,0,0.6059011063251176,0.6571133321412445,1,FP
SUST,unknown,n_962,5166.67,7166.67,0,0.4586599655714492,0.45219029254462917,1,FP
SUST,unknown,n_962,5666.67,7666.67,0,0.4632325301261753,0.4586418610050823,1,FP
SUST,unknown,n_962,6166.67,8166.67,0,0.44620085261936393,0.43464614175241484,1,FP
SUST,unknown,n_962,6666.67,8666.67,0,0.4277119164313407,0.4087432161634518,1,FP
SUST,unknown,n_962,7666.67,9666.67,0,0.440135033647814,0.4261279415832267,1,FP
SUST,unknown,n_963,1666.67,3666.67,0,0.4688752177730077,0.4666102808008454,1,FP
SUST,unknown,n_963,2166.67,4166.67,0,0.46368202901098277,0.4592763680583391,1,FP
SUST,unknown,n_963,2666.67,4666.67,0,0.5070680198065481,0.5205947413834484,1,FP
SUST,unknown,n_963,3166.67,5166.67,0,0.5597658365958347,0.5943589704013984,1,FP
SUST,unknown,n_963,3666.67,5666.67,0,0.5348489397312937,0.5596703288961945,1,FP
SUST,unknown,n_963,4166.67,6166.67,0,0.5018863329517845,0.513277939433967,1,FP
SUST,unknown,n_963,4666.67,6666.67,0,0.48912260460241425,0.4952363238584503,1,FP
SUST,unknown,n_963,5166.67,7166.67,0,0.48658415220212686,0.4916465463015045,1,FP
SUST,unknown,n_963,5666.67,7666.67,0,0.4389197511101586,0.4244234902380749,1,FP
SUST,unknown,n_963,6166.67,8166.67,0,0.4472274363649904,0.43608943535473105,1,FP
SUST,unknown,n_963,6666.67,8666.67,0,0.48353803373905807,0.4873387092440344,1,FP
SUST,unknown,n_963,7166.67,9166.67,0,0.5312066789250935,0.5545666774092118,1,FP
SUST,unknown,n_963,7666.67,9666.67,0,0.4829491014106218,0.48650584547314457,1,FP
SUST,unknown,n_964,1666.67,3666.67,0,0.4637723813879912,0.4594039142698332,1,FP
SUST,unknown,n_964,2166.67,4166.67,0,0.5611626636413142,0.596289954295432,1,FP
SUST,unknown,n_964,2666.67,4666.67,0,0.5850914327601305,0.629090480574943,1,FP
SUST,unknown,n_964,3166.67,5166.67,0,0.4316031027379908,0.4141787604306118,1,FP
SUST,unknown,n_964,4666.67,6666.67,0,0.45527600352899983,0.447419711864757,1,FP
SUST,unknown,n_964,5166.67,7166.67,0,0.49202212043359705,0.499336322396279,1,FP
SUST,unknown,n_964,5666.67,7666.67,0,0.4521609160184127,0.4430315753517755,1,FP
SUST,unknown,n_964,6166.67,8166.67,0,0.4868403359481704,0.49200883947876256,1,FP
SUST,unknown,n_964,6666.67,8666.67,0,0.4874497759531128,0.49287069915357795,1,FP
SUST,unknown,n_964,7166.67,9166.67,0,0.4750085185683493,0.4752780475953023,1,FP
SUST,unknown,n_964,7666.67,9666.67,0,0.5451320718232656,0.5740377547294719,1,FP
SUST,unknown,n_965,2166.67,4166.67,0,0.45445094745806125,0.4462571466405016,1,FP
SUST,unknown,n_965,2666.67,4666.67,0,0.6211049771443177,0.6772370597091067,1,FP
SUST,unknown,n_965,3166.67,5166.67,0,0.64065863148949,0.702622886284493,1,FP
SUST,unknown,n_965,3666.67,5666.67,0,0.6372067021048089,0.6981845750230251,1,FP
SUST,unknown,n_965,4166.67,6166.67,0,0.5916121129720836,0.6379264664603306,1,FP
SUST,unknown,n_965,5166.67,7166.67,0,0.5162628863857981,0.5335609104996043,1,FP
SUST,unknown,n_965,5666.67,7666.67,0,0.4674923494851619,0.46465682388910545,1,FP
SUST,unknown,n_965,6166.67,8166.67,0,0.5259933977043063,0.5472498568254992,1,FP
SUST,unknown,n_965,7166.67,9166.67,0,0.4418221774862594,0.4284954230555695,1,FP
SUST,unknown,n_966,1666.67,3666.67,0,0.42941709784769605,0.41112399406243627,1,FP
SUST,unknown,n_966,3666.67,5666.67,0,0.5052436930616565,0.518019382648395,1,FP
SUST,unknown,n_966,4166.67,6166.67,0,0.4674197970778226,0.46455434565271336,1,FP
SUST,unknown,n_966,4666.67,6666.67,0,0.4927730399247476,0.500398046009955,1,FP
SUST,unknown,n_966,5166.67,7166.67,0,0.47999635711618804,0.4823302627065528,1,FP
SUST,unknown,n_966,5666.67,7666.67,0,0.4354372793338177,0.4195436044814342,1,FP
SUST,unknown,n_966,6166.67,8166.67,0,0.6951207017908154,0.7698529300745427,1,FP
SUST,unknown,n_966,6666.67,8666.67,0,0.5898805902708475,0.6355848086332955,1,FP
SUST,unknown,n_966,7166.67,9166.67,0,0.5332476167849548,0.5574273835200697,1,FP
SUST,unknown,n_966,7666.67,9666.67,0,0.5172329668359299,0.5349272890641495,1,FP
SUST,unknown,n_967,1666.67,3666.67,0,0.41171988219394845,0.3865141266925071,1,FP
SUST,unknown,n_967,2166.67,4166.67,0,0.4893882987714433,0.49561204361342454,1,FP
SUST,unknown,n_967,2666.67,4666.67,0,0.5217161254582513,0.5412373207545601,1,FP
SUST,unknown,n_967,3166.67,5166.67,0,0.5153015973805607,0.5322065883250262,1,FP
SUST,unknown,n_967,3666.67,5666.67,0,0.4155034990977504,0.3917560391732713,1,FP
SUST,unknown,n_967,4166.67,6166.67,0,0.4474400677751695,0.4363884346069377,1,FP
SUST,unknown,n_967,4666.67,6666.67,0,0.45008541841201155,0.4401098608015157,1,FP
SUST,unknown,n_967,5166.67,7166.67,0,0.4472304181743801,0.4360936281991754,1,FP
SUST,unknown,n_967,5666.67,7666.67,0,0.4636672251730279,0.45925547036239933,1,FP
SUST,unknown,n_967,6166.67,8166.67,0,0.47418024866999403,0.47410720570657855,1,FP
SUST,unknown,n_967,6666.67,8666.67,0,0.4773061557959533,0.4785263717303657,1,FP
SUST,unknown,n_967,7166.67,9166.67,0,0.4610914823285603,0.45562028529786525,1,FP
SUST,unknown,n_967,7666.67,9666.67,0,0.459834914518948,0.4538475115219756,1,FP
SUST,unknown,n_968,1666.67,3666.67,0,0.5424222073288895,0.5702579602893598,1,FP
SUST,unknown,n_968,2166.67,4166.67,0,0.5648556482651768,0.6013871818429025,1,FP
SUST,unknown,n_968,2666.67,4666.67,0,0.5206690669316633,0.5397642941370827,1,FP
SUST,unknown,n_968,4166.67,6166.67,0,0.4237193546469961,0.4031762455307645,1,FP
SUST,unknown,n_968,5166.67,7166.67,0,0.42435575288528976,0.4040628783500025,1,FP
SUST,unknown,n_969,3666.67,5666.67,0,0.5545286734371716,0.5871049604273945,1,FP
SUST,unknown,n_969,4166.67,6166.67,0,0.6338798475808521,0.6938891067435833,1,FP
SUST,unknown,n_969,4666.67,6666.67,0,0.7224396361870185,0.8013374392085547,1,FP
SUST,unknown,n_969,5166.67,7166.67,0,0.6432144848742126,0.7058966171976684,1,FP
SUST,unknown,n_969,5666.67,7666.67,0,0.5822094645721063,0.6251702714101185,1,FP
SUST,unknown,n_969,6166.67,8166.67,0,0.6165652756233174,0.6712617856718059,1,FP
SUST,unknown,n_969,6666.67,8666.67,0,0.6156531552957999,0.6700577166425914,1,FP
SUST,unknown,n_969,7166.67,9166.67,0,0.5651321919465819,0.6017684036665116,1,FP
SUST,unknown,n_969,7666.67,9666.67,0,0.41471616863225047,0.3906643099766422,1,FP
SUST,unknown,n_970,1666.67,3666.67,0,0.6102704673769622,0.6629288070888357,1,FP
SUST,unknown,n_970,2166.67,4166.67,0,0.6606030886977595,0.7278760009685621,1,FP
SUST,unknown,n_970,2666.67,4666.67,0,0.6784946572731964,0.7499230319330037,1,FP
SUST,unknown,n_970,3166.67,5166.67,0,0.615364058342563,0.6696758442992549,1,FP
SUST,unknown,n_970,3666.67,5666.67,0,0.6000894458452769,0.64933994286681,1,FP
SUST,unknown,n_971,2666.67,4666.67,0,0.6113313668041446,0.6643369984354969,1,FP
SUST,unknown,n_971,3166.67,5166.67,0,0.6337093882692922,0.6936685494086487,1,FP
SUST,unknown,n_971,3666.67,5666.67,0,0.6760303728889844,0.7469223624427137,1,FP
SUST,unknown,n_971,4166.67,6166.67,0,0.6380945963081429,0.6993280119380326,1,FP
SUST,unknown,n_972,3166.67,5166.67,0,0.47760274965847616,0.4789457227148509,1,FP
SUST,unknown,n_972,5166.67,7166.67,0,0.4385070705858141,0.42384487383425523,1,FP
SUST,unknown,n_972,5666.67,7666.67,0,0.437420760115941,0.4223221957471339,1,FP
SUST,unknown,n_972,6166.67,8166.67,0,0.4179487257438147,0.3951497110719537,1,FP
SUST,unknown,n_972,6666.67,8666.67,0,0.4669886277633893,0.4639453528567002,1,FP
SUST,unknown,n_972,7166.67,9166.67,0,0.4627643388763745,0.45798102097254756,1,FP
SUST,unknown,n_972,7666.67,9666.67,0,0.45454034302893565,0.4463831003774198,1,FP
SUST,unknown,n_973,3166.67,5166.67,0,0.4486948392990141,0.4381532640459839,1,FP
SUST,unknown,n_973,3666.67,5666.67,0,0.4914062473191913,0.49846550685583313,1,FP
SUST,unknown,n_973,4166.67,6166.67,0,0.442852079954187,0.42994131849794454,1,FP
SUST,unknown,n_973,4666.67,6666.67,0,0.4780962664406065,0.47964351710052544,1,FP
SUST,unknown,n_973,5166.67,7166.67,0,0.49405082718137444,0.5022045901448219,1,FP
SUST,unknown,n_973,5666.67,7666.67,0,0.4480451157707603,0.437239349219468,1,FP
SUST,unknown,n_973,6166.67,8166.67,0,0.42776522099498904,0.40881761192473126,1,FP
SUST,unknown,n_973,7166.67,9166.67,0,0.4111700442676324,0.3857533361349317,1,FP
SUST,unknown,n_974,2166.67,4166.67,0,0.4161836549242789,0.392699548464905,1,FP
SUST,unknown,n_974,4166.67,6166.67,0,0.4069960692158607,0.37998627822840925,1,FP
SUST,unknown,n_974,4666.67,6666.67,0,0.4202206042116511,0.3983068484620543,1,FP
SUST,unknown,n_975,3166.67,5166.67,0,0.43809029353857293,0.4232606045861566,1,FP
SUST,unknown,n_975,3666.67,5666.67,0,0.4337225759996762,0.4171433073034972,1,FP
SUST,unknown,n_975,4166.67,6166.67,0,0.4486174866282696,0.4380444489919374,1,FP
SUST,unknown,n_975,4666.67,6666.67,0,0.4446675005751642,0.43249123825062524,1,FP
SUST,unknown,n_976,2166.67,4166.67,0,0.4053132803973869,0.37766549239762187,1,FP
SUST,unknown,n_976,2666.67,4666.67,0,0.5545887981505861,0.587188362187266,1,FP
SUST,unknown,n_976,3166.67,5166.67,0,0.5551270124636253,0.5879348196225352,1,FP
SUST,unknown,n_976,3666.67,5666.67,0,0.6078198920575232,0.6596702723231108,1,FP
SUST,unknown,n_976,4166.67,6166.67,0,0.6000939261853845,0.6493459519392938,1,FP
SUST,unknown,n_976,4666.67,6666.67,0,0.5543661228339751,0.5868794650602046,1,FP
SUST,unknown,n_976,5166.67,7166.67,0,0.5818876974573817,0.6247320351570632,1,FP
SUST,unknown,n_976,5666.67,7666.67,0,0.5685039832043619,0.60641099694608,1,FP
SUST,unknown,n_976,6166.67,8166.67,0,0.4716891907640829,0.47058637895564326,1,FP
SUST,unknown,n_976,6666.67,8666.67,0,0.47874001035093156,0.4805537492731953,1,FP
SUST,unknown,n_977,3166.67,5166.67,0,0.42306065128310594,0.40225883200040935,1,FP
SUST,unknown,n_977,6166.67,8166.67,0,0.48854016046025245,0.4944126747335959,1,FP
SUST,unknown,n_977,6666.67,8666.67,0,0.4863366778471839,0.49129656874497857,1,FP
SUST,unknown,n_977,7166.67,9166.67,0,0.49661162824854965,0.5058245400447606,1,FP
SUST,unknown,n_977,7666.67,9666.67,0,0.48931749237677735,0.4955119161917449,1,FP
SUST,unknown,n_978,1666.67,3666.67,0,0.4165520866675607,0.3932107853520365,1,FP
SUST,unknown,n_978,2166.67,4166.67,0,0.42436409233155054,0.4040744987487103,1,FP
SUST,unknown,n_978,2666.67,4666.67,0,0.4281687580872379,0.40938087734299355,1,FP
SUST,unknown,n_978,3166.67,5166.67,0,0.41227923710557346,0.3872883412761719,1,FP
SUST,unknown,n_978,3666.67,5666.67,0,0.40289006508089764,0.3743280269108045,1,FP
SUST,unknown,n_978,4166.67,6166.67,0,0.42060698158120624,0.3988441600054524,1,FP
SUST,unknown,n_978,4666.67,6666.67,0,0.5456819778155688,0.574804186074934,1,FP
SUST,unknown,n_978,5166.67,7166.67,0,0.5476832441214747,0.5775917134925926,1,FP
SUST,unknown,n_978,5666.67,7666.67,0,0.5293900054390543,0.552018499097963,1,FP
SUST,unknown,n_978,6166.67,8166.67,0,0.5566473811895704,0.5900422204522671,1,FP
SUST,unknown,n_978,6666.67,8666.67,0,0.5566473811895704,0.5900422204522671,1,FP
SUST,unknown,n_978,7166.67,9166.67,0,0.5344159594408847,0.5590639999399298,1,FP
SUST,unknown,n_978,7666.67,9666.67,0,0.5473003557487558,0.5770586084881625,1,FP
SUST,unknown,n_979,1666.67,3666.67,0,0.5831277676492417,0.6264203649860772,1,FP
SUST,unknown,n_979,2166.67,4166.67,0,0.4289287130202761,0.41044192121451706,1,FP
SUST,unknown,n_979,2666.67,4666.67,0,0.5831277676492417,0.6264203649860772,1,FP
SUST,unknown,n_979,3166.67,5166.67,0,0.4096590023763659,0.38366386145784104,1,FP
SUST,unknown,n_979,6166.67,8166.67,0,0.44917366488999894,0.4388269013994809,1,FP
SUST,unknown,n_980,1666.67,3666.67,0,0.41078408743214795,0.38521945168644145,1,FP
SUST,unknown,n_980,2166.67,4166.67,0,0.47255116633867766,0.4718045865367872,1,FP
SUST,unknown,n_980,2666.67,4666.67,0,0.4247086462819664,0.40455465058922757,1,FP
SUST,unknown,n_980,3166.67,5166.67,0,0.45379024578302646,0.4453263383530006,1,FP
SUST,unknown,n_980,3666.67,5666.67,0,0.4684590486640792,0.46602235709820533,1,FP
SUST,unknown,n_980,4166.67,6166.67,0,0.46241838120421797,0.4574927458951389,1,FP
SUST,unknown,n_980,4666.67,6666.67,0,0.5087122971967456,0.5229152206799096,1,FP
SUST,unknown,n_980,5666.67,7666.67,0,0.4418736143517255,0.4285676238518513,1,FP
SUST,unknown,n_980,6166.67,8166.67,0,0.5282111554385456,0.5503640893367521,1,FP
SUST,unknown,n_980,6666.67,8666.67,0,0.5070924933159153,0.5206292845751334,1,FP
SUST,unknown,n_981,1666.67,3666.67,0,0.6347812302042597,0.6950546497151712,1,FP
SUST,unknown,n_981,2166.67,4166.67,0,0.585227144809987,0.6292748621427839,1,FP
SUST,unknown,n_981,2666.67,4666.67,0,0.5621149704991313,0.5976054911576076,1,FP
SUST,unknown,n_981,3166.67,5166.67,0,0.671984431153523,0.7419704368514871,1,FP
SUST,unknown,n_981,3666.67,5666.67,0,0.6338774127590003,0.6938859566467719,1,FP
SUST,unknown,n_981,4166.67,6166.67,0,0.6154647885797999,0.6698089135208652,1,FP
SUST,unknown,n_981,4666.67,6666.67,0,0.6340472865484308,0.6941057118365913,1,FP
SUST,unknown,n_981,5166.67,7166.67,0,0.6995143195668101,0.7750251279204496,1,FP
SUST,unknown,n_981,5666.67,7666.67,0,0.5657083010394188,0.6025623661410467,1,FP
SUST,unknown,n_981,6166.67,8166.67,0,0.5598038649442661,0.5944115625474999,1,FP
SUST,unknown,n_981,6666.67,8666.67,0,0.7183685129953292,0.7967498147741658,1,FP
SUST,unknown,n_981,7166.67,9166.67,0,0.6993081747688602,0.7747833591706991,1,FP
SUST,unknown,n_981,7666.67,9666.67,0,0.7132204118330189,0.7908952572722985,1,FP
SUST,unknown,n_982,1666.67,3666.67,0,0.5215713259405166,0.5410336400284625,1,FP
SUST,unknown,n_982,2166.67,4166.67,0,0.5027109273070607,0.5144426912052303,1,FP
SUST,unknown,n_982,2666.67,4666.67,0,0.5841557544465396,0.627818701062647,1,FP
SUST,unknown,n_982,3166.67,5166.67,0,0.5989258740204793,0.6477785092269192,1,FP
SUST,unknown,n_982,3666.67,5666.67,0,0.5990076745705158,0.6478883345320573,1,FP
SUST,unknown,n_982,4166.67,6166.67,0,0.7553023171943136,0.8369472363970826,1,FP
SUST,unknown,n_982,4666.67,6666.67,0,0.7295458918997829,0.8092545096384115,1,FP
SUST,unknown,n_982,5166.67,7166.67,0,0.784618465396774,0.8664472382629401,1,FP
SUST,unknown,n_982,5666.67,7666.67,0,0.7679855450152149,0.8499823739919771,1,FP
SUST,unknown,n_982,6166.67,8166.67,0,0.6417876265143267,0.7040703062273441,1,FP
SUST,unknown,n_982,6666.67,8666.67,0,0.6888529890640067,0.7624052623967565,1,FP
SUST,unknown,n_982,7166.67,9166.67,0,0.6526901135463018,0.7179386392060902,1,FP
SUST,unknown,n_982,7666.67,9666.67,0,0.6371379531195562,0.6980959870757534,1,FP
SUST,unknown,n_983,2000.0,4000.0,0,0.5208201847054713,0.5399769176123106,1,FP
SUST,unknown,n_983,2500.0,4500.0,0,0.5103047980373084,0.5251619419158808,1,FP
SUST,unknown,n_983,3000.0,5000.0,0,0.5501611563814383,0.5810392757526871,1,FP
SUST,unknown,n_983,3500.0,5500.0,0,0.539717433550789,0.5664805810376797,1,FP
SUST,unknown,n_983,4000.0,6000.0,0,0.525300762036168,0.5462767709604394,1,FP
SUST,unknown,n_983,4500.0,6500.0,0,0.5418386253964366,0.5694433416744076,1,FP
SUST,unknown,n_983,5000.0,7000.0,0,0.4053448253831563,0.3777089739151065,1,FP
SUST,unknown,n_983,5500.0,7500.0,0,0.4922948529499297,0.4997219438177431,1,FP
SUST,unknown,n_983,6000.0,8000.0,0,0.5414242414189375,0.5688647743810274,1,FP
SUST,unknown,n_983,6500.0,8500.0,0,0.6288024607969869,0.6873002031470952,1,FP
SUST,unknown,n_984,2000.0,4000.0,0,0.6539592544273121,0.7195398761405527,1,FP
SUST,unknown,n_984,2500.0,4500.0,0,0.6955086740044258,0.7703112779629403,1,FP
SUST,unknown,n_984,3000.0,5000.0,0,0.6684404793130194,0.7376074113918872,1,FP
SUST,unknown,n_984,3500.0,5500.0,0,0.5801369705240503,0.6223456931106911,1,FP
SUST,unknown,n_984,4000.0,6000.0,0,0.691957229642408,0.7661039902000619,1,FP
SUST,unknown,n_984,4500.0,6500.0,0,0.7247417731017514,0.803914965143254,1,FP
SUST,unknown,n_984,5000.0,7000.0,0,0.620399655397648,0.6763106273396573,1,FP
SUST,unknown,n_984,5500.0,7500.0,0,0.7706253766588036,0.8526437961993337,1,FP
SUST,unknown,n_984,6000.0,8000.0,0,0.7739119483768341,0.855932007487839,1,FP
SUST,unknown,n_984,6500.0,8500.0,0,0.7677851835421481,0.8497796398802716,1,FP
SUST,unknown,n_984,7000.0,9000.0,0,0.7747419134381371,0.8567579359844768,1,FP
SUST,unknown,n_984,7500.0,9500.0,0,0.5922042308071347,0.6387264355753078,1,FP
SUST,unknown,n_985,2000.0,4000.0,0,0.7000832880802553,0.7756919542611515,1,FP
SUST,unknown,n_985,2500.0,4500.0,0,0.7016104080167699,0.7774783358482761,1,FP
SUST,unknown,n_985,3000.0,5000.0,0,0.7253453848114435,0.8045887743814167,1,FP
SUST,unknown,n_985,3500.0,5500.0,0,0.6405006751116264,0.7024202140212776,1,FP
SUST,unknown,n_985,4000.0,6000.0,0,0.6242762343548482,0.68139354595479,1,FP
SUST,unknown,n_985,4500.0,6500.0,0,0.6867146961612809,0.7598460783745526,1,FP
SUST,unknown,n_985,5000.0,7000.0,0,0.6409559825149859,0.70300430443342,1,FP
SUST,unknown,n_985,5500.0,7500.0,0,0.6901061270308063,0.7639007537204553,1,FP
SUST,unknown,n_985,6000.0,8000.0,0,0.684309719436685,0.7569567243010811,1,FP
SUST,unknown,n_985,6500.0,8500.0,0,0.4771877752071872,0.4783589967605353,1,FP
SUST,unknown,n_985,7000.0,9000.0,0,0.7214875090365638,0.8002678813621803,1,FP
SUST,unknown,n_985,7500.0,9500.0,0,0.7214875090365638,0.8002678813621803,1,FP
SUST,unknown,n_986,2000.0,4000.0,0,0.6228639290847661,0.6795442864735446,1,FP
SUST,unknown,n_986,2500.0,4500.0,0,0.5878397454662783,0.6328204537112515,1,FP
SUST,unknown,n_986,3000.0,5000.0,0,0.6613303610281592,0.7287837436687826,1,FP
SUST,unknown,n_986,3500.0,5500.0,0,0.6140987551516752,0.6680031235231443,1,FP
SUST,unknown,n_986,4000.0,6000.0,0,0.6379792994359359,0.6991796029424809,1,FP
SUST,unknown,n_986,4500.0,6500.0,0,0.7062125764736973,0.7828317106734812,1,FP
SUST,unknown,n_986,5000.0,7000.0,0,0.7632699570582007,0.8451836433718867,1,FP
SUST,unknown,n_986,5500.0,7500.0,0,0.8087169411582864,0.8889832083699514,1,FP
SUST,unknown,n_986,6000.0,8000.0,0,0.7573985900103158,0.8391297114321575,1,FP
SUST,unknown,n_986,6500.0,8500.0,0,0.7473586046427831,0.8285778206690457,1,FP
SUST,unknown,n_986,7000.0,9000.0,0,0.7772006754805753,0.8591941532851546,1,FP
SUST,unknown,n_986,7500.0,9500.0,0,0.7880599373570674,0.8697624849140186,1,FP
SUST,unknown,n_987,2000.0,4000.0,0,0.461545742483311,0.4562612647011615,1,FP
SUST,unknown,n_987,2500.0,4500.0,0,0.4859294396500097,0.4907206516262893,1,FP
SUST,unknown,n_987,5500.0,7500.0,0,0.7052948130154072,0.781767773247743,1,FP
SUST,unknown,n_987,6000.0,8000.0,0,0.6113705551701357,0.664388986305849,1,FP
SUST,unknown,n_987,6500.0,8500.0,0,0.5279584663261823,0.5500093747410089,1,FP
SUST,unknown,n_987,7000.0,9000.0,0,0.5842994169755652,0.6280140297089367,1,FP
SUST,unknown,n_987,7500.0,9500.0,0,0.4795320083753587,0.4816736475754631,1,FP
SUST,unknown,n_988,2000.0,4000.0,0,0.6192413384691045,0.6747876406608985,1,FP
SUST,unknown,n_988,2500.0,4500.0,0,0.6645324208990091,0.7327689828775723,1,FP
SUST,unknown,n_988,3000.0,5000.0,0,0.7385005419109436,0.8190632298257465,1,FP
SUST,unknown,n_988,3500.0,5500.0,0,0.7173287331002366,0.7955721225910369,1,FP
SUST,unknown,n_988,4000.0,6000.0,0,0.45563430834885404,0.44792466163672257,1,FP
SUST,unknown,n_988,4500.0,6500.0,0,0.45563430834885404,0.44792466163672257,1,FP
SUST,unknown,n_988,5000.0,7000.0,0,0.4435997898610785,0.43099135712078346,1,FP
SUST,unknown,n_988,5500.0,7500.0,0,0.5346689173045214,0.5594182450450528,1,FP
SUST,unknown,n_988,6000.0,8000.0,0,0.566353546148379,0.6034512576829058,1,FP
SUST,unknown,n_988,6500.0,8500.0,0,0.5377406498511909,0.5637170470128154,1,FP
SUST,unknown,n_988,7000.0,9000.0,0,0.509413059445457,0.5239039515418119,1,FP
SUST,unknown,n_988,7500.0,9500.0,0,0.48321371655349266,0.4868800614180137,1,FP
SUST,unknown,n_989,2500.0,4500.0,0,0.6509728097936489,0.715767532811138,1,FP
SUST,unknown,n_989,3000.0,5000.0,0,0.6519839998490004,0.7170465483703947,1,FP
SUST,unknown,n_989,3500.0,5500.0,0,0.7381292154758806,0.8186602589260904,1,FP
SUST,unknown,n_989,4000.0,6000.0,0,0.5550171553621485,0.5877824753987864,1,FP
SUST,unknown,n_989,6000.0,8000.0,0,0.4925993764155711,0.5001525077536781,1,FP
SUST,unknown,n_989,6500.0,8500.0,0,0.4965492744065898,0.5057364060859958,1,FP
SUST,unknown,n_989,7000.0,9000.0,0,0.5884605316798942,0.6336618147406696,1,FP
SUST,unknown,n_989,7500.0,9500.0,0,0.5228690912368036,0.5428588167079076,1,FP
SUST,unknown,n_990,2000.0,4000.0,0,0.4906226770697251,0.49735753596315535,1,FP
SUST,unknown,n_990,2500.0,4500.0,0,0.5730682088899784,0.6126787330971767,1,FP
SUST,unknown,n_990,3000.0,5000.0,0,0.5850797807603639,0.6290746489590108,1,FP
SUST,unknown,n_990,3500.0,5500.0,0,0.5730682088899784,0.6126787330971767,1,FP
SUST,unknown,n_990,4000.0,6000.0,0,0.5730682088899784,0.6126787330971767,1,FP
SUST,unknown,n_990,4500.0,6500.0,0,0.514646660221958,0.5312836920962912,1,FP
SUST,unknown,n_990,5000.0,7000.0,0,0.5152496315501398,0.5321333666485658,1,FP
SUST,unknown,n_990,5500.0,7500.0,0,0.6062094836742006,0.657524594499582,1,FP
SUST,unknown,n_990,6000.0,8000.0,0,0.624789075160391,0.6820643286664062,1,FP
SUST,unknown,n_990,6500.0,8500.0,0,0.6251175051122155,0.682493702445567,1,FP
SUST,unknown,n_990,7000.0,9000.0,0,0.6038934986797411,0.6544329145467351,1,FP
SUST,unknown,n_990,7500.0,9500.0,0,0.4978658384405193,0.5075971896489594,1,FP
SUST,unknown,n_991,2000.0,4000.0,0,0.5109535011382365,0.526076936053428,1,FP
SUST,unknown,n_991,4000.0,6000.0,0,0.5402983254650484,0.5672922154352165,1,FP
SUST,unknown,n_991,4500.0,6500.0,0,0.6672291440456182,0.7361107233457792,1,FP
SUST,unknown,n_991,5000.0,7000.0,0,0.6398563075632033,0.7015930131863665,1,FP
SUST,unknown,n_991,5500.0,7500.0,0,0.6461029348954014,0.7095834010344987,1,FP
SUST,unknown,n_991,6000.0,8000.0,0,0.5998661228550725,0.6490403885167699,1,FP
SUST,unknown,n_991,6500.0,8500.0,0,0.6240490758931361,0.6810963045000672,1,FP
SUST,unknown,n_991,7000.0,9000.0,0,0.5828932744992731,0.6261012329983712,1,FP
SUST,unknown,n_991,7500.0,9500.0,0,0.5110574848734853,0.5262235934918819,1,FP
SUST,unknown,n_992,3500.0,5500.0,0,0.41336922857535136,0.3887977544930379,1,FP
SUST,unknown,n_992,4000.0,6000.0,0,0.4846959068680387,0.4889761791874947,1,FP
SUST,unknown,n_992,4500.0,6500.0,0,0.4013759697492841,0.37224541811791584,1,FP
SUST,unknown,n_992,5000.0,7000.0,0,0.4606759841898065,0.455034049527037,1,FP
SUST,unknown,n_992,6000.0,8000.0,0,0.43886267800641565,0.42434346314361704,1,FP
SUST,unknown,n_992,7000.0,9000.0,0,0.587406950080235,0.6322336244611672,1,FP
SUST,unknown,n_992,7500.0,9500.0,0,0.7147947049099067,0.7926918548425711,1,FP
SUST,unknown,n_993,2500.0,4500.0,0,0.6739003522013436,0.7443192777113702,1,FP
SUST,unknown,n_993,3000.0,5000.0,0,0.6910139891092207,0.7649821940219025,1,FP
SUST,unknown,n_993,3500.0,5500.0,0,0.6780133252595534,0.749337857073474,1,FP
SUST,unknown,n_993,4000.0,6000.0,0,0.6902715447421339,0.764097923795173,1,FP
SUST,unknown,n_993,4500.0,6500.0,0,0.6824585594804646,0.7547248682627327,1,FP
SUST,unknown,n_993,5000.0,7000.0,0,0.6553550772932275,0.721297702996585,1,FP
SUST,unknown,n_993,5500.0,7500.0,0,0.6097413243206046,0.6622258811354166,1,FP
SUST,unknown,n_993,6000.0,8000.0,0,0.6429958706384831,0.7056170182976431,1,FP
SUST,unknown,n_993,6500.0,8500.0,0,0.6964737765520722,0.7714500841415253,1,FP
SUST,unknown,n_993,7000.0,9000.0,0,0.7059007187713076,0.782470386719831,1,FP
SUST,unknown,n_993,7500.0,9500.0,0,0.7339513865345967,0.81410381090382,1,FP
SUST,unknown,n_994,3166.67,5166.67,0,0.535363689517315,0.5603910287262938,1,FP
SUST,unknown,n_994,3666.67,5666.67,0,0.5295831939183528,0.5522895563067367,1,FP
SUST,unknown,n_994,4166.67,6166.67,0,0.5230966559434539,0.5431787905354251,1,FP
SUST,unknown,n_994,4666.67,6666.67,0,0.6114368487438647,0.6644769276240075,1,FP
SUST,unknown,n_994,5166.67,7166.67,0,0.6301581396735882,0.6890633372331747,1,FP
SUST,unknown,n_994,5666.67,7666.67,0,0.5421152818679338,0.5698295518576753,1,FP
SUST,unknown,n_994,6166.67,8166.67,0,0.4607490021782843,0.45513706884818134,1,FP
SUST,unknown,n_994,6666.67,8666.67,0,0.4879418311441088,0.49356654775867287,1,FP
SUST,unknown,n_994,7166.67,9166.67,0,0.45542225510321754,0.44762581526158246,1,FP
SUST,unknown,n_994,7666.67,9666.67,0,0.5203938673799225,0.5393770634891989,1,FP
SUST,unknown,n_995,1666.67,3666.67,0,0.5377721814932376,0.5637611463783377,1,FP
SUST,unknown,n_995,2666.67,4666.67,0,0.5122231697561351,0.5278674415351426,1,FP
SUST,unknown,n_995,3166.67,5166.67,0,0.4899780223918916,0.4964459625099157,1,FP
SUST,unknown,n_995,4166.67,6166.67,0,0.6122323916048729,0.6655317856962409,1,FP
SUST,unknown,n_995,4666.67,6666.67,0,0.6489843025269812,0.7132472363297727,1,FP
SUST,unknown,n_995,5166.67,7166.67,0,0.6446351872113715,0.7077117161706387,1,FP
SUST,unknown,n_995,5666.67,7666.67,0,0.6354969903999959,0.6959792624248715,1,FP
SUST,unknown,n_995,6166.67,8166.67,0,0.6369069714141733,0.6977982956329039,1,FP
SUST,unknown,n_995,6666.67,8666.67,0,0.45017171035326553,0.44023130227591156,1,FP
SUST,unknown,n_996,3700.0,5700.0,0,0.43643931979433787,0.4209470591934547,1,FP
SUST,unknown,n_996,4200.0,6200.0,0,0.49379360042090986,0.5018409339395401,1,FP
SUST,unknown,n_996,4700.0,6700.0,0,0.4259678858365271,0.40631014250437997,1,FP
SUST,unknown,n_996,5200.0,7200.0,0,0.5915092852622091,0.6377875017426768,1,FP
SUST,unknown,n_996,5700.0,7700.0,0,0.6362872964860878,0.6969992336770998,1,FP
SUST,unknown,n_996,6200.0,8200.0,0,0.45758925682959917,0.450680458175349,1,FP
SUST,unknown,n_996,6700.0,8700.0,0,0.5274534349944642,0.549300340567238,1,FP
SUST,unknown,n_996,7200.0,9200.0,0,0.47194845808689134,0.47095278326959533,1,FP
SUST,unknown,n_996,7700.0,9700.0,0,0.48627276270217606,0.4912061799613992,1,FP
SUST,unknown,n_997,3166.67,5166.67,0,0.6385507664655079,0.6999149807821549,1,FP
SUST,unknown,n_997,3666.67,5666.67,0,0.7808978255676251,0.8628274496532862,1,FP
SUST,unknown,n_997,4166.67,6166.67,0,0.765747771121252,0.8477122432226457,1,FP
SUST,unknown,n_997,4666.67,6666.67,0,0.7717932438040671,0.8538154618943499,1,FP
SUST,unknown,n_997,5166.67,7166.67,0,0.6141194274507775,0.6680304699127175,1,FP
SUST,unknown,n_997,5666.67,7666.67,0,0.5124882826250008,0.5282412460005623,1,FP
SUST,unknown,n_997,7666.67,9666.67,0,0.40780579187487426,0.3811038792727146,1,FP
SUST,unknown,n_998,3000.0,5000.0,0,0.5584648463082752,0.5925590212592107,1,FP
SUST,unknown,n_998,3500.0,5500.0,0,0.6089796226992725,0.6612133628043385,1,FP
SUST,unknown,n_998,4000.0,6000.0,0,0.7758176635194022,0.8578257729735015,1,FP
SUST,unknown,n_998,4500.0,6500.0,0,0.7911724862699837,0.8727334060181116,1,FP
SUST,unknown,n_998,5000.0,7000.0,0,0.8001152051449233,0.8811224506080492,1,FP
SUST,unknown,n_998,5500.0,7500.0,0,0.7974434008464222,0.878639025973968,1,FP
SUST,unknown,n_998,6000.0,8000.0,0,0.801000836367736,0.8819412922606656,1,FP
SUST,unknown,n_998,6500.0,8500.0,0,0.7612864219173585,0.8431481852299848,1,FP
SUST,unknown,n_998,7000.0,9000.0,0,0.7319480947071055,0.811904345576584,1,FP
SUST,unknown,n_998,7500.0,9500.0,0,0.7966768754147251,0.8779229201995887,1,FP
SUST,unknown,n_999,3166.67,5166.67,0,0.40873669609422136,0.382389440838418,1,FP
SUST,unknown,n_999,3666.67,5666.67,0,0.4928476069175804,0.5005034735027083,1,FP
SUST,unknown,n_999,4166.67,6166.67,0,0.489832501814144,0.49624018588834207,1,FP
SUST,unknown,n_999,4666.67,6666.67,0,0.5392701664404007,0.5658555095627491,1,FP
SUST,unknown,n_999,5166.67,7166.67,0,0.5083532826382814,0.5224086229140713,1,FP
SUST,unknown,n_999,5666.67,7666.67,0,0.5360496913388598,0.5613512660181239,1,FP
SUST,unknown,n_999,6166.67,8166.67,0,0.6247155083748605,0.6819681290515296,1,FP
SUST,unknown,n_999,6666.67,8666.67,0,0.7096551685342666,0.78680634139525,1,FP
SUST,unknown,n_999,7166.67,9166.67,0,0.6706380567562921,0.7403156729073083,1,FP
SUST,unknown,n_999,7666.67,9666.67,0,0.5015979088620012,0.5128705051775202,1,FP
