seed,fold,group_id
42,0,NTHU::001
42,0,NTHU::005
42,0,SUST::video::d_1
42,0,SUST::video::d_10
42,0,SUST::video::d_101
42,0,SUST::video::d_102
42,0,SUST::video::d_104
42,0,SUST::video::d_108
42,0,SUST::video::d_110
42,0,SUST::video::d_112
42,0,SUST::video::d_114
42,0,SUST::video::d_116
42,0,SUST::video::d_117
42,0,SUST::video::d_118
42,0,SUST::video::d_119
42,0,SUST::video::d_12
42,0,SUST::video::d_121
42,0,SUST::video::d_122
42,0,SUST::video::d_123
42,0,SUST::video::d_126
42,0,SUST::video::d_129
42,0,SUST::video::d_13
42,0,SUST::video::d_130
42,0,SUST::video::d_133
42,0,SUST::video::d_135
42,0,SUST::video::d_138
42,0,SUST::video::d_139
42,0,SUST::video::d_142
42,0,SUST::video::d_144
42,0,SUST::video::d_148
42,0,SUST::video::d_149
42,0,SUST::video::d_151
42,0,SUST::video::d_153
42,0,SUST::video::d_157
42,0,SUST::video::d_159
42,0,SUST::video::d_160
42,0,SUST::video::d_162
42,0,SUST::video::d_163
42,0,SUST::video::d_166
42,0,SUST::video::d_168
42,0,SUST::video::d_170
42,0,SUST::video::d_172
42,0,SUST::video::d_174
42,0,SUST::video::d_176
42,0,SUST::video::d_177
42,0,SUST::video::d_182
42,0,SUST::video::d_184
42,0,SUST::video::d_185
42,0,SUST::video::d_187
42,0,SUST::video::d_189
42,0,SUST::video::d_193
42,0,SUST::video::d_195
42,0,SUST::video::d_196
42,0,SUST::video::d_198
42,0,SUST::video::d_20
42,0,SUST::video::d_202
42,0,SUST::video::d_206
42,0,SUST::video::d_208
42,0,SUST::video::d_210
42,0,SUST::video::d_215
42,0,SUST::video::d_218
42,0,SUST::video::d_22
42,0,SUST::video::d_222
42,0,SUST::video::d_223
42,0,SUST::video::d_226
42,0,SUST::video::d_227
42,0,SUST::video::d_23
42,0,SUST::video::d_233
42,0,SUST::video::d_234
42,0,SUST::video::d_236
42,0,SUST::video::d_238
42,0,SUST::video::d_241
42,0,SUST::video::d_242
42,0,SUST::video::d_247
42,0,SUST::video::d_249
42,0,SUST::video::d_253
42,0,SUST::video::d_255
42,0,SUST::video::d_256
42,0,SUST::video::d_257
42,0,SUST::video::d_259
42,0,SUST::video::d_261
42,0,SUST::video::d_264
42,0,SUST::video::d_265
42,0,SUST::video::d_267
42,0,SUST::video::d_270
42,0,SUST::video::d_274
42,0,SUST::video::d_278
42,0,SUST::video::d_279
42,0,SUST::video::d_280
42,0,SUST::video::d_283
42,0,SUST::video::d_288
42,0,SUST::video::d_290
42,0,SUST::video::d_292
42,0,SUST::video::d_295
42,0,SUST::video::d_298
42,0,SUST::video::d_299
42,0,SUST::video::d_300
42,0,SUST::video::d_306
42,0,SUST::video::d_307
42,0,SUST::video::d_309
42,0,SUST::video::d_31
42,0,SUST::video::d_315
42,0,SUST::video::d_318
42,0,SUST::video::d_321
42,0,SUST::video::d_323
42,0,SUST::video::d_327
42,0,SUST::video::d_33
42,0,SUST::video::d_331
42,0,SUST::video::d_332
42,0,SUST::video::d_333
42,0,SUST::video::d_335
42,0,SUST::video::d_338
42,0,SUST::video::d_343
42,0,SUST::video::d_347
42,0,SUST::video::d_349
42,0,SUST::video::d_353
42,0,SUST::video::d_358
42,0,SUST::video::d_360
42,0,SUST::video::d_361
42,0,SUST::video::d_367
42,0,SUST::video::d_370
42,0,SUST::video::d_373
42,0,SUST::video::d_377
42,0,SUST::video::d_38
42,0,SUST::video::d_381
42,0,SUST::video::d_382
42,0,SUST::video::d_386
42,0,SUST::video::d_387
42,0,SUST::video::d_393
42,0,SUST::video::d_398
42,0,SUST::video::d_399
42,0,SUST::video::d_403
42,0,SUST::video::d_404
42,0,SUST::video::d_406
42,0,SUST::video::d_410
42,0,SUST::video::d_415
42,0,SUST::video::d_417
42,0,SUST::video::d_422
42,0,SUST::video::d_427
42,0,SUST::video::d_43
42,0,SUST::video::d_434
42,0,SUST::video::d_439
42,0,SUST::video::d_441
42,0,SUST::video::d_444
42,0,SUST::video::d_448
42,0,SUST::video::d_450
42,0,SUST::video::d_455
42,0,SUST::video::d_457
42,0,SUST::video::d_461
42,0,SUST::video::d_467
42,0,SUST::video::d_47
42,0,SUST::video::d_471
42,0,SUST::video::d_472
42,0,SUST::video::d_474
42,0,SUST::video::d_478
42,0,SUST::video::d_481
42,0,SUST::video::d_483
42,0,SUST::video::d_488
42,0,SUST::video::d_490
42,0,SUST::video::d_494
42,0,SUST::video::d_499
42,0,SUST::video::d_5
42,0,SUST::video::d_504
42,0,SUST::video::d_516
42,0,SUST::video::d_517
42,0,SUST::video::d_522
42,0,SUST::video::d_523
42,0,SUST::video::d_528
42,0,SUST::video::d_535
42,0,SUST::video::d_538
42,0,SUST::video::d_539
42,0,SUST::video::d_540
42,0,SUST::video::d_545
42,0,SUST::video::d_547
42,0,SUST::video::d_552
42,0,SUST::video::d_556
42,0,SUST::video::d_558
42,0,SUST::video::d_563
42,0,SUST::video::d_57
42,0,SUST::video::d_572
42,0,SUST::video::d_574
42,0,SUST::video::d_582
42,0,SUST::video::d_587
42,0,SUST::video::d_589
42,0,SUST::video::d_594
42,0,SUST::video::d_595
42,0,SUST::video::d_603
42,0,SUST::video::d_604
42,0,SUST::video::d_61
42,0,SUST::video::d_611
42,0,SUST::video::d_614
42,0,SUST::video::d_617
42,0,SUST::video::d_622
42,0,SUST::video::d_628
42,0,SUST::video::d_629
42,0,SUST::video::d_634
42,0,SUST::video::d_637
42,0,SUST::video::d_641
42,0,SUST::video::d_643
42,0,SUST::video::d_648
42,0,SUST::video::d_65
42,0,SUST::video::d_657
42,0,SUST::video::d_658
42,0,SUST::video::d_668
42,0,SUST::video::d_670
42,0,SUST::video::d_672
42,0,SUST::video::d_676
42,0,SUST::video::d_678
42,0,SUST::video::d_683
42,0,SUST::video::d_687
42,0,SUST::video::d_694
42,0,SUST::video::d_699
42,0,SUST::video::d_700
42,0,SUST::video::d_704
42,0,SUST::video::d_709
42,0,SUST::video::d_711
42,0,SUST::video::d_712
42,0,SUST::video::d_717
42,0,SUST::video::d_72
42,0,SUST::video::d_729
42,0,SUST::video::d_73
42,0,SUST::video::d_731
42,0,SUST::video::d_737
42,0,SUST::video::d_741
42,0,SUST::video::d_749
42,0,SUST::video::d_750
42,0,SUST::video::d_753
42,0,SUST::video::d_758
42,0,SUST::video::d_759
42,0,SUST::video::d_762
42,0,SUST::video::d_771
42,0,SUST::video::d_777
42,0,SUST::video::d_779
42,0,SUST::video::d_783
42,0,SUST::video::d_80
42,0,SUST::video::d_84
42,0,SUST::video::d_92
42,0,SUST::video::d_95
42,0,SUST::video::n_1
42,0,SUST::video::n_10
42,0,SUST::video::n_101
42,0,SUST::video::n_102
42,0,SUST::video::n_111
42,0,SUST::video::n_117
42,0,SUST::video::n_12
42,0,SUST::video::n_121
42,0,SUST::video::n_13
42,0,SUST::video::n_131
42,0,SUST::video::n_135
42,0,SUST::video::n_14
42,0,SUST::video::n_141
42,0,SUST::video::n_144
42,0,SUST::video::n_151
42,0,SUST::video::n_159
42,0,SUST::video::n_166
42,0,SUST::video::n_169
42,0,SUST::video::n_17
42,0,SUST::video::n_171
42,0,SUST::video::n_183
42,0,SUST::video::n_19
42,0,SUST::video::n_191
42,0,SUST::video::n_195
42,0,SUST::video::n_202
42,0,SUST::video::n_205
42,0,SUST::video::n_21
42,0,SUST::video::n_214
42,0,SUST::video::n_22
42,0,SUST::video::n_222
42,0,SUST::video::n_229
42,0,SUST::video::n_233
42,0,SUST::video::n_236
42,0,SUST::video::n_237
42,0,SUST::video::n_248
42,0,SUST::video::n_255
42,0,SUST::video::n_26
42,0,SUST::video::n_263
42,0,SUST::video::n_264
42,0,SUST::video::n_273
42,0,SUST::video::n_277
42,0,SUST::video::n_282
42,0,SUST::video::n_286
42,0,SUST::video::n_287
42,0,SUST::video::n_294
42,0,SUST::video::n_298
42,0,SUST::video::n_30
42,0,SUST::video::n_305
42,0,SUST::video::n_311
42,0,SUST::video::n_317
42,0,SUST::video::n_320
42,0,SUST::video::n_327
42,0,SUST::video::n_334
42,0,SUST::video::n_338
42,0,SUST::video::n_34
42,0,SUST::video::n_348
42,0,SUST::video::n_349
42,0,SUST::video::n_356
42,0,SUST::video::n_361
42,0,SUST::video::n_363
42,0,SUST::video::n_37
42,0,SUST::video::n_375
42,0,SUST::video::n_377
42,0,SUST::video::n_383
42,0,SUST::video::n_385
42,0,SUST::video::n_393
42,0,SUST::video::n_397
42,0,SUST::video::n_404
42,0,SUST::video::n_405
42,0,SUST::video::n_416
42,0,SUST::video::n_418
42,0,SUST::video::n_420
42,0,SUST::video::n_421
42,0,SUST::video::n_428
42,0,SUST::video::n_432
42,0,SUST::video::n_438
42,0,SUST::video::n_443
42,0,SUST::video::n_450
42,0,SUST::video::n_453
42,0,SUST::video::n_454
42,0,SUST::video::n_464
42,0,SUST::video::n_465
42,0,SUST::video::n_471
42,0,SUST::video::n_477
42,0,SUST::video::n_481
42,0,SUST::video::n_488
42,0,SUST::video::n_489
42,0,SUST::video::n_490
42,0,SUST::video::n_498
42,0,SUST::video::n_50
42,0,SUST::video::n_501
42,0,SUST::video::n_510
42,0,SUST::video::n_516
42,0,SUST::video::n_522
42,0,SUST::video::n_527
42,0,SUST::video::n_528
42,0,SUST::video::n_538
42,0,SUST::video::n_544
42,0,SUST::video::n_549
42,0,SUST::video::n_554
42,0,SUST::video::n_556
42,0,SUST::video::n_558
42,0,SUST::video::n_563
42,0,SUST::video::n_567
42,0,SUST::video::n_568
42,0,SUST::video::n_569
42,0,SUST::video::n_573
42,0,SUST::video::n_581
42,0,SUST::video::n_582
42,0,SUST::video::n_59
42,0,SUST::video::n_598
42,0,SUST::video::n_601
42,0,SUST::video::n_603
42,0,SUST::video::n_61
42,0,SUST::video::n_614
42,0,SUST::video::n_62
42,0,SUST::video::n_621
42,0,SUST::video::n_627
42,0,SUST::video::n_63
42,0,SUST::video::n_635
42,0,SUST::video::n_64
42,0,SUST::video::n_645
42,0,SUST::video::n_647
42,0,SUST::video::n_658
42,0,SUST::video::n_665
42,0,SUST::video::n_667
42,0,SUST::video::n_670
42,0,SUST::video::n_678
42,0,SUST::video::n_682
42,0,SUST::video::n_684
42,0,SUST::video::n_691
42,0,SUST::video::n_699
42,0,SUST::video::n_70
42,0,SUST::video::n_706
42,0,SUST::video::n_71
42,0,SUST::video::n_712
42,0,SUST::video::n_720
42,0,SUST::video::n_728
42,0,SUST::video::n_73
42,0,SUST::video::n_734
42,0,SUST::video::n_740
42,0,SUST::video::n_743
42,0,SUST::video::n_745
42,0,SUST::video::n_749
42,0,SUST::video::n_75
42,0,SUST::video::n_760
42,0,SUST::video::n_764
42,0,SUST::video::n_765
42,0,SUST::video::n_767
42,0,SUST::video::n_779
42,0,SUST::video::n_784
42,0,SUST::video::n_785
42,0,SUST::video::n_791
42,0,SUST::video::n_795
42,0,SUST::video::n_804
42,0,SUST::video::n_808
42,0,SUST::video::n_81
42,0,SUST::video::n_812
42,0,SUST::video::n_817
42,0,SUST::video::n_825
42,0,SUST::video::n_826
42,0,SUST::video::n_827
42,0,SUST::video::n_830
42,0,SUST::video::n_84
42,0,SUST::video::n_841
42,0,SUST::video::n_848
42,0,SUST::video::n_851
42,0,SUST::video::n_860
42,0,SUST::video::n_869
42,0,SUST::video::n_873
42,0,SUST::video::n_875
42,0,SUST::video::n_878
42,0,SUST::video::n_881
42,0,SUST::video::n_886
42,0,UTA::10
42,0,UTA::11
42,0,UTA::13
42,0,UTA::21
42,0,UTA::24
42,1,NTHU::2
42,1,NTHU::5
42,1,SUST::video::d_106
42,1,SUST::video::d_127
42,1,SUST::video::d_145
42,1,SUST::video::d_154
42,1,SUST::video::d_179
42,1,SUST::video::d_192
42,1,SUST::video::d_213
42,1,SUST::video::d_214
42,1,SUST::video::d_245
42,1,SUST::video::d_260
42,1,SUST::video::d_27
42,1,SUST::video::d_273
42,1,SUST::video::d_277
42,1,SUST::video::d_28
42,1,SUST::video::d_287
42,1,SUST::video::d_294
42,1,SUST::video::d_3
42,1,SUST::video::d_30
42,1,SUST::video::d_303
42,1,SUST::video::d_304
42,1,SUST::video::d_312
42,1,SUST::video::d_317
42,1,SUST::video::d_320
42,1,SUST::video::d_322
42,1,SUST::video::d_325
42,1,SUST::video::d_329
42,1,SUST::video::d_339
42,1,SUST::video::d_340
42,1,SUST::video::d_341
42,1,SUST::video::d_344
42,1,SUST::video::d_350
42,1,SUST::video::d_354
42,1,SUST::video::d_355
42,1,SUST::video::d_364
42,1,SUST::video::d_365
42,1,SUST::video::d_369
42,1,SUST::video::d_37
42,1,SUST::video::d_374
42,1,SUST::video::d_378
42,1,SUST::video::d_379
42,1,SUST::video::d_385
42,1,SUST::video::d_389
42,1,SUST::video::d_390
42,1,SUST::video::d_392
42,1,SUST::video::d_395
42,1,SUST::video::d_397
42,1,SUST::video::d_40
42,1,SUST::video::d_400
42,1,SUST::video::d_407
42,1,SUST::video::d_411
42,1,SUST::video::d_413
42,1,SUST::video::d_42
42,1,SUST::video::d_426
42,1,SUST::video::d_431
42,1,SUST::video::d_432
42,1,SUST::video::d_435
42,1,SUST::video::d_436
42,1,SUST::video::d_440
42,1,SUST::video::d_443
42,1,SUST::video::d_445
42,1,SUST::video::d_454
42,1,SUST::video::d_456
42,1,SUST::video::d_46
42,1,SUST::video::d_463
42,1,SUST::video::d_464
42,1,SUST::video::d_469
42,1,SUST::video::d_477
42,1,SUST::video::d_48
42,1,SUST::video::d_480
42,1,SUST::video::d_484
42,1,SUST::video::d_486
42,1,SUST::video::d_489
42,1,SUST::video::d_493
42,1,SUST::video::d_497
42,1,SUST::video::d_503
42,1,SUST::video::d_506
42,1,SUST::video::d_51
42,1,SUST::video::d_510
42,1,SUST::video::d_513
42,1,SUST::video::d_515
42,1,SUST::video::d_520
42,1,SUST::video::d_527
42,1,SUST::video::d_531
42,1,SUST::video::d_532
42,1,SUST::video::d_534
42,1,SUST::video::d_541
42,1,SUST::video::d_542
42,1,SUST::video::d_55
42,1,SUST::video::d_554
42,1,SUST::video::d_557
42,1,SUST::video::d_56
42,1,SUST::video::d_561
42,1,SUST::video::d_567
42,1,SUST::video::d_570
42,1,SUST::video::d_577
42,1,SUST::video::d_581
42,1,SUST::video::d_584
42,1,SUST::video::d_586
42,1,SUST::video::d_591
42,1,SUST::video::d_592
42,1,SUST::video::d_6
42,1,SUST::video::d_60
42,1,SUST::video::d_602
42,1,SUST::video::d_609
42,1,SUST::video::d_612
42,1,SUST::video::d_615
42,1,SUST::video::d_62
42,1,SUST::video::d_625
42,1,SUST::video::d_626
42,1,SUST::video::d_630
42,1,SUST::video::d_635
42,1,SUST::video::d_636
42,1,SUST::video::d_645
42,1,SUST::video::d_647
42,1,SUST::video::d_653
42,1,SUST::video::d_654
42,1,SUST::video::d_66
42,1,SUST::video::d_663
42,1,SUST::video::d_667
42,1,SUST::video::d_674
42,1,SUST::video::d_675
42,1,SUST::video::d_677
42,1,SUST::video::d_679
42,1,SUST::video::d_682
42,1,SUST::video::d_689
42,1,SUST::video::d_69
42,1,SUST::video::d_692
42,1,SUST::video::d_70
42,1,SUST::video::d_701
42,1,SUST::video::d_708
42,1,SUST::video::d_710
42,1,SUST::video::d_716
42,1,SUST::video::d_722
42,1,SUST::video::d_725
42,1,SUST::video::d_728
42,1,SUST::video::d_732
42,1,SUST::video::d_736
42,1,SUST::video::d_738
42,1,SUST::video::d_746
42,1,SUST::video::d_748
42,1,SUST::video::d_755
42,1,SUST::video::d_757
42,1,SUST::video::d_766
42,1,SUST::video::d_767
42,1,SUST::video::d_770
42,1,SUST::video::d_776
42,1,SUST::video::d_778
42,1,SUST::video::d_782
42,1,SUST::video::d_8
42,1,SUST::video::d_89
42,1,SUST::video::d_90
42,1,SUST::video::d_91
42,1,SUST::video::d_97
42,1,SUST::video::n_104
42,1,SUST::video::n_108
42,1,SUST::video::n_109
42,1,SUST::video::n_116
42,1,SUST::video::n_124
42,1,SUST::video::n_128
42,1,SUST::video::n_129
42,1,SUST::video::n_132
42,1,SUST::video::n_138
42,1,SUST::video::n_145
42,1,SUST::video::n_15
42,1,SUST::video::n_155
42,1,SUST::video::n_158
42,1,SUST::video::n_165
42,1,SUST::video::n_168
42,1,SUST::video::n_174
42,1,SUST::video::n_176
42,1,SUST::video::n_180
42,1,SUST::video::n_187
42,1,SUST::video::n_190
42,1,SUST::video::n_192
42,1,SUST::video::n_196
42,1,SUST::video::n_208
42,1,SUST::video::n_209
42,1,SUST::video::n_217
42,1,SUST::video::n_218
42,1,SUST::video::n_219
42,1,SUST::video::n_224
42,1,SUST::video::n_226
42,1,SUST::video::n_231
42,1,SUST::video::n_241
42,1,SUST::video::n_243
42,1,SUST::video::n_251
42,1,SUST::video::n_258
42,1,SUST::video::n_259
42,1,SUST::video::n_262
42,1,SUST::video::n_270
42,1,SUST::video::n_274
42,1,SUST::video::n_28
42,1,SUST::video::n_283
42,1,SUST::video::n_288
42,1,SUST::video::n_293
42,1,SUST::video::n_297
42,1,SUST::video::n_304
42,1,SUST::video::n_307
42,1,SUST::video::n_313
42,1,SUST::video::n_316
42,1,SUST::video::n_319
42,1,SUST::video::n_325
42,1,SUST::video::n_328
42,1,SUST::video::n_333
42,1,SUST::video::n_337
42,1,SUST::video::n_342
42,1,SUST::video::n_345
42,1,SUST::video::n_347
42,1,SUST::video::n_36
42,1,SUST::video::n_360
42,1,SUST::video::n_362
42,1,SUST::video::n_371
42,1,SUST::video::n_373
42,1,SUST::video::n_381
42,1,SUST::video::n_39
42,1,SUST::video::n_390
42,1,SUST::video::n_392
42,1,SUST::video::n_398
42,1,SUST::video::n_399
42,1,SUST::video::n_402
42,1,SUST::video::n_403
42,1,SUST::video::n_411
42,1,SUST::video::n_419
42,1,SUST::video::n_42
42,1,SUST::video::n_430
42,1,SUST::video::n_434
42,1,SUST::video::n_440
42,1,SUST::video::n_442
42,1,SUST::video::n_444
42,1,SUST::video::n_452
42,1,SUST::video::n_457
42,1,SUST::video::n_458
42,1,SUST::video::n_461
42,1,SUST::video::n_463
42,1,SUST::video::n_468
42,1,SUST::video::n_47
42,1,SUST::video::n_480
42,1,SUST::video::n_487
42,1,SUST::video::n_494
42,1,SUST::video::n_495
42,1,SUST::video::n_496
42,1,SUST::video::n_507
42,1,SUST::video::n_51
42,1,SUST::video::n_512
42,1,SUST::video::n_519
42,1,SUST::video::n_521
42,1,SUST::video::n_525
42,1,SUST::video::n_53
42,1,SUST::video::n_536
42,1,SUST::video::n_537
42,1,SUST::video::n_545
42,1,SUST::video::n_548
42,1,SUST::video::n_560
42,1,SUST::video::n_561
42,1,SUST::video::n_562
42,1,SUST::video::n_57
42,1,SUST::video::n_574
42,1,SUST::video::n_578
42,1,SUST::video::n_58
42,1,SUST::video::n_585
42,1,SUST::video::n_588
42,1,SUST::video::n_591
42,1,SUST::video::n_592
42,1,SUST::video::n_599
42,1,SUST::video::n_60
42,1,SUST::video::n_600
42,1,SUST::video::n_605
42,1,SUST::video::n_609
42,1,SUST::video::n_618
42,1,SUST::video::n_620
42,1,SUST::video::n_629
42,1,SUST::video::n_633
42,1,SUST::video::n_638
42,1,SUST::video::n_640
42,1,SUST::video::n_643
42,1,SUST::video::n_651
42,1,SUST::video::n_653
42,1,SUST::video::n_655
42,1,SUST::video::n_664
42,1,SUST::video::n_666
42,1,SUST::video::n_67
42,1,SUST::video::n_674
42,1,SUST::video::n_68
42,1,SUST::video::n_685
42,1,SUST::video::n_694
42,1,SUST::video::n_695
42,1,SUST::video::n_7
42,1,SUST::video::n_703
42,1,SUST::video::n_705
42,1,SUST::video::n_708
42,1,SUST::video::n_715
42,1,SUST::video::n_72
42,1,SUST::video::n_724
42,1,SUST::video::n_727
42,1,SUST::video::n_733
42,1,SUST::video::n_74
42,1,SUST::video::n_741
42,1,SUST::video::n_748
42,1,SUST::video::n_753
42,1,SUST::video::n_755
42,1,SUST::video::n_761
42,1,SUST::video::n_762
42,1,SUST::video::n_768
42,1,SUST::video::n_777
42,1,SUST::video::n_778
42,1,SUST::video::n_789
42,1,SUST::video::n_79
42,1,SUST::video::n_797
42,1,SUST::video::n_8
42,1,SUST::video::n_80
42,1,SUST::video::n_809
42,1,SUST::video::n_811
42,1,SUST::video::n_820
42,1,SUST::video::n_821
42,1,SUST::video::n_822
42,1,SUST::video::n_823
42,1,SUST::video::n_833
42,1,SUST::video::n_840
42,1,SUST::video::n_85
42,1,SUST::video::n_853
42,1,SUST::video::n_856
42,1,SUST::video::n_862
42,1,SUST::video::n_863
42,1,SUST::video::n_871
42,1,SUST::video::n_876
42,1,SUST::video::n_879
42,1,SUST::video::n_88
42,1,SUST::video::n_89
42,1,SUST::video::n_92
42,1,SUST::video::n_97
42,1,SUST::video::n_98
42,1,UTA::16
42,1,UTA::23
42,1,UTA::8
42,2,NTHU::1
42,2,SUST::video::d_111
42,2,SUST::video::d_14
42,2,SUST::video::d_147
42,2,SUST::video::d_17
42,2,SUST::video::d_19
42,2,SUST::video::d_191
42,2,SUST::video::d_21
42,2,SUST::video::d_212
42,2,SUST::video::d_224
42,2,SUST::video::d_231
42,2,SUST::video::d_252
42,2,SUST::video::d_262
42,2,SUST::video::d_296
42,2,SUST::video::d_314
42,2,SUST::video::d_336
42,2,SUST::video::d_359
42,2,SUST::video::d_363
42,2,SUST::video::d_383
42,2,SUST::video::d_39
42,2,SUST::video::d_412
42,2,SUST::video::d_416
42,2,SUST::video::d_419
42,2,SUST::video::d_423
42,2,SUST::video::d_424
42,2,SUST::video::d_429
42,2,SUST::video::d_438
42,2,SUST::video::d_451
42,2,SUST::video::d_452
42,2,SUST::video::d_460
42,2,SUST::video::d_475
42,2,SUST::video::d_476
42,2,SUST::video::d_487
42,2,SUST::video::d_492
42,2,SUST::video::d_495
42,2,SUST::video::d_498
42,2,SUST::video::d_501
42,2,SUST::video::d_502
42,2,SUST::video::d_511
42,2,SUST::video::d_512
42,2,SUST::video::d_519
42,2,SUST::video::d_525
42,2,SUST::video::d_526
42,2,SUST::video::d_529
42,2,SUST::video::d_537
42,2,SUST::video::d_54
42,2,SUST::video::d_546
42,2,SUST::video::d_548
42,2,SUST::video::d_551
42,2,SUST::video::d_553
42,2,SUST::video::d_564
42,2,SUST::video::d_569
42,2,SUST::video::d_573
42,2,SUST::video::d_578
42,2,SUST::video::d_58
42,2,SUST::video::d_580
42,2,SUST::video::d_583
42,2,SUST::video::d_588
42,2,SUST::video::d_590
42,2,SUST::video::d_598
42,2,SUST::video::d_599
42,2,SUST::video::d_605
42,2,SUST::video::d_608
42,2,SUST::video::d_613
42,2,SUST::video::d_619
42,2,SUST::video::d_623
42,2,SUST::video::d_624
42,2,SUST::video::d_63
42,2,SUST::video::d_632
42,2,SUST::video::d_633
42,2,SUST::video::d_639
42,2,SUST::video::d_642
42,2,SUST::video::d_644
42,2,SUST::video::d_646
42,2,SUST::video::d_651
42,2,SUST::video::d_652
42,2,SUST::video::d_660
42,2,SUST::video::d_665
42,2,SUST::video::d_67
42,2,SUST::video::d_671
42,2,SUST::video::d_673
42,2,SUST::video::d_680
42,2,SUST::video::d_686
42,2,SUST::video::d_688
42,2,SUST::video::d_697
42,2,SUST::video::d_7
42,2,SUST::video::d_705
42,2,SUST::video::d_707
42,2,SUST::video::d_71
42,2,SUST::video::d_715
42,2,SUST::video::d_721
42,2,SUST::video::d_723
42,2,SUST::video::d_724
42,2,SUST::video::d_730
42,2,SUST::video::d_735
42,2,SUST::video::d_744
42,2,SUST::video::d_745
42,2,SUST::video::d_75
42,2,SUST::video::d_754
42,2,SUST::video::d_763
42,2,SUST::video::d_764
42,2,SUST::video::d_765
42,2,SUST::video::d_773
42,2,SUST::video::d_774
42,2,SUST::video::d_78
42,2,SUST::video::d_781
42,2,SUST::video::d_82
42,2,SUST::video::d_87
42,2,SUST::video::d_9
42,2,SUST::video::d_96
42,2,SUST::video::n_100
42,2,SUST::video::n_105
42,2,SUST::video::n_106
42,2,SUST::video::n_107
42,2,SUST::video::n_114
42,2,SUST::video::n_120
42,2,SUST::video::n_122
42,2,SUST::video::n_130
42,2,SUST::video::n_137
42,2,SUST::video::n_143
42,2,SUST::video::n_146
42,2,SUST::video::n_147
42,2,SUST::video::n_152
42,2,SUST::video::n_154
42,2,SUST::video::n_157
42,2,SUST::video::n_161
42,2,SUST::video::n_162
42,2,SUST::video::n_167
42,2,SUST::video::n_172
42,2,SUST::video::n_177
42,2,SUST::video::n_179
42,2,SUST::video::n_184
42,2,SUST::video::n_186
42,2,SUST::video::n_193
42,2,SUST::video::n_198
42,2,SUST::video::n_203
42,2,SUST::video::n_204
42,2,SUST::video::n_207
42,2,SUST::video::n_213
42,2,SUST::video::n_215
42,2,SUST::video::n_223
42,2,SUST::video::n_228
42,2,SUST::video::n_238
42,2,SUST::video::n_24
42,2,SUST::video::n_240
42,2,SUST::video::n_250
42,2,SUST::video::n_254
42,2,SUST::video::n_256
42,2,SUST::video::n_265
42,2,SUST::video::n_268
42,2,SUST::video::n_275
42,2,SUST::video::n_276
42,2,SUST::video::n_279
42,2,SUST::video::n_284
42,2,SUST::video::n_290
42,2,SUST::video::n_291
42,2,SUST::video::n_296
42,2,SUST::video::n_300
42,2,SUST::video::n_302
42,2,SUST::video::n_309
42,2,SUST::video::n_310
42,2,SUST::video::n_312
42,2,SUST::video::n_321
42,2,SUST::video::n_324
42,2,SUST::video::n_33
42,2,SUST::video::n_335
42,2,SUST::video::n_340
42,2,SUST::video::n_341
42,2,SUST::video::n_343
42,2,SUST::video::n_35
42,2,SUST::video::n_351
42,2,SUST::video::n_355
42,2,SUST::video::n_359
42,2,SUST::video::n_368
42,2,SUST::video::n_370
42,2,SUST::video::n_372
42,2,SUST::video::n_38
42,2,SUST::video::n_384
42,2,SUST::video::n_387
42,2,SUST::video::n_388
42,2,SUST::video::n_395
42,2,SUST::video::n_40
42,2,SUST::video::n_401
42,2,SUST::video::n_407
42,2,SUST::video::n_41
42,2,SUST::video::n_417
42,2,SUST::video::n_426
42,2,SUST::video::n_429
42,2,SUST::video::n_43
42,2,SUST::video::n_431
42,2,SUST::video::n_436
42,2,SUST::video::n_439
42,2,SUST::video::n_448
42,2,SUST::video::n_455
42,2,SUST::video::n_456
42,2,SUST::video::n_460
42,2,SUST::video::n_467
42,2,SUST::video::n_469
42,2,SUST::video::n_475
42,2,SUST::video::n_479
42,2,SUST::video::n_485
42,2,SUST::video::n_491
42,2,SUST::video::n_492
42,2,SUST::video::n_502
42,2,SUST::video::n_504
42,2,SUST::video::n_506
42,2,SUST::video::n_508
42,2,SUST::video::n_514
42,2,SUST::video::n_518
42,2,SUST::video::n_531
42,2,SUST::video::n_534
42,2,SUST::video::n_54
42,2,SUST::video::n_540
42,2,SUST::video::n_547
42,2,SUST::video::n_551
42,2,SUST::video::n_559
42,2,SUST::video::n_56
42,2,SUST::video::n_570
42,2,SUST::video::n_577
42,2,SUST::video::n_584
42,2,SUST::video::n_587
42,2,SUST::video::n_589
42,2,SUST::video::n_596
42,2,SUST::video::n_6
42,2,SUST::video::n_602
42,2,SUST::video::n_607
42,2,SUST::video::n_612
42,2,SUST::video::n_619
42,2,SUST::video::n_623
42,2,SUST::video::n_626
42,2,SUST::video::n_631
42,2,SUST::video::n_634
42,2,SUST::video::n_639
42,2,SUST::video::n_648
42,2,SUST::video::n_65
42,2,SUST::video::n_650
42,2,SUST::video::n_652
42,2,SUST::video::n_66
42,2,SUST::video::n_668
42,2,SUST::video::n_677
42,2,SUST::video::n_680
42,2,SUST::video::n_681
42,2,SUST::video::n_688
42,2,SUST::video::n_690
42,2,SUST::video::n_692
42,2,SUST::video::n_693
42,2,SUST::video::n_701
42,2,SUST::video::n_702
42,2,SUST::video::n_714
42,2,SUST::video::n_716
42,2,SUST::video::n_717
42,2,SUST::video::n_723
42,2,SUST::video::n_730
42,2,SUST::video::n_731
42,2,SUST::video::n_736
42,2,SUST::video::n_746
42,2,SUST::video::n_752
42,2,SUST::video::n_754
42,2,SUST::video::n_756
42,2,SUST::video::n_766
42,2,SUST::video::n_770
42,2,SUST::video::n_771
42,2,SUST::video::n_772
42,2,SUST::video::n_781
42,2,SUST::video::n_786
42,2,SUST::video::n_788
42,2,SUST::video::n_796
42,2,SUST::video::n_799
42,2,SUST::video::n_806
42,2,SUST::video::n_810
42,2,SUST::video::n_814
42,2,SUST::video::n_818
42,2,SUST::video::n_819
42,2,SUST::video::n_831
42,2,SUST::video::n_832
42,2,SUST::video::n_844
42,2,SUST::video::n_847
42,2,SUST::video::n_849
42,2,SUST::video::n_854
42,2,SUST::video::n_861
42,2,SUST::video::n_865
42,2,SUST::video::n_872
42,2,SUST::video::n_877
42,2,SUST::video::n_885
42,2,SUST::video::n_9
42,2,SUST::video::n_90
42,2,SUST::video::n_91
42,2,UTA::12
42,2,UTA::15
42,2,UTA::19
42,2,UTA::26
42,3,SUST::video::d_103
42,3,SUST::video::d_125
42,3,SUST::video::d_150
42,3,SUST::video::d_155
42,3,SUST::video::d_18
42,3,SUST::video::d_2
42,3,SUST::video::d_203
42,3,SUST::video::d_220
42,3,SUST::video::d_244
42,3,SUST::video::d_248
42,3,SUST::video::d_272
42,3,SUST::video::d_276
42,3,SUST::video::d_302
42,3,SUST::video::d_319
42,3,SUST::video::d_351
42,3,SUST::video::d_36
42,3,SUST::video::d_371
42,3,SUST::video::d_401
42,3,SUST::video::d_405
42,3,SUST::video::d_425
42,3,SUST::video::d_428
42,3,SUST::video::d_437
42,3,SUST::video::d_459
42,3,SUST::video::d_470
42,3,SUST::video::d_500
42,3,SUST::video::d_514
42,3,SUST::video::d_52
42,3,SUST::video::d_53
42,3,SUST::video::d_555
42,3,SUST::video::d_559
42,3,SUST::video::d_568
42,3,SUST::video::d_597
42,3,SUST::video::d_600
42,3,SUST::video::d_621
42,3,SUST::video::d_655
42,3,SUST::video::d_661
42,3,SUST::video::d_681
42,3,SUST::video::d_690
42,3,SUST::video::d_691
42,3,SUST::video::d_702
42,3,SUST::video::d_713
42,3,SUST::video::d_718
42,3,SUST::video::d_726
42,3,SUST::video::d_733
42,3,SUST::video::d_740
42,3,SUST::video::d_747
42,3,SUST::video::d_751
42,3,SUST::video::d_756
42,3,SUST::video::d_760
42,3,SUST::video::d_768
42,3,SUST::video::d_775
42,3,SUST::video::d_784
42,3,SUST::video::d_83
42,3,SUST::video::d_85
42,3,SUST::video::d_94
42,3,SUST::video::n_110
42,3,SUST::video::n_113
42,3,SUST::video::n_123
42,3,SUST::video::n_126
42,3,SUST::video::n_134
42,3,SUST::video::n_136
42,3,SUST::video::n_148
42,3,SUST::video::n_153
42,3,SUST::video::n_156
42,3,SUST::video::n_163
42,3,SUST::video::n_173
42,3,SUST::video::n_175
42,3,SUST::video::n_18
42,3,SUST::video::n_185
42,3,SUST::video::n_188
42,3,SUST::video::n_199
42,3,SUST::video::n_20
42,3,SUST::video::n_201
42,3,SUST::video::n_206
42,3,SUST::video::n_210
42,3,SUST::video::n_216
42,3,SUST::video::n_220
42,3,SUST::video::n_227
42,3,SUST::video::n_230
42,3,SUST::video::n_232
42,3,SUST::video::n_242
42,3,SUST::video::n_244
42,3,SUST::video::n_245
42,3,SUST::video::n_252
42,3,SUST::video::n_257
42,3,SUST::video::n_260
42,3,SUST::video::n_27
42,3,SUST::video::n_271
42,3,SUST::video::n_278
42,3,SUST::video::n_280
42,3,SUST::video::n_29
42,3,SUST::video::n_292
42,3,SUST::video::n_295
42,3,SUST::video::n_301
42,3,SUST::video::n_308
42,3,SUST::video::n_314
42,3,SUST::video::n_315
42,3,SUST::video::n_318
42,3,SUST::video::n_323
42,3,SUST::video::n_326
42,3,SUST::video::n_330
42,3,SUST::video::n_332
42,3,SUST::video::n_344
42,3,SUST::video::n_346
42,3,SUST::video::n_352
42,3,SUST::video::n_357
42,3,SUST::video::n_358
42,3,SUST::video::n_364
42,3,SUST::video::n_369
42,3,SUST::video::n_376
42,3,SUST::video::n_378
42,3,SUST::video::n_380
42,3,SUST::video::n_391
42,3,SUST::video::n_394
42,3,SUST::video::n_400
42,3,SUST::video::n_408
42,3,SUST::video::n_410
42,3,SUST::video::n_412
42,3,SUST::video::n_414
42,3,SUST::video::n_423
42,3,SUST::video::n_427
42,3,SUST::video::n_435
42,3,SUST::video::n_44
42,3,SUST::video::n_441
42,3,SUST::video::n_445
42,3,SUST::video::n_45
42,3,SUST::video::n_451
42,3,SUST::video::n_46
42,3,SUST::video::n_466
42,3,SUST::video::n_470
42,3,SUST::video::n_474
42,3,SUST::video::n_476
42,3,SUST::video::n_48
42,3,SUST::video::n_482
42,3,SUST::video::n_486
42,3,SUST::video::n_493
42,3,SUST::video::n_499
42,3,SUST::video::n_505
42,3,SUST::video::n_509
42,3,SUST::video::n_511
42,3,SUST::video::n_517
42,3,SUST::video::n_52
42,3,SUST::video::n_524
42,3,SUST::video::n_526
42,3,SUST::video::n_530
42,3,SUST::video::n_533
42,3,SUST::video::n_535
42,3,SUST::video::n_541
42,3,SUST::video::n_542
42,3,SUST::video::n_546
42,3,SUST::video::n_552
42,3,SUST::video::n_553
42,3,SUST::video::n_557
42,3,SUST::video::n_564
42,3,SUST::video::n_571
42,3,SUST::video::n_576
42,3,SUST::video::n_579
42,3,SUST::video::n_586
42,3,SUST::video::n_593
42,3,SUST::video::n_595
42,3,SUST::video::n_597
42,3,SUST::video::n_606
42,3,SUST::video::n_608
42,3,SUST::video::n_613
42,3,SUST::video::n_615
42,3,SUST::video::n_622
42,3,SUST::video::n_628
42,3,SUST::video::n_632
42,3,SUST::video::n_636
42,3,SUST::video::n_641
42,3,SUST::video::n_642
42,3,SUST::video::n_654
42,3,SUST::video::n_657
42,3,SUST::video::n_660
42,3,SUST::video::n_662
42,3,SUST::video::n_663
42,3,SUST::video::n_671
42,3,SUST::video::n_679
42,3,SUST::video::n_683
42,3,SUST::video::n_687
42,3,SUST::video::n_69
42,3,SUST::video::n_696
42,3,SUST::video::n_697
42,3,SUST::video::n_704
42,3,SUST::video::n_709
42,3,SUST::video::n_713
42,3,SUST::video::n_718
42,3,SUST::video::n_719
42,3,SUST::video::n_722
42,3,SUST::video::n_725
42,3,SUST::video::n_732
42,3,SUST::video::n_737
42,3,SUST::video::n_739
42,3,SUST::video::n_747
42,3,SUST::video::n_751
42,3,SUST::video::n_757
42,3,SUST::video::n_758
42,3,SUST::video::n_76
42,3,SUST::video::n_773
42,3,SUST::video::n_774
42,3,SUST::video::n_775
42,3,SUST::video::n_780
42,3,SUST::video::n_783
42,3,SUST::video::n_793
42,3,SUST::video::n_798
42,3,SUST::video::n_800
42,3,SUST::video::n_801
42,3,SUST::video::n_807
42,3,SUST::video::n_815
42,3,SUST::video::n_82
42,3,SUST::video::n_824
42,3,SUST::video::n_829
42,3,SUST::video::n_834
42,3,SUST::video::n_835
42,3,SUST::video::n_837
42,3,SUST::video::n_838
42,3,SUST::video::n_845
42,3,SUST::video::n_857
42,3,SUST::video::n_858
42,3,SUST::video::n_86
42,3,SUST::video::n_864
42,3,SUST::video::n_868
42,3,SUST::video::n_874
42,3,SUST::video::n_880
42,3,SUST::video::n_94
42,3,SUST::video::n_95
42,3,SUST::video::n_96
42,3,UTA::18
42,3,UTA::22
42,3,UTA::7
42,3,UTA::9
42,4,SUST::video::d_100
42,4,SUST::video::d_105
42,4,SUST::video::d_107
42,4,SUST::video::d_109
42,4,SUST::video::d_11
42,4,SUST::video::d_113
42,4,SUST::video::d_115
42,4,SUST::video::d_120
42,4,SUST::video::d_124
42,4,SUST::video::d_128
42,4,SUST::video::d_131
42,4,SUST::video::d_132
42,4,SUST::video::d_134
42,4,SUST::video::d_136
42,4,SUST::video::d_137
42,4,SUST::video::d_140
42,4,SUST::video::d_141
42,4,SUST::video::d_143
42,4,SUST::video::d_146
42,4,SUST::video::d_15
42,4,SUST::video::d_152
42,4,SUST::video::d_156
42,4,SUST::video::d_158
42,4,SUST::video::d_16
42,4,SUST::video::d_161
42,4,SUST::video::d_164
42,4,SUST::video::d_165
42,4,SUST::video::d_167
42,4,SUST::video::d_169
42,4,SUST::video::d_171
42,4,SUST::video::d_173
42,4,SUST::video::d_175
42,4,SUST::video::d_178
42,4,SUST::video::d_180
42,4,SUST::video::d_181
42,4,SUST::video::d_183
42,4,SUST::video::d_186
42,4,SUST::video::d_188
42,4,SUST::video::d_190
42,4,SUST::video::d_194
42,4,SUST::video::d_197
42,4,SUST::video::d_199
42,4,SUST::video::d_200
42,4,SUST::video::d_201
42,4,SUST::video::d_204
42,4,SUST::video::d_205
42,4,SUST::video::d_207
42,4,SUST::video::d_209
42,4,SUST::video::d_211
42,4,SUST::video::d_216
42,4,SUST::video::d_217
42,4,SUST::video::d_219
42,4,SUST::video::d_221
42,4,SUST::video::d_225
42,4,SUST::video::d_228
42,4,SUST::video::d_229
42,4,SUST::video::d_230
42,4,SUST::video::d_232
42,4,SUST::video::d_235
42,4,SUST::video::d_237
42,4,SUST::video::d_239
42,4,SUST::video::d_24
42,4,SUST::video::d_240
42,4,SUST::video::d_243
42,4,SUST::video::d_246
42,4,SUST::video::d_25
42,4,SUST::video::d_250
42,4,SUST::video::d_251
42,4,SUST::video::d_254
42,4,SUST::video::d_258
42,4,SUST::video::d_26
42,4,SUST::video::d_263
42,4,SUST::video::d_266
42,4,SUST::video::d_268
42,4,SUST::video::d_269
42,4,SUST::video::d_271
42,4,SUST::video::d_275
42,4,SUST::video::d_281
42,4,SUST::video::d_282
42,4,SUST::video::d_284
42,4,SUST::video::d_285
42,4,SUST::video::d_286
42,4,SUST::video::d_289
42,4,SUST::video::d_29
42,4,SUST::video::d_291
42,4,SUST::video::d_293
42,4,SUST::video::d_297
42,4,SUST::video::d_301
42,4,SUST::video::d_305
42,4,SUST::video::d_308
42,4,SUST::video::d_310
42,4,SUST::video::d_311
42,4,SUST::video::d_313
42,4,SUST::video::d_316
42,4,SUST::video::d_32
42,4,SUST::video::d_324
42,4,SUST::video::d_326
42,4,SUST::video::d_328
42,4,SUST::video::d_330
42,4,SUST::video::d_334
42,4,SUST::video::d_337
42,4,SUST::video::d_34
42,4,SUST::video::d_342
42,4,SUST::video::d_345
42,4,SUST::video::d_346
42,4,SUST::video::d_348
42,4,SUST::video::d_35
42,4,SUST::video::d_352
42,4,SUST::video::d_356
42,4,SUST::video::d_357
42,4,SUST::video::d_362
42,4,SUST::video::d_366
42,4,SUST::video::d_368
42,4,SUST::video::d_372
42,4,SUST::video::d_375
42,4,SUST::video::d_376
42,4,SUST::video::d_380
42,4,SUST::video::d_384
42,4,SUST::video::d_388
42,4,SUST::video::d_391
42,4,SUST::video::d_394
42,4,SUST::video::d_396
42,4,SUST::video::d_4
42,4,SUST::video::d_402
42,4,SUST::video::d_408
42,4,SUST::video::d_409
42,4,SUST::video::d_41
42,4,SUST::video::d_414
42,4,SUST::video::d_418
42,4,SUST::video::d_420
42,4,SUST::video::d_421
42,4,SUST::video::d_430
42,4,SUST::video::d_433
42,4,SUST::video::d_44
42,4,SUST::video::d_442
42,4,SUST::video::d_446
42,4,SUST::video::d_447
42,4,SUST::video::d_449
42,4,SUST::video::d_45
42,4,SUST::video::d_453
42,4,SUST::video::d_458
42,4,SUST::video::d_462
42,4,SUST::video::d_465
42,4,SUST::video::d_466
42,4,SUST::video::d_468
42,4,SUST::video::d_473
42,4,SUST::video::d_479
42,4,SUST::video::d_482
42,4,SUST::video::d_485
42,4,SUST::video::d_49
42,4,SUST::video::d_491
42,4,SUST::video::d_496
42,4,SUST::video::d_50
42,4,SUST::video::d_505
42,4,SUST::video::d_507
42,4,SUST::video::d_508
42,4,SUST::video::d_509
42,4,SUST::video::d_518
42,4,SUST::video::d_521
42,4,SUST::video::d_524
42,4,SUST::video::d_530
42,4,SUST::video::d_533
42,4,SUST::video::d_536
42,4,SUST::video::d_543
42,4,SUST::video::d_544
42,4,SUST::video::d_549
42,4,SUST::video::d_550
42,4,SUST::video::d_560
42,4,SUST::video::d_562
42,4,SUST::video::d_565
42,4,SUST::video::d_566
42,4,SUST::video::d_571
42,4,SUST::video::d_575
42,4,SUST::video::d_576
42,4,SUST::video::d_579
42,4,SUST::video::d_585
42,4,SUST::video::d_59
42,4,SUST::video::d_593
42,4,SUST::video::d_596
42,4,SUST::video::d_601
42,4,SUST::video::d_606
42,4,SUST::video::d_607
42,4,SUST::video::d_610
42,4,SUST::video::d_616
42,4,SUST::video::d_618
42,4,SUST::video::d_620
42,4,SUST::video::d_627
42,4,SUST::video::d_631
42,4,SUST::video::d_638
42,4,SUST::video::d_64
42,4,SUST::video::d_640
42,4,SUST::video::d_649
42,4,SUST::video::d_650
42,4,SUST::video::d_656
42,4,SUST::video::d_659
42,4,SUST::video::d_662
42,4,SUST::video::d_664
42,4,SUST::video::d_666
42,4,SUST::video::d_669
42,4,SUST::video::d_68
42,4,SUST::video::d_684
42,4,SUST::video::d_685
42,4,SUST::video::d_693
42,4,SUST::video::d_695
42,4,SUST::video::d_696
42,4,SUST::video::d_698
42,4,SUST::video::d_703
42,4,SUST::video::d_706
42,4,SUST::video::d_714
42,4,SUST::video::d_719
42,4,SUST::video::d_720
42,4,SUST::video::d_727
42,4,SUST::video::d_734
42,4,SUST::video::d_739
42,4,SUST::video::d_74
42,4,SUST::video::d_742
42,4,SUST::video::d_743
42,4,SUST::video::d_752
42,4,SUST::video::d_76
42,4,SUST::video::d_761
42,4,SUST::video::d_769
42,4,SUST::video::d_77
42,4,SUST::video::d_772
42,4,SUST::video::d_780
42,4,SUST::video::d_79
42,4,SUST::video::d_81
42,4,SUST::video::d_86
42,4,SUST::video::d_88
42,4,SUST::video::d_93
42,4,SUST::video::d_98
42,4,SUST::video::d_99
42,4,SUST::video::n_103
42,4,SUST::video::n_11
42,4,SUST::video::n_112
42,4,SUST::video::n_118
42,4,SUST::video::n_119
42,4,SUST::video::n_125
42,4,SUST::video::n_127
42,4,SUST::video::n_133
42,4,SUST::video::n_139
42,4,SUST::video::n_140
42,4,SUST::video::n_142
42,4,SUST::video::n_149
42,4,SUST::video::n_150
42,4,SUST::video::n_16
42,4,SUST::video::n_160
42,4,SUST::video::n_164
42,4,SUST::video::n_170
42,4,SUST::video::n_178
42,4,SUST::video::n_181
42,4,SUST::video::n_182
42,4,SUST::video::n_189
42,4,SUST::video::n_194
42,4,SUST::video::n_197
42,4,SUST::video::n_2
42,4,SUST::video::n_200
42,4,SUST::video::n_211
42,4,SUST::video::n_212
42,4,SUST::video::n_221
42,4,SUST::video::n_225
42,4,SUST::video::n_23
42,4,SUST::video::n_234
42,4,SUST::video::n_235
42,4,SUST::video::n_239
42,4,SUST::video::n_249
42,4,SUST::video::n_25
42,4,SUST::video::n_253
42,4,SUST::video::n_261
42,4,SUST::video::n_266
42,4,SUST::video::n_267
42,4,SUST::video::n_269
42,4,SUST::video::n_272
42,4,SUST::video::n_281
42,4,SUST::video::n_285
42,4,SUST::video::n_289
42,4,SUST::video::n_299
42,4,SUST::video::n_3
42,4,SUST::video::n_303
42,4,SUST::video::n_306
42,4,SUST::video::n_31
42,4,SUST::video::n_32
42,4,SUST::video::n_322
42,4,SUST::video::n_329
42,4,SUST::video::n_331
42,4,SUST::video::n_336
42,4,SUST::video::n_339
42,4,SUST::video::n_350
42,4,SUST::video::n_353
42,4,SUST::video::n_354
42,4,SUST::video::n_365
42,4,SUST::video::n_366
42,4,SUST::video::n_367
42,4,SUST::video::n_374
42,4,SUST::video::n_379
42,4,SUST::video::n_382
42,4,SUST::video::n_386
42,4,SUST::video::n_396
42,4,SUST::video::n_4
42,4,SUST::video::n_406
42,4,SUST::video::n_409
42,4,SUST::video::n_413
42,4,SUST::video::n_415
42,4,SUST::video::n_422
42,4,SUST::video::n_424
42,4,SUST::video::n_425
42,4,SUST::video::n_433
42,4,SUST::video::n_437
42,4,SUST::video::n_446
42,4,SUST::video::n_447
42,4,SUST::video::n_449
42,4,SUST::video::n_459
42,4,SUST::video::n_462
42,4,SUST::video::n_472
42,4,SUST::video::n_473
42,4,SUST::video::n_478
42,4,SUST::video::n_483
42,4,SUST::video::n_484
42,4,SUST::video::n_49
42,4,SUST::video::n_497
42,4,SUST::video::n_5
42,4,SUST::video::n_500
42,4,SUST::video::n_503
42,4,SUST::video::n_513
42,4,SUST::video::n_515
42,4,SUST::video::n_520
42,4,SUST::video::n_523
42,4,SUST::video::n_529
42,4,SUST::video::n_539
42,4,SUST::video::n_543
42,4,SUST::video::n_55
42,4,SUST::video::n_550
42,4,SUST::video::n_555
42,4,SUST::video::n_565
42,4,SUST::video::n_566
42,4,SUST::video::n_572
42,4,SUST::video::n_575
42,4,SUST::video::n_580
42,4,SUST::video::n_583
42,4,SUST::video::n_590
42,4,SUST::video::n_594
42,4,SUST::video::n_604
42,4,SUST::video::n_610
42,4,SUST::video::n_611
42,4,SUST::video::n_616
42,4,SUST::video::n_617
42,4,SUST::video::n_624
42,4,SUST::video::n_625
42,4,SUST::video::n_630
42,4,SUST::video::n_637
42,4,SUST::video::n_644
42,4,SUST::video::n_646
42,4,SUST::video::n_649
42,4,SUST::video::n_656
42,4,SUST::video::n_659
42,4,SUST::video::n_661
42,4,SUST::video::n_669
42,4,SUST::video::n_672
42,4,SUST::video::n_673
42,4,SUST::video::n_675
42,4,SUST::video::n_676
42,4,SUST::video::n_686
42,4,SUST::video::n_689
42,4,SUST::video::n_698
42,4,SUST::video::n_700
42,4,SUST::video::n_707
42,4,SUST::video::n_710
42,4,SUST::video::n_711
42,4,SUST::video::n_721
42,4,SUST::video::n_726
42,4,SUST::video::n_729
42,4,SUST::video::n_735
42,4,SUST::video::n_738
42,4,SUST::video::n_742
42,4,SUST::video::n_744
42,4,SUST::video::n_750
42,4,SUST::video::n_759
42,4,SUST::video::n_763
42,4,SUST::video::n_769
42,4,SUST::video::n_77
42,4,SUST::video::n_776
42,4,SUST::video::n_78
42,4,SUST::video::n_782
42,4,SUST::video::n_787
42,4,SUST::video::n_792
42,4,SUST::video::n_794
42,4,SUST::video::n_802
42,4,SUST::video::n_803
42,4,SUST::video::n_805
42,4,SUST::video::n_813
42,4,SUST::video::n_816
42,4,SUST::video::n_828
42,4,SUST::video::n_83
42,4,SUST::video::n_836
42,4,SUST::video::n_839
42,4,SUST::video::n_842
42,4,SUST::video::n_843
42,4,SUST::video::n_846
42,4,SUST::video::n_850
42,4,SUST::video::n_852
42,4,SUST::video::n_855
42,4,SUST::video::n_859
42,4,SUST::video::n_866
42,4,SUST::video::n_867
42,4,SUST::video::n_87
42,4,SUST::video::n_870
42,4,SUST::video::n_882
42,4,SUST::video::n_883
42,4,SUST::video::n_884
42,4,SUST::video::n_93
42,4,SUST::video::n_99
42,4,UTA::14
42,4,UTA::17
42,4,UTA::20
42,4,UTA::25
43,0,NTHU::2
43,0,SUST::video::d_112
43,0,SUST::video::d_135
43,0,SUST::video::d_141
43,0,SUST::video::d_168
43,0,SUST::video::d_174
43,0,SUST::video::d_201
43,0,SUST::video::d_213
43,0,SUST::video::d_223
43,0,SUST::video::d_23
43,0,SUST::video::d_257
43,0,SUST::video::d_262
43,0,SUST::video::d_268
43,0,SUST::video::d_285
43,0,SUST::video::d_296
43,0,SUST::video::d_299
43,0,SUST::video::d_318
43,0,SUST::video::d_334
43,0,SUST::video::d_349
43,0,SUST::video::d_36
43,0,SUST::video::d_379
43,0,SUST::video::d_387
43,0,SUST::video::d_389
43,0,SUST::video::d_406
43,0,SUST::video::d_431
43,0,SUST::video::d_448
43,0,SUST::video::d_462
43,0,SUST::video::d_485
43,0,SUST::video::d_494
43,0,SUST::video::d_506
43,0,SUST::video::d_509
43,0,SUST::video::d_526
43,0,SUST::video::d_530
43,0,SUST::video::d_553
43,0,SUST::video::d_566
43,0,SUST::video::d_588
43,0,SUST::video::d_600
43,0,SUST::video::d_605
43,0,SUST::video::d_609
43,0,SUST::video::d_617
43,0,SUST::video::d_624
43,0,SUST::video::d_635
43,0,SUST::video::d_636
43,0,SUST::video::d_647
43,0,SUST::video::d_654
43,0,SUST::video::d_656
43,0,SUST::video::d_674
43,0,SUST::video::d_678
43,0,SUST::video::d_69
43,0,SUST::video::d_693
43,0,SUST::video::d_694
43,0,SUST::video::d_697
43,0,SUST::video::d_715
43,0,SUST::video::d_72
43,0,SUST::video::d_730
43,0,SUST::video::d_736
43,0,SUST::video::d_74
43,0,SUST::video::d_746
43,0,SUST::video::d_749
43,0,SUST::video::d_767
43,0,SUST::video::d_778
43,0,SUST::video::d_780
43,0,SUST::video::d_781
43,0,SUST::video::d_80
43,0,SUST::video::d_84
43,0,SUST::video::d_96
43,0,SUST::video::n_10
43,0,SUST::video::n_104
43,0,SUST::video::n_106
43,0,SUST::video::n_113
43,0,SUST::video::n_121
43,0,SUST::video::n_130
43,0,SUST::video::n_134
43,0,SUST::video::n_143
43,0,SUST::video::n_145
43,0,SUST::video::n_150
43,0,SUST::video::n_156
43,0,SUST::video::n_169
43,0,SUST::video::n_176
43,0,SUST::video::n_184
43,0,SUST::video::n_188
43,0,SUST::video::n_199
43,0,SUST::video::n_204
43,0,SUST::video::n_205
43,0,SUST::video::n_22
43,0,SUST::video::n_224
43,0,SUST::video::n_235
43,0,SUST::video::n_243
43,0,SUST::video::n_251
43,0,SUST::video::n_256
43,0,SUST::video::n_265
43,0,SUST::video::n_269
43,0,SUST::video::n_288
43,0,SUST::video::n_29
43,0,SUST::video::n_298
43,0,SUST::video::n_30
43,0,SUST::video::n_300
43,0,SUST::video::n_312
43,0,SUST::video::n_316
43,0,SUST::video::n_322
43,0,SUST::video::n_324
43,0,SUST::video::n_329
43,0,SUST::video::n_33
43,0,SUST::video::n_340
43,0,SUST::video::n_345
43,0,SUST::video::n_35
43,0,SUST::video::n_351
43,0,SUST::video::n_352
43,0,SUST::video::n_360
43,0,SUST::video::n_367
43,0,SUST::video::n_37
43,0,SUST::video::n_376
43,0,SUST::video::n_378
43,0,SUST::video::n_380
43,0,SUST::video::n_388
43,0,SUST::video::n_392
43,0,SUST::video::n_394
43,0,SUST::video::n_397
43,0,SUST::video::n_4
43,0,SUST::video::n_405
43,0,SUST::video::n_41
43,0,SUST::video::n_417
43,0,SUST::video::n_422
43,0,SUST::video::n_426
43,0,SUST::video::n_427
43,0,SUST::video::n_431
43,0,SUST::video::n_434
43,0,SUST::video::n_436
43,0,SUST::video::n_437
43,0,SUST::video::n_443
43,0,SUST::video::n_447
43,0,SUST::video::n_450
43,0,SUST::video::n_454
43,0,SUST::video::n_46
43,0,SUST::video::n_469
43,0,SUST::video::n_471
43,0,SUST::video::n_474
43,0,SUST::video::n_480
43,0,SUST::video::n_486
43,0,SUST::video::n_492
43,0,SUST::video::n_495
43,0,SUST::video::n_497
43,0,SUST::video::n_502
43,0,SUST::video::n_508
43,0,SUST::video::n_510
43,0,SUST::video::n_511
43,0,SUST::video::n_513
43,0,SUST::video::n_523
43,0,SUST::video::n_527
43,0,SUST::video::n_531
43,0,SUST::video::n_533
43,0,SUST::video::n_542
43,0,SUST::video::n_543
43,0,SUST::video::n_545
43,0,SUST::video::n_557
43,0,SUST::video::n_56
43,0,SUST::video::n_567
43,0,SUST::video::n_573
43,0,SUST::video::n_580
43,0,SUST::video::n_581
43,0,SUST::video::n_584
43,0,SUST::video::n_588
43,0,SUST::video::n_597
43,0,SUST::video::n_603
43,0,SUST::video::n_607
43,0,SUST::video::n_614
43,0,SUST::video::n_615
43,0,SUST::video::n_616
43,0,SUST::video::n_619
43,0,SUST::video::n_628
43,0,SUST::video::n_631
43,0,SUST::video::n_636
43,0,SUST::video::n_641
43,0,SUST::video::n_648
43,0,SUST::video::n_650
43,0,SUST::video::n_66
43,0,SUST::video::n_663
43,0,SUST::video::n_665
43,0,SUST::video::n_672
43,0,SUST::video::n_678
43,0,SUST::video::n_680
43,0,SUST::video::n_682
43,0,SUST::video::n_690
43,0,SUST::video::n_695
43,0,SUST::video::n_7
43,0,SUST::video::n_700
43,0,SUST::video::n_71
43,0,SUST::video::n_710
43,0,SUST::video::n_72
43,0,SUST::video::n_720
43,0,SUST::video::n_729
43,0,SUST::video::n_730
43,0,SUST::video::n_735
43,0,SUST::video::n_74
43,0,SUST::video::n_748
43,0,SUST::video::n_75
43,0,SUST::video::n_753
43,0,SUST::video::n_756
43,0,SUST::video::n_759
43,0,SUST::video::n_767
43,0,SUST::video::n_77
43,0,SUST::video::n_781
43,0,SUST::video::n_784
43,0,SUST::video::n_786
43,0,SUST::video::n_792
43,0,SUST::video::n_798
43,0,SUST::video::n_8
43,0,SUST::video::n_81
43,0,SUST::video::n_814
43,0,SUST::video::n_818
43,0,SUST::video::n_82
43,0,SUST::video::n_825
43,0,SUST::video::n_832
43,0,SUST::video::n_838
43,0,SUST::video::n_839
43,0,SUST::video::n_841
43,0,SUST::video::n_849
43,0,SUST::video::n_854
43,0,SUST::video::n_86
43,0,SUST::video::n_864
43,0,SUST::video::n_870
43,0,SUST::video::n_871
43,0,SUST::video::n_872
43,0,SUST::video::n_884
43,0,SUST::video::n_92
43,0,SUST::video::n_93
43,0,SUST::video::n_96
43,0,UTA::11
43,0,UTA::16
43,0,UTA::18
43,1,SUST::video::d_110
43,1,SUST::video::d_126
43,1,SUST::video::d_147
43,1,SUST::video::d_15
43,1,SUST::video::d_154
43,1,SUST::video::d_161
43,1,SUST::video::d_171
43,1,SUST::video::d_179
43,1,SUST::video::d_180
43,1,SUST::video::d_183
43,1,SUST::video::d_194
43,1,SUST::video::d_200
43,1,SUST::video::d_202
43,1,SUST::video::d_210
43,1,SUST::video::d_214
43,1,SUST::video::d_219
43,1,SUST::video::d_228
43,1,SUST::video::d_234
43,1,SUST::video::d_235
43,1,SUST::video::d_241
43,1,SUST::video::d_249
43,1,SUST::video::d_250
43,1,SUST::video::d_252
43,1,SUST::video::d_267
43,1,SUST::video::d_269
43,1,SUST::video::d_272
43,1,SUST::video::d_278
43,1,SUST::video::d_29
43,1,SUST::video::d_295
43,1,SUST::video::d_300
43,1,SUST::video::d_304
43,1,SUST::video::d_309
43,1,SUST::video::d_313
43,1,SUST::video::d_321
43,1,SUST::video::d_328
43,1,SUST::video::d_329
43,1,SUST::video::d_338
43,1,SUST::video::d_340
43,1,SUST::video::d_341
43,1,SUST::video::d_348
43,1,SUST::video::d_356
43,1,SUST::video::d_359
43,1,SUST::video::d_362
43,1,SUST::video::d_363
43,1,SUST::video::d_37
43,1,SUST::video::d_374
43,1,SUST::video::d_378
43,1,SUST::video::d_385
43,1,SUST::video::d_388
43,1,SUST::video::d_393
43,1,SUST::video::d_397
43,1,SUST::video::d_400
43,1,SUST::video::d_403
43,1,SUST::video::d_407
43,1,SUST::video::d_41
43,1,SUST::video::d_413
43,1,SUST::video::d_415
43,1,SUST::video::d_419
43,1,SUST::video::d_424
43,1,SUST::video::d_425
43,1,SUST::video::d_432
43,1,SUST::video::d_434
43,1,SUST::video::d_439
43,1,SUST::video::d_44
43,1,SUST::video::d_442
43,1,SUST::video::d_45
43,1,SUST::video::d_453
43,1,SUST::video::d_454
43,1,SUST::video::d_456
43,1,SUST::video::d_461
43,1,SUST::video::d_467
43,1,SUST::video::d_470
43,1,SUST::video::d_473
43,1,SUST::video::d_478
43,1,SUST::video::d_479
43,1,SUST::video::d_48
43,1,SUST::video::d_484
43,1,SUST::video::d_488
43,1,SUST::video::d_491
43,1,SUST::video::d_495
43,1,SUST::video::d_499
43,1,SUST::video::d_501
43,1,SUST::video::d_504
43,1,SUST::video::d_51
43,1,SUST::video::d_515
43,1,SUST::video::d_516
43,1,SUST::video::d_519
43,1,SUST::video::d_523
43,1,SUST::video::d_53
43,1,SUST::video::d_531
43,1,SUST::video::d_536
43,1,SUST::video::d_540
43,1,SUST::video::d_545
43,1,SUST::video::d_549
43,1,SUST::video::d_554
43,1,SUST::video::d_556
43,1,SUST::video::d_56
43,1,SUST::video::d_562
43,1,SUST::video::d_565
43,1,SUST::video::d_575
43,1,SUST::video::d_579
43,1,SUST::video::d_58
43,1,SUST::video::d_585
43,1,SUST::video::d_59
43,1,SUST::video::d_594
43,1,SUST::video::d_597
43,1,SUST::video::d_6
43,1,SUST::video::d_60
43,1,SUST::video::d_608
43,1,SUST::video::d_61
43,1,SUST::video::d_618
43,1,SUST::video::d_622
43,1,SUST::video::d_626
43,1,SUST::video::d_630
43,1,SUST::video::d_631
43,1,SUST::video::d_638
43,1,SUST::video::d_643
43,1,SUST::video::d_645
43,1,SUST::video::d_648
43,1,SUST::video::d_657
43,1,SUST::video::d_658
43,1,SUST::video::d_661
43,1,SUST::video::d_666
43,1,SUST::video::d_668
43,1,SUST::video::d_675
43,1,SUST::video::d_683
43,1,SUST::video::d_684
43,1,SUST::video::d_690
43,1,SUST::video::d_691
43,1,SUST::video::d_70
43,1,SUST::video::d_700
43,1,SUST::video::d_702
43,1,SUST::video::d_703
43,1,SUST::video::d_710
43,1,SUST::video::d_713
43,1,SUST::video::d_716
43,1,SUST::video::d_724
43,1,SUST::video::d_733
43,1,SUST::video::d_734
43,1,SUST::video::d_743
43,1,SUST::video::d_744
43,1,SUST::video::d_751
43,1,SUST::video::d_754
43,1,SUST::video::d_76
43,1,SUST::video::d_760
43,1,SUST::video::d_761
43,1,SUST::video::d_764
43,1,SUST::video::d_769
43,1,SUST::video::d_772
43,1,SUST::video::d_78
43,1,SUST::video::d_783
43,1,SUST::video::d_83
43,1,SUST::video::d_89
43,1,SUST::video::d_9
43,1,SUST::video::d_97
43,1,SUST::video::n_103
43,1,SUST::video::n_11
43,1,SUST::video::n_111
43,1,SUST::video::n_112
43,1,SUST::video::n_12
43,1,SUST::video::n_122
43,1,SUST::video::n_123
43,1,SUST::video::n_125
43,1,SUST::video::n_131
43,1,SUST::video::n_137
43,1,SUST::video::n_142
43,1,SUST::video::n_144
43,1,SUST::video::n_146
43,1,SUST::video::n_157
43,1,SUST::video::n_159
43,1,SUST::video::n_163
43,1,SUST::video::n_164
43,1,SUST::video::n_166
43,1,SUST::video::n_17
43,1,SUST::video::n_178
43,1,SUST::video::n_18
43,1,SUST::video::n_187
43,1,SUST::video::n_189
43,1,SUST::video::n_193
43,1,SUST::video::n_194
43,1,SUST::video::n_197
43,1,SUST::video::n_201
43,1,SUST::video::n_208
43,1,SUST::video::n_211
43,1,SUST::video::n_212
43,1,SUST::video::n_215
43,1,SUST::video::n_221
43,1,SUST::video::n_225
43,1,SUST::video::n_227
43,1,SUST::video::n_236
43,1,SUST::video::n_237
43,1,SUST::video::n_248
43,1,SUST::video::n_250
43,1,SUST::video::n_254
43,1,SUST::video::n_257
43,1,SUST::video::n_262
43,1,SUST::video::n_27
43,1,SUST::video::n_270
43,1,SUST::video::n_271
43,1,SUST::video::n_272
43,1,SUST::video::n_279
43,1,SUST::video::n_283
43,1,SUST::video::n_289
43,1,SUST::video::n_294
43,1,SUST::video::n_301
43,1,SUST::video::n_303
43,1,SUST::video::n_311
43,1,SUST::video::n_314
43,1,SUST::video::n_319
43,1,SUST::video::n_325
43,1,SUST::video::n_330
43,1,SUST::video::n_333
43,1,SUST::video::n_335
43,1,SUST::video::n_338
43,1,SUST::video::n_344
43,1,SUST::video::n_349
43,1,SUST::video::n_354
43,1,SUST::video::n_356
43,1,SUST::video::n_366
43,1,SUST::video::n_370
43,1,SUST::video::n_375
43,1,SUST::video::n_38
43,1,SUST::video::n_382
43,1,SUST::video::n_386
43,1,SUST::video::n_393
43,1,SUST::video::n_400
43,1,SUST::video::n_403
43,1,SUST::video::n_406
43,1,SUST::video::n_407
43,1,SUST::video::n_412
43,1,SUST::video::n_419
43,1,SUST::video::n_424
43,1,SUST::video::n_428
43,1,SUST::video::n_438
43,1,SUST::video::n_441
43,1,SUST::video::n_446
43,1,SUST::video::n_45
43,1,SUST::video::n_455
43,1,SUST::video::n_457
43,1,SUST::video::n_464
43,1,SUST::video::n_468
43,1,SUST::video::n_470
43,1,SUST::video::n_477
43,1,SUST::video::n_487
43,1,SUST::video::n_489
43,1,SUST::video::n_498
43,1,SUST::video::n_499
43,1,SUST::video::n_501
43,1,SUST::video::n_504
43,1,SUST::video::n_509
43,1,SUST::video::n_517
43,1,SUST::video::n_518
43,1,SUST::video::n_52
43,1,SUST::video::n_524
43,1,SUST::video::n_535
43,1,SUST::video::n_537
43,1,SUST::video::n_548
43,1,SUST::video::n_549
43,1,SUST::video::n_550
43,1,SUST::video::n_559
43,1,SUST::video::n_561
43,1,SUST::video::n_562
43,1,SUST::video::n_563
43,1,SUST::video::n_572
43,1,SUST::video::n_574
43,1,SUST::video::n_586
43,1,SUST::video::n_59
43,1,SUST::video::n_590
43,1,SUST::video::n_593
43,1,SUST::video::n_598
43,1,SUST::video::n_599
43,1,SUST::video::n_608
43,1,SUST::video::n_610
43,1,SUST::video::n_620
43,1,SUST::video::n_621
43,1,SUST::video::n_627
43,1,SUST::video::n_630
43,1,SUST::video::n_632
43,1,SUST::video::n_635
43,1,SUST::video::n_640
43,1,SUST::video::n_642
43,1,SUST::video::n_651
43,1,SUST::video::n_656
43,1,SUST::video::n_661
43,1,SUST::video::n_666
43,1,SUST::video::n_671
43,1,SUST::video::n_673
43,1,SUST::video::n_684
43,1,SUST::video::n_691
43,1,SUST::video::n_694
43,1,SUST::video::n_698
43,1,SUST::video::n_701
43,1,SUST::video::n_706
43,1,SUST::video::n_713
43,1,SUST::video::n_714
43,1,SUST::video::n_715
43,1,SUST::video::n_723
43,1,SUST::video::n_724
43,1,SUST::video::n_731
43,1,SUST::video::n_733
43,1,SUST::video::n_741
43,1,SUST::video::n_742
43,1,SUST::video::n_750
43,1,SUST::video::n_760
43,1,SUST::video::n_761
43,1,SUST::video::n_765
43,1,SUST::video::n_770
43,1,SUST::video::n_772
43,1,SUST::video::n_776
43,1,SUST::video::n_785
43,1,SUST::video::n_789
43,1,SUST::video::n_79
43,1,SUST::video::n_796
43,1,SUST::video::n_801
43,1,SUST::video::n_802
43,1,SUST::video::n_805
43,1,SUST::video::n_812
43,1,SUST::video::n_816
43,1,SUST::video::n_820
43,1,SUST::video::n_822
43,1,SUST::video::n_830
43,1,SUST::video::n_835
43,1,SUST::video::n_84
43,1,SUST::video::n_842
43,1,SUST::video::n_848
43,1,SUST::video::n_85
43,1,SUST::video::n_855
43,1,SUST::video::n_856
43,1,SUST::video::n_862
43,1,SUST::video::n_867
43,1,SUST::video::n_873
43,1,SUST::video::n_875
43,1,SUST::video::n_878
43,1,SUST::video::n_89
43,1,SUST::video::n_9
43,1,SUST::video::n_95
43,1,SUST::video::n_98
43,1,SUST::video::n_99
43,1,UTA::12
43,1,UTA::17
43,1,UTA::24
43,2,SUST::video::d_1
43,2,SUST::video::d_10
43,2,SUST::video::d_113
43,2,SUST::video::d_136
43,2,SUST::video::d_138
43,2,SUST::video::d_166
43,2,SUST::video::d_170
43,2,SUST::video::d_177
43,2,SUST::video::d_198
43,2,SUST::video::d_21
43,2,SUST::video::d_245
43,2,SUST::video::d_256
43,2,SUST::video::d_264
43,2,SUST::video::d_279
43,2,SUST::video::d_297
43,2,SUST::video::d_307
43,2,SUST::video::d_312
43,2,SUST::video::d_324
43,2,SUST::video::d_339
43,2,SUST::video::d_345
43,2,SUST::video::d_371
43,2,SUST::video::d_380
43,2,SUST::video::d_401
43,2,SUST::video::d_420
43,2,SUST::video::d_423
43,2,SUST::video::d_43
43,2,SUST::video::d_435
43,2,SUST::video::d_441
43,2,SUST::video::d_445
43,2,SUST::video::d_450
43,2,SUST::video::d_451
43,2,SUST::video::d_460
43,2,SUST::video::d_465
43,2,SUST::video::d_469
43,2,SUST::video::d_47
43,2,SUST::video::d_477
43,2,SUST::video::d_49
43,2,SUST::video::d_493
43,2,SUST::video::d_498
43,2,SUST::video::d_505
43,2,SUST::video::d_510
43,2,SUST::video::d_511
43,2,SUST::video::d_512
43,2,SUST::video::d_517
43,2,SUST::video::d_521
43,2,SUST::video::d_527
43,2,SUST::video::d_532
43,2,SUST::video::d_535
43,2,SUST::video::d_54
43,2,SUST::video::d_547
43,2,SUST::video::d_548
43,2,SUST::video::d_551
43,2,SUST::video::d_552
43,2,SUST::video::d_559
43,2,SUST::video::d_561
43,2,SUST::video::d_567
43,2,SUST::video::d_571
43,2,SUST::video::d_573
43,2,SUST::video::d_574
43,2,SUST::video::d_580
43,2,SUST::video::d_582
43,2,SUST::video::d_587
43,2,SUST::video::d_589
43,2,SUST::video::d_595
43,2,SUST::video::d_601
43,2,SUST::video::d_603
43,2,SUST::video::d_610
43,2,SUST::video::d_616
43,2,SUST::video::d_620
43,2,SUST::video::d_623
43,2,SUST::video::d_63
43,2,SUST::video::d_634
43,2,SUST::video::d_637
43,2,SUST::video::d_639
43,2,SUST::video::d_646
43,2,SUST::video::d_65
43,2,SUST::video::d_652
43,2,SUST::video::d_659
43,2,SUST::video::d_663
43,2,SUST::video::d_67
43,2,SUST::video::d_671
43,2,SUST::video::d_672
43,2,SUST::video::d_673
43,2,SUST::video::d_680
43,2,SUST::video::d_681
43,2,SUST::video::d_686
43,2,SUST::video::d_696
43,2,SUST::video::d_698
43,2,SUST::video::d_699
43,2,SUST::video::d_706
43,2,SUST::video::d_707
43,2,SUST::video::d_717
43,2,SUST::video::d_720
43,2,SUST::video::d_725
43,2,SUST::video::d_727
43,2,SUST::video::d_728
43,2,SUST::video::d_729
43,2,SUST::video::d_735
43,2,SUST::video::d_742
43,2,SUST::video::d_745
43,2,SUST::video::d_747
43,2,SUST::video::d_756
43,2,SUST::video::d_757
43,2,SUST::video::d_765
43,2,SUST::video::d_766
43,2,SUST::video::d_773
43,2,SUST::video::d_777
43,2,SUST::video::d_782
43,2,SUST::video::d_81
43,2,SUST::video::d_82
43,2,SUST::video::d_91
43,2,SUST::video::d_95
43,2,SUST::video::d_99
43,2,SUST::video::n_100
43,2,SUST::video::n_102
43,2,SUST::video::n_105
43,2,SUST::video::n_116
43,2,SUST::video::n_120
43,2,SUST::video::n_124
43,2,SUST::video::n_13
43,2,SUST::video::n_133
43,2,SUST::video::n_136
43,2,SUST::video::n_138
43,2,SUST::video::n_140
43,2,SUST::video::n_149
43,2,SUST::video::n_153
43,2,SUST::video::n_154
43,2,SUST::video::n_158
43,2,SUST::video::n_167
43,2,SUST::video::n_168
43,2,SUST::video::n_173
43,2,SUST::video::n_175
43,2,SUST::video::n_182
43,2,SUST::video::n_183
43,2,SUST::video::n_19
43,2,SUST::video::n_198
43,2,SUST::video::n_202
43,2,SUST::video::n_203
43,2,SUST::video::n_206
43,2,SUST::video::n_213
43,2,SUST::video::n_214
43,2,SUST::video::n_219
43,2,SUST::video::n_222
43,2,SUST::video::n_231
43,2,SUST::video::n_233
43,2,SUST::video::n_240
43,2,SUST::video::n_241
43,2,SUST::video::n_242
43,2,SUST::video::n_252
43,2,SUST::video::n_253
43,2,SUST::video::n_26
43,2,SUST::video::n_263
43,2,SUST::video::n_268
43,2,SUST::video::n_274
43,2,SUST::video::n_276
43,2,SUST::video::n_28
43,2,SUST::video::n_282
43,2,SUST::video::n_284
43,2,SUST::video::n_287
43,2,SUST::video::n_295
43,2,SUST::video::n_297
43,2,SUST::video::n_299
43,2,SUST::video::n_310
43,2,SUST::video::n_313
43,2,SUST::video::n_317
43,2,SUST::video::n_32
43,2,SUST::video::n_321
43,2,SUST::video::n_326
43,2,SUST::video::n_339
43,2,SUST::video::n_342
43,2,SUST::video::n_346
43,2,SUST::video::n_348
43,2,SUST::video::n_350
43,2,SUST::video::n_358
43,2,SUST::video::n_363
43,2,SUST::video::n_365
43,2,SUST::video::n_368
43,2,SUST::video::n_373
43,2,SUST::video::n_377
43,2,SUST::video::n_387
43,2,SUST::video::n_39
43,2,SUST::video::n_398
43,2,SUST::video::n_402
43,2,SUST::video::n_404
43,2,SUST::video::n_408
43,2,SUST::video::n_414
43,2,SUST::video::n_416
43,2,SUST::video::n_425
43,2,SUST::video::n_432
43,2,SUST::video::n_435
43,2,SUST::video::n_44
43,2,SUST::video::n_442
43,2,SUST::video::n_449
43,2,SUST::video::n_451
43,2,SUST::video::n_458
43,2,SUST::video::n_463
43,2,SUST::video::n_465
43,2,SUST::video::n_47
43,2,SUST::video::n_478
43,2,SUST::video::n_483
43,2,SUST::video::n_485
43,2,SUST::video::n_488
43,2,SUST::video::n_494
43,2,SUST::video::n_5
43,2,SUST::video::n_506
43,2,SUST::video::n_512
43,2,SUST::video::n_521
43,2,SUST::video::n_522
43,2,SUST::video::n_53
43,2,SUST::video::n_530
43,2,SUST::video::n_534
43,2,SUST::video::n_536
43,2,SUST::video::n_544
43,2,SUST::video::n_553
43,2,SUST::video::n_554
43,2,SUST::video::n_558
43,2,SUST::video::n_564
43,2,SUST::video::n_569
43,2,SUST::video::n_571
43,2,SUST::video::n_578
43,2,SUST::video::n_582
43,2,SUST::video::n_583
43,2,SUST::video::n_592
43,2,SUST::video::n_595
43,2,SUST::video::n_596
43,2,SUST::video::n_604
43,2,SUST::video::n_611
43,2,SUST::video::n_618
43,2,SUST::video::n_62
43,2,SUST::video::n_622
43,2,SUST::video::n_63
43,2,SUST::video::n_633
43,2,SUST::video::n_64
43,2,SUST::video::n_643
43,2,SUST::video::n_645
43,2,SUST::video::n_649
43,2,SUST::video::n_65
43,2,SUST::video::n_657
43,2,SUST::video::n_660
43,2,SUST::video::n_664
43,2,SUST::video::n_670
43,2,SUST::video::n_674
43,2,SUST::video::n_681
43,2,SUST::video::n_685
43,2,SUST::video::n_69
43,2,SUST::video::n_692
43,2,SUST::video::n_696
43,2,SUST::video::n_70
43,2,SUST::video::n_707
43,2,SUST::video::n_711
43,2,SUST::video::n_716
43,2,SUST::video::n_722
43,2,SUST::video::n_725
43,2,SUST::video::n_726
43,2,SUST::video::n_732
43,2,SUST::video::n_737
43,2,SUST::video::n_739
43,2,SUST::video::n_744
43,2,SUST::video::n_752
43,2,SUST::video::n_754
43,2,SUST::video::n_757
43,2,SUST::video::n_762
43,2,SUST::video::n_769
43,2,SUST::video::n_773
43,2,SUST::video::n_779
43,2,SUST::video::n_78
43,2,SUST::video::n_782
43,2,SUST::video::n_788
43,2,SUST::video::n_793
43,2,SUST::video::n_799
43,2,SUST::video::n_800
43,2,SUST::video::n_804
43,2,SUST::video::n_810
43,2,SUST::video::n_813
43,2,SUST::video::n_824
43,2,SUST::video::n_828
43,2,SUST::video::n_829
43,2,SUST::video::n_836
43,2,SUST::video::n_840
43,2,SUST::video::n_847
43,2,SUST::video::n_852
43,2,SUST::video::n_853
43,2,SUST::video::n_858
43,2,SUST::video::n_861
43,2,SUST::video::n_869
43,2,SUST::video::n_874
43,2,SUST::video::n_877
43,2,SUST::video::n_879
43,2,SUST::video::n_886
43,2,SUST::video::n_90
43,2,SUST::video::n_91
43,2,UTA::10
43,2,UTA::14
43,2,UTA::22
43,2,UTA::7
43,3,NTHU::001
43,3,NTHU::005
43,3,NTHU::1
43,3,NTHU::5
43,3,SUST::video::d_100
43,3,SUST::video::d_101
43,3,SUST::video::d_102
43,3,SUST::video::d_104
43,3,SUST::video::d_106
43,3,SUST::video::d_107
43,3,SUST::video::d_108
43,3,SUST::video::d_109
43,3,SUST::video::d_11
43,3,SUST::video::d_114
43,3,SUST::video::d_115
43,3,SUST::video::d_116
43,3,SUST::video::d_118
43,3,SUST::video::d_119
43,3,SUST::video::d_12
43,3,SUST::video::d_120
43,3,SUST::video::d_121
43,3,SUST::video::d_122
43,3,SUST::video::d_124
43,3,SUST::video::d_125
43,3,SUST::video::d_127
43,3,SUST::video::d_128
43,3,SUST::video::d_129
43,3,SUST::video::d_13
43,3,SUST::video::d_130
43,3,SUST::video::d_132
43,3,SUST::video::d_134
43,3,SUST::video::d_137
43,3,SUST::video::d_14
43,3,SUST::video::d_140
43,3,SUST::video::d_142
43,3,SUST::video::d_143
43,3,SUST::video::d_144
43,3,SUST::video::d_145
43,3,SUST::video::d_146
43,3,SUST::video::d_148
43,3,SUST::video::d_149
43,3,SUST::video::d_151
43,3,SUST::video::d_152
43,3,SUST::video::d_155
43,3,SUST::video::d_157
43,3,SUST::video::d_159
43,3,SUST::video::d_162
43,3,SUST::video::d_163
43,3,SUST::video::d_165
43,3,SUST::video::d_17
43,3,SUST::video::d_173
43,3,SUST::video::d_175
43,3,SUST::video::d_18
43,3,SUST::video::d_181
43,3,SUST::video::d_185
43,3,SUST::video::d_186
43,3,SUST::video::d_187
43,3,SUST::video::d_19
43,3,SUST::video::d_193
43,3,SUST::video::d_195
43,3,SUST::video::d_196
43,3,SUST::video::d_199
43,3,SUST::video::d_2
43,3,SUST::video::d_203
43,3,SUST::video::d_205
43,3,SUST::video::d_207
43,3,SUST::video::d_209
43,3,SUST::video::d_212
43,3,SUST::video::d_215
43,3,SUST::video::d_217
43,3,SUST::video::d_220
43,3,SUST::video::d_221
43,3,SUST::video::d_225
43,3,SUST::video::d_229
43,3,SUST::video::d_230
43,3,SUST::video::d_232
43,3,SUST::video::d_236
43,3,SUST::video::d_237
43,3,SUST::video::d_238
43,3,SUST::video::d_24
43,3,SUST::video::d_243
43,3,SUST::video::d_244
43,3,SUST::video::d_247
43,3,SUST::video::d_251
43,3,SUST::video::d_253
43,3,SUST::video::d_255
43,3,SUST::video::d_259
43,3,SUST::video::d_263
43,3,SUST::video::d_266
43,3,SUST::video::d_27
43,3,SUST::video::d_270
43,3,SUST::video::d_274
43,3,SUST::video::d_276
43,3,SUST::video::d_281
43,3,SUST::video::d_283
43,3,SUST::video::d_284
43,3,SUST::video::d_287
43,3,SUST::video::d_290
43,3,SUST::video::d_291
43,3,SUST::video::d_294
43,3,SUST::video::d_298
43,3,SUST::video::d_301
43,3,SUST::video::d_302
43,3,SUST::video::d_306
43,3,SUST::video::d_308
43,3,SUST::video::d_31
43,3,SUST::video::d_314
43,3,SUST::video::d_316
43,3,SUST::video::d_317
43,3,SUST::video::d_320
43,3,SUST::video::d_322
43,3,SUST::video::d_326
43,3,SUST::video::d_33
43,3,SUST::video::d_330
43,3,SUST::video::d_331
43,3,SUST::video::d_336
43,3,SUST::video::d_337
43,3,SUST::video::d_34
43,3,SUST::video::d_343
43,3,SUST::video::d_346
43,3,SUST::video::d_350
43,3,SUST::video::d_351
43,3,SUST::video::d_353
43,3,SUST::video::d_357
43,3,SUST::video::d_360
43,3,SUST::video::d_364
43,3,SUST::video::d_368
43,3,SUST::video::d_369
43,3,SUST::video::d_372
43,3,SUST::video::d_376
43,3,SUST::video::d_38
43,3,SUST::video::d_382
43,3,SUST::video::d_386
43,3,SUST::video::d_390
43,3,SUST::video::d_392
43,3,SUST::video::d_395
43,3,SUST::video::d_396
43,3,SUST::video::d_399
43,3,SUST::video::d_40
43,3,SUST::video::d_405
43,3,SUST::video::d_408
43,3,SUST::video::d_409
43,3,SUST::video::d_411
43,3,SUST::video::d_414
43,3,SUST::video::d_417
43,3,SUST::video::d_42
43,3,SUST::video::d_422
43,3,SUST::video::d_426
43,3,SUST::video::d_430
43,3,SUST::video::d_436
43,3,SUST::video::d_437
43,3,SUST::video::d_443
43,3,SUST::video::d_444
43,3,SUST::video::d_449
43,3,SUST::video::d_455
43,3,SUST::video::d_457
43,3,SUST::video::d_459
43,3,SUST::video::d_463
43,3,SUST::video::d_466
43,3,SUST::video::d_472
43,3,SUST::video::d_474
43,3,SUST::video::d_475
43,3,SUST::video::d_482
43,3,SUST::video::d_483
43,3,SUST::video::d_487
43,3,SUST::video::d_492
43,3,SUST::video::d_496
43,3,SUST::video::d_5
43,3,SUST::video::d_50
43,3,SUST::video::d_503
43,3,SUST::video::d_507
43,3,SUST::video::d_514
43,3,SUST::video::d_52
43,3,SUST::video::d_522
43,3,SUST::video::d_528
43,3,SUST::video::d_529
43,3,SUST::video::d_534
43,3,SUST::video::d_537
43,3,SUST::video::d_538
43,3,SUST::video::d_541
43,3,SUST::video::d_544
43,3,SUST::video::d_550
43,3,SUST::video::d_557
43,3,SUST::video::d_560
43,3,SUST::video::d_564
43,3,SUST::video::d_568
43,3,SUST::video::d_576
43,3,SUST::video::d_577
43,3,SUST::video::d_578
43,3,SUST::video::d_583
43,3,SUST::video::d_584
43,3,SUST::video::d_590
43,3,SUST::video::d_591
43,3,SUST::video::d_596
43,3,SUST::video::d_598
43,3,SUST::video::d_604
43,3,SUST::video::d_607
43,3,SUST::video::d_611
43,3,SUST::video::d_612
43,3,SUST::video::d_614
43,3,SUST::video::d_619
43,3,SUST::video::d_625
43,3,SUST::video::d_628
43,3,SUST::video::d_632
43,3,SUST::video::d_64
43,3,SUST::video::d_644
43,3,SUST::video::d_649
43,3,SUST::video::d_653
43,3,SUST::video::d_655
43,3,SUST::video::d_660
43,3,SUST::video::d_662
43,3,SUST::video::d_665
43,3,SUST::video::d_667
43,3,SUST::video::d_676
43,3,SUST::video::d_682
43,3,SUST::video::d_685
43,3,SUST::video::d_689
43,3,SUST::video::d_692
43,3,SUST::video::d_701
43,3,SUST::video::d_704
43,3,SUST::video::d_708
43,3,SUST::video::d_71
43,3,SUST::video::d_711
43,3,SUST::video::d_718
43,3,SUST::video::d_723
43,3,SUST::video::d_731
43,3,SUST::video::d_732
43,3,SUST::video::d_737
43,3,SUST::video::d_741
43,3,SUST::video::d_75
43,3,SUST::video::d_752
43,3,SUST::video::d_753
43,3,SUST::video::d_758
43,3,SUST::video::d_762
43,3,SUST::video::d_763
43,3,SUST::video::d_77
43,3,SUST::video::d_770
43,3,SUST::video::d_775
43,3,SUST::video::d_784
43,3,SUST::video::d_85
43,3,SUST::video::d_87
43,3,SUST::video::d_88
43,3,SUST::video::d_90
43,3,SUST::video::d_93
43,3,SUST::video::n_1
43,3,SUST::video::n_107
43,3,SUST::video::n_109
43,3,SUST::video::n_110
43,3,SUST::video::n_114
43,3,SUST::video::n_118
43,3,SUST::video::n_126
43,3,SUST::video::n_132
43,3,SUST::video::n_135
43,3,SUST::video::n_141
43,3,SUST::video::n_148
43,3,SUST::video::n_152
43,3,SUST::video::n_155
43,3,SUST::video::n_161
43,3,SUST::video::n_162
43,3,SUST::video::n_171
43,3,SUST::video::n_172
43,3,SUST::video::n_177
43,3,SUST::video::n_179
43,3,SUST::video::n_186
43,3,SUST::video::n_191
43,3,SUST::video::n_192
43,3,SUST::video::n_195
43,3,SUST::video::n_2
43,3,SUST::video::n_209
43,3,SUST::video::n_21
43,3,SUST::video::n_210
43,3,SUST::video::n_220
43,3,SUST::video::n_226
43,3,SUST::video::n_228
43,3,SUST::video::n_23
43,3,SUST::video::n_234
43,3,SUST::video::n_238
43,3,SUST::video::n_239
43,3,SUST::video::n_245
43,3,SUST::video::n_249
43,3,SUST::video::n_255
43,3,SUST::video::n_258
43,3,SUST::video::n_261
43,3,SUST::video::n_266
43,3,SUST::video::n_273
43,3,SUST::video::n_278
43,3,SUST::video::n_281
43,3,SUST::video::n_285
43,3,SUST::video::n_291
43,3,SUST::video::n_292
43,3,SUST::video::n_293
43,3,SUST::video::n_302
43,3,SUST::video::n_305
43,3,SUST::video::n_307
43,3,SUST::video::n_31
43,3,SUST::video::n_318
43,3,SUST::video::n_323
43,3,SUST::video::n_331
43,3,SUST::video::n_332
43,3,SUST::video::n_334
43,3,SUST::video::n_336
43,3,SUST::video::n_343
43,3,SUST::video::n_353
43,3,SUST::video::n_357
43,3,SUST::video::n_36
43,3,SUST::video::n_364
43,3,SUST::video::n_371
43,3,SUST::video::n_374
43,3,SUST::video::n_381
43,3,SUST::video::n_383
43,3,SUST::video::n_385
43,3,SUST::video::n_390
43,3,SUST::video::n_395
43,3,SUST::video::n_401
43,3,SUST::video::n_410
43,3,SUST::video::n_411
43,3,SUST::video::n_415
43,3,SUST::video::n_42
43,3,SUST::video::n_423
43,3,SUST::video::n_43
43,3,SUST::video::n_439
43,3,SUST::video::n_440
43,3,SUST::video::n_448
43,3,SUST::video::n_453
43,3,SUST::video::n_456
43,3,SUST::video::n_460
43,3,SUST::video::n_461
43,3,SUST::video::n_467
43,3,SUST::video::n_472
43,3,SUST::video::n_475
43,3,SUST::video::n_476
43,3,SUST::video::n_484
43,3,SUST::video::n_49
43,3,SUST::video::n_493
43,3,SUST::video::n_50
43,3,SUST::video::n_500
43,3,SUST::video::n_51
43,3,SUST::video::n_515
43,3,SUST::video::n_516
43,3,SUST::video::n_519
43,3,SUST::video::n_526
43,3,SUST::video::n_529
43,3,SUST::video::n_538
43,3,SUST::video::n_540
43,3,SUST::video::n_546
43,3,SUST::video::n_547
43,3,SUST::video::n_551
43,3,SUST::video::n_552
43,3,SUST::video::n_560
43,3,SUST::video::n_565
43,3,SUST::video::n_57
43,3,SUST::video::n_570
43,3,SUST::video::n_575
43,3,SUST::video::n_585
43,3,SUST::video::n_587
43,3,SUST::video::n_589
43,3,SUST::video::n_591
43,3,SUST::video::n_6
43,3,SUST::video::n_601
43,3,SUST::video::n_605
43,3,SUST::video::n_609
43,3,SUST::video::n_617
43,3,SUST::video::n_623
43,3,SUST::video::n_624
43,3,SUST::video::n_629
43,3,SUST::video::n_637
43,3,SUST::video::n_639
43,3,SUST::video::n_644
43,3,SUST::video::n_652
43,3,SUST::video::n_653
43,3,SUST::video::n_655
43,3,SUST::video::n_667
43,3,SUST::video::n_668
43,3,SUST::video::n_67
43,3,SUST::video::n_675
43,3,SUST::video::n_679
43,3,SUST::video::n_683
43,3,SUST::video::n_686
43,3,SUST::video::n_688
43,3,SUST::video::n_689
43,3,SUST::video::n_697
43,3,SUST::video::n_702
43,3,SUST::video::n_703
43,3,SUST::video::n_704
43,3,SUST::video::n_712
43,3,SUST::video::n_718
43,3,SUST::video::n_721
43,3,SUST::video::n_728
43,3,SUST::video::n_734
43,3,SUST::video::n_736
43,3,SUST::video::n_740
43,3,SUST::video::n_743
43,3,SUST::video::n_749
43,3,SUST::video::n_751
43,3,SUST::video::n_76
43,3,SUST::video::n_763
43,3,SUST::video::n_766
43,3,SUST::video::n_771
43,3,SUST::video::n_774
43,3,SUST::video::n_775
43,3,SUST::video::n_783
43,3,SUST::video::n_791
43,3,SUST::video::n_795
43,3,SUST::video::n_80
43,3,SUST::video::n_803
43,3,SUST::video::n_806
43,3,SUST::video::n_808
43,3,SUST::video::n_811
43,3,SUST::video::n_819
43,3,SUST::video::n_821
43,3,SUST::video::n_83
43,3,SUST::video::n_831
43,3,SUST::video::n_834
43,3,SUST::video::n_843
43,3,SUST::video::n_844
43,3,SUST::video::n_845
43,3,SUST::video::n_850
43,3,SUST::video::n_857
43,3,SUST::video::n_863
43,3,SUST::video::n_865
43,3,SUST::video::n_876
43,3,SUST::video::n_881
43,3,SUST::video::n_882
43,3,SUST::video::n_885
43,3,SUST::video::n_97
43,3,UTA::19
43,3,UTA::20
43,3,UTA::23
43,3,UTA::26
43,4,SUST::video::d_103
43,4,SUST::video::d_105
43,4,SUST::video::d_111
43,4,SUST::video::d_117
43,4,SUST::video::d_123
43,4,SUST::video::d_131
43,4,SUST::video::d_133
43,4,SUST::video::d_139
43,4,SUST::video::d_150
43,4,SUST::video::d_153
43,4,SUST::video::d_156
43,4,SUST::video::d_158
43,4,SUST::video::d_16
43,4,SUST::video::d_160
43,4,SUST::video::d_164
43,4,SUST::video::d_167
43,4,SUST::video::d_169
43,4,SUST::video::d_172
43,4,SUST::video::d_176
43,4,SUST::video::d_178
43,4,SUST::video::d_182
43,4,SUST::video::d_184
43,4,SUST::video::d_188
43,4,SUST::video::d_189
43,4,SUST::video::d_190
43,4,SUST::video::d_191
43,4,SUST::video::d_192
43,4,SUST::video::d_197
43,4,SUST::video::d_20
43,4,SUST::video::d_204
43,4,SUST::video::d_206
43,4,SUST::video::d_208
43,4,SUST::video::d_211
43,4,SUST::video::d_216
43,4,SUST::video::d_218
43,4,SUST::video::d_22
43,4,SUST::video::d_222
43,4,SUST::video::d_224
43,4,SUST::video::d_226
43,4,SUST::video::d_227
43,4,SUST::video::d_231
43,4,SUST::video::d_233
43,4,SUST::video::d_239
43,4,SUST::video::d_240
43,4,SUST::video::d_242
43,4,SUST::video::d_246
43,4,SUST::video::d_248
43,4,SUST::video::d_25
43,4,SUST::video::d_254
43,4,SUST::video::d_258
43,4,SUST::video::d_26
43,4,SUST::video::d_260
43,4,SUST::video::d_261
43,4,SUST::video::d_265
43,4,SUST::video::d_271
43,4,SUST::video::d_273
43,4,SUST::video::d_275
43,4,SUST::video::d_277
43,4,SUST::video::d_28
43,4,SUST::video::d_280
43,4,SUST::video::d_282
43,4,SUST::video::d_286
43,4,SUST::video::d_288
43,4,SUST::video::d_289
43,4,SUST::video::d_292
43,4,SUST::video::d_293
43,4,SUST::video::d_3
43,4,SUST::video::d_30
43,4,SUST::video::d_303
43,4,SUST::video::d_305
43,4,SUST::video::d_310
43,4,SUST::video::d_311
43,4,SUST::video::d_315
43,4,SUST::video::d_319
43,4,SUST::video::d_32
43,4,SUST::video::d_323
43,4,SUST::video::d_325
43,4,SUST::video::d_327
43,4,SUST::video::d_332
43,4,SUST::video::d_333
43,4,SUST::video::d_335
43,4,SUST::video::d_342
43,4,SUST::video::d_344
43,4,SUST::video::d_347
43,4,SUST::video::d_35
43,4,SUST::video::d_352
43,4,SUST::video::d_354
43,4,SUST::video::d_355
43,4,SUST::video::d_358
43,4,SUST::video::d_361
43,4,SUST::video::d_365
43,4,SUST::video::d_366
43,4,SUST::video::d_367
43,4,SUST::video::d_370
43,4,SUST::video::d_373
43,4,SUST::video::d_375
43,4,SUST::video::d_377
43,4,SUST::video::d_381
43,4,SUST::video::d_383
43,4,SUST::video::d_384
43,4,SUST::video::d_39
43,4,SUST::video::d_391
43,4,SUST::video::d_394
43,4,SUST::video::d_398
43,4,SUST::video::d_4
43,4,SUST::video::d_402
43,4,SUST::video::d_404
43,4,SUST::video::d_410
43,4,SUST::video::d_412
43,4,SUST::video::d_416
43,4,SUST::video::d_418
43,4,SUST::video::d_421
43,4,SUST::video::d_427
43,4,SUST::video::d_428
43,4,SUST::video::d_429
43,4,SUST::video::d_433
43,4,SUST::video::d_438
43,4,SUST::video::d_440
43,4,SUST::video::d_446
43,4,SUST::video::d_447
43,4,SUST::video::d_452
43,4,SUST::video::d_458
43,4,SUST::video::d_46
43,4,SUST::video::d_464
43,4,SUST::video::d_468
43,4,SUST::video::d_471
43,4,SUST::video::d_476
43,4,SUST::video::d_480
43,4,SUST::video::d_481
43,4,SUST::video::d_486
43,4,SUST::video::d_489
43,4,SUST::video::d_490
43,4,SUST::video::d_497
43,4,SUST::video::d_500
43,4,SUST::video::d_502
43,4,SUST::video::d_508
43,4,SUST::video::d_513
43,4,SUST::video::d_518
43,4,SUST::video::d_520
43,4,SUST::video::d_524
43,4,SUST::video::d_525
43,4,SUST::video::d_533
43,4,SUST::video::d_539
43,4,SUST::video::d_542
43,4,SUST::video::d_543
43,4,SUST::video::d_546
43,4,SUST::video::d_55
43,4,SUST::video::d_555
43,4,SUST::video::d_558
43,4,SUST::video::d_563
43,4,SUST::video::d_569
43,4,SUST::video::d_57
43,4,SUST::video::d_570
43,4,SUST::video::d_572
43,4,SUST::video::d_581
43,4,SUST::video::d_586
43,4,SUST::video::d_592
43,4,SUST::video::d_593
43,4,SUST::video::d_599
43,4,SUST::video::d_602
43,4,SUST::video::d_606
43,4,SUST::video::d_613
43,4,SUST::video::d_615
43,4,SUST::video::d_62
43,4,SUST::video::d_621
43,4,SUST::video::d_627
43,4,SUST::video::d_629
43,4,SUST::video::d_633
43,4,SUST::video::d_640
43,4,SUST::video::d_641
43,4,SUST::video::d_642
43,4,SUST::video::d_650
43,4,SUST::video::d_651
43,4,SUST::video::d_66
43,4,SUST::video::d_664
43,4,SUST::video::d_669
43,4,SUST::video::d_670
43,4,SUST::video::d_677
43,4,SUST::video::d_679
43,4,SUST::video::d_68
43,4,SUST::video::d_687
43,4,SUST::video::d_688
43,4,SUST::video::d_695
43,4,SUST::video::d_7
43,4,SUST::video::d_705
43,4,SUST::video::d_709
43,4,SUST::video::d_712
43,4,SUST::video::d_714
43,4,SUST::video::d_719
43,4,SUST::video::d_721
43,4,SUST::video::d_722
43,4,SUST::video::d_726
43,4,SUST::video::d_73
43,4,SUST::video::d_738
43,4,SUST::video::d_739
43,4,SUST::video::d_740
43,4,SUST::video::d_748
43,4,SUST::video::d_750
43,4,SUST::video::d_755
43,4,SUST::video::d_759
43,4,SUST::video::d_768
43,4,SUST::video::d_771
43,4,SUST::video::d_774
43,4,SUST::video::d_776
43,4,SUST::video::d_779
43,4,SUST::video::d_79
43,4,SUST::video::d_8
43,4,SUST::video::d_86
43,4,SUST::video::d_92
43,4,SUST::video::d_94
43,4,SUST::video::d_98
43,4,SUST::video::n_101
43,4,SUST::video::n_108
43,4,SUST::video::n_117
43,4,SUST::video::n_119
43,4,SUST::video::n_127
43,4,SUST::video::n_128
43,4,SUST::video::n_129
43,4,SUST::video::n_139
43,4,SUST::video::n_14
43,4,SUST::video::n_147
43,4,SUST::video::n_15
43,4,SUST::video::n_151
43,4,SUST::video::n_16
43,4,SUST::video::n_160
43,4,SUST::video::n_165
43,4,SUST::video::n_170
43,4,SUST::video::n_174
43,4,SUST::video::n_180
43,4,SUST::video::n_181
43,4,SUST::video::n_185
43,4,SUST::video::n_190
43,4,SUST::video::n_196
43,4,SUST::video::n_20
43,4,SUST::video::n_200
43,4,SUST::video::n_207
43,4,SUST::video::n_216
43,4,SUST::video::n_217
43,4,SUST::video::n_218
43,4,SUST::video::n_223
43,4,SUST::video::n_229
43,4,SUST::video::n_230
43,4,SUST::video::n_232
43,4,SUST::video::n_24
43,4,SUST::video::n_244
43,4,SUST::video::n_25
43,4,SUST::video::n_259
43,4,SUST::video::n_260
43,4,SUST::video::n_264
43,4,SUST::video::n_267
43,4,SUST::video::n_275
43,4,SUST::video::n_277
43,4,SUST::video::n_280
43,4,SUST::video::n_286
43,4,SUST::video::n_290
43,4,SUST::video::n_296
43,4,SUST::video::n_3
43,4,SUST::video::n_304
43,4,SUST::video::n_306
43,4,SUST::video::n_308
43,4,SUST::video::n_309
43,4,SUST::video::n_315
43,4,SUST::video::n_320
43,4,SUST::video::n_327
43,4,SUST::video::n_328
43,4,SUST::video::n_337
43,4,SUST::video::n_34
43,4,SUST::video::n_341
43,4,SUST::video::n_347
43,4,SUST::video::n_355
43,4,SUST::video::n_359
43,4,SUST::video::n_361
43,4,SUST::video::n_362
43,4,SUST::video::n_369
43,4,SUST::video::n_372
43,4,SUST::video::n_379
43,4,SUST::video::n_384
43,4,SUST::video::n_391
43,4,SUST::video::n_396
43,4,SUST::video::n_399
43,4,SUST::video::n_40
43,4,SUST::video::n_409
43,4,SUST::video::n_413
43,4,SUST::video::n_418
43,4,SUST::video::n_420
43,4,SUST::video::n_421
43,4,SUST::video::n_429
43,4,SUST::video::n_430
43,4,SUST::video::n_433
43,4,SUST::video::n_444
43,4,SUST::video::n_445
43,4,SUST::video::n_452
43,4,SUST::video::n_459
43,4,SUST::video::n_462
43,4,SUST::video::n_466
43,4,SUST::video::n_473
43,4,SUST::video::n_479
43,4,SUST::video::n_48
43,4,SUST::video::n_481
43,4,SUST::video::n_482
43,4,SUST::video::n_490
43,4,SUST::video::n_491
43,4,SUST::video::n_496
43,4,SUST::video::n_503
43,4,SUST::video::n_505
43,4,SUST::video::n_507
43,4,SUST::video::n_514
43,4,SUST::video::n_520
43,4,SUST::video::n_525
43,4,SUST::video::n_528
43,4,SUST::video::n_539
43,4,SUST::video::n_54
43,4,SUST::video::n_541
43,4,SUST::video::n_55
43,4,SUST::video::n_555
43,4,SUST::video::n_556
43,4,SUST::video::n_566
43,4,SUST::video::n_568
43,4,SUST::video::n_576
43,4,SUST::video::n_577
43,4,SUST::video::n_579
43,4,SUST::video::n_58
43,4,SUST::video::n_594
43,4,SUST::video::n_60
43,4,SUST::video::n_600
43,4,SUST::video::n_602
43,4,SUST::video::n_606
43,4,SUST::video::n_61
43,4,SUST::video::n_612
43,4,SUST::video::n_613
43,4,SUST::video::n_625
43,4,SUST::video::n_626
43,4,SUST::video::n_634
43,4,SUST::video::n_638
43,4,SUST::video::n_646
43,4,SUST::video::n_647
43,4,SUST::video::n_654
43,4,SUST::video::n_658
43,4,SUST::video::n_659
43,4,SUST::video::n_662
43,4,SUST::video::n_669
43,4,SUST::video::n_676
43,4,SUST::video::n_677
43,4,SUST::video::n_68
43,4,SUST::video::n_687
43,4,SUST::video::n_693
43,4,SUST::video::n_699
43,4,SUST::video::n_705
43,4,SUST::video::n_708
43,4,SUST::video::n_709
43,4,SUST::video::n_717
43,4,SUST::video::n_719
43,4,SUST::video::n_727
43,4,SUST::video::n_73
43,4,SUST::video::n_738
43,4,SUST::video::n_745
43,4,SUST::video::n_746
43,4,SUST::video::n_747
43,4,SUST::video::n_755
43,4,SUST::video::n_758
43,4,SUST::video::n_764
43,4,SUST::video::n_768
43,4,SUST::video::n_777
43,4,SUST::video::n_778
43,4,SUST::video::n_780
43,4,SUST::video::n_787
43,4,SUST::video::n_794
43,4,SUST::video::n_797
43,4,SUST::video::n_807
43,4,SUST::video::n_809
43,4,SUST::video::n_815
43,4,SUST::video::n_817
43,4,SUST::video::n_823
43,4,SUST::video::n_826
43,4,SUST::video::n_827
43,4,SUST::video::n_833
43,4,SUST::video::n_837
43,4,SUST::video::n_846
43,4,SUST::video::n_851
43,4,SUST::video::n_859
43,4,SUST::video::n_860
43,4,SUST::video::n_866
43,4,SUST::video::n_868
43,4,SUST::video::n_87
43,4,SUST::video::n_88
43,4,SUST::video::n_880
43,4,SUST::video::n_883
43,4,SUST::video::n_94
43,4,UTA::13
43,4,UTA::15
43,4,UTA::21
43,4,UTA::25
43,4,UTA::8
43,4,UTA::9
44,0,SUST::video::d_102
44,0,SUST::video::d_105
44,0,SUST::video::d_12
44,0,SUST::video::d_123
44,0,SUST::video::d_130
44,0,SUST::video::d_145
44,0,SUST::video::d_166
44,0,SUST::video::d_176
44,0,SUST::video::d_191
44,0,SUST::video::d_197
44,0,SUST::video::d_222
44,0,SUST::video::d_241
44,0,SUST::video::d_254
44,0,SUST::video::d_275
44,0,SUST::video::d_28
44,0,SUST::video::d_299
44,0,SUST::video::d_304
44,0,SUST::video::d_330
44,0,SUST::video::d_367
44,0,SUST::video::d_368
44,0,SUST::video::d_388
44,0,SUST::video::d_401
44,0,SUST::video::d_426
44,0,SUST::video::d_427
44,0,SUST::video::d_439
44,0,SUST::video::d_456
44,0,SUST::video::d_477
44,0,SUST::video::d_478
44,0,SUST::video::d_481
44,0,SUST::video::d_51
44,0,SUST::video::d_524
44,0,SUST::video::d_54
44,0,SUST::video::d_555
44,0,SUST::video::d_557
44,0,SUST::video::d_57
44,0,SUST::video::d_572
44,0,SUST::video::d_578
44,0,SUST::video::d_584
44,0,SUST::video::d_596
44,0,SUST::video::d_597
44,0,SUST::video::d_606
44,0,SUST::video::d_609
44,0,SUST::video::d_62
44,0,SUST::video::d_620
44,0,SUST::video::d_631
44,0,SUST::video::d_632
44,0,SUST::video::d_642
44,0,SUST::video::d_647
44,0,SUST::video::d_651
44,0,SUST::video::d_655
44,0,SUST::video::d_672
44,0,SUST::video::d_680
44,0,SUST::video::d_686
44,0,SUST::video::d_698
44,0,SUST::video::d_705
44,0,SUST::video::d_707
44,0,SUST::video::d_713
44,0,SUST::video::d_714
44,0,SUST::video::d_718
44,0,SUST::video::d_73
44,0,SUST::video::d_742
44,0,SUST::video::d_746
44,0,SUST::video::d_752
44,0,SUST::video::d_756
44,0,SUST::video::d_761
44,0,SUST::video::d_771
44,0,SUST::video::d_8
44,0,SUST::video::d_87
44,0,SUST::video::d_92
44,0,SUST::video::d_94
44,0,SUST::video::n_102
44,0,SUST::video::n_107
44,0,SUST::video::n_11
44,0,SUST::video::n_112
44,0,SUST::video::n_120
44,0,SUST::video::n_124
44,0,SUST::video::n_142
44,0,SUST::video::n_146
44,0,SUST::video::n_147
44,0,SUST::video::n_156
44,0,SUST::video::n_162
44,0,SUST::video::n_171
44,0,SUST::video::n_174
44,0,SUST::video::n_185
44,0,SUST::video::n_188
44,0,SUST::video::n_20
44,0,SUST::video::n_216
44,0,SUST::video::n_225
44,0,SUST::video::n_226
44,0,SUST::video::n_23
44,0,SUST::video::n_243
44,0,SUST::video::n_256
44,0,SUST::video::n_266
44,0,SUST::video::n_267
44,0,SUST::video::n_268
44,0,SUST::video::n_270
44,0,SUST::video::n_277
44,0,SUST::video::n_281
44,0,SUST::video::n_285
44,0,SUST::video::n_295
44,0,SUST::video::n_298
44,0,SUST::video::n_299
44,0,SUST::video::n_307
44,0,SUST::video::n_311
44,0,SUST::video::n_316
44,0,SUST::video::n_320
44,0,SUST::video::n_327
44,0,SUST::video::n_329
44,0,SUST::video::n_342
44,0,SUST::video::n_344
44,0,SUST::video::n_347
44,0,SUST::video::n_353
44,0,SUST::video::n_356
44,0,SUST::video::n_360
44,0,SUST::video::n_367
44,0,SUST::video::n_368
44,0,SUST::video::n_374
44,0,SUST::video::n_381
44,0,SUST::video::n_383
44,0,SUST::video::n_385
44,0,SUST::video::n_396
44,0,SUST::video::n_397
44,0,SUST::video::n_402
44,0,SUST::video::n_406
44,0,SUST::video::n_415
44,0,SUST::video::n_417
44,0,SUST::video::n_418
44,0,SUST::video::n_425
44,0,SUST::video::n_429
44,0,SUST::video::n_430
44,0,SUST::video::n_438
44,0,SUST::video::n_447
44,0,SUST::video::n_452
44,0,SUST::video::n_459
44,0,SUST::video::n_462
44,0,SUST::video::n_464
44,0,SUST::video::n_466
44,0,SUST::video::n_47
44,0,SUST::video::n_478
44,0,SUST::video::n_480
44,0,SUST::video::n_486
44,0,SUST::video::n_492
44,0,SUST::video::n_495
44,0,SUST::video::n_501
44,0,SUST::video::n_503
44,0,SUST::video::n_508
44,0,SUST::video::n_511
44,0,SUST::video::n_518
44,0,SUST::video::n_523
44,0,SUST::video::n_526
44,0,SUST::video::n_531
44,0,SUST::video::n_536
44,0,SUST::video::n_539
44,0,SUST::video::n_54
44,0,SUST::video::n_549
44,0,SUST::video::n_55
44,0,SUST::video::n_558
44,0,SUST::video::n_565
44,0,SUST::video::n_569
44,0,SUST::video::n_570
44,0,SUST::video::n_577
44,0,SUST::video::n_581
44,0,SUST::video::n_588
44,0,SUST::video::n_591
44,0,SUST::video::n_593
44,0,SUST::video::n_60
44,0,SUST::video::n_603
44,0,SUST::video::n_609
44,0,SUST::video::n_615
44,0,SUST::video::n_618
44,0,SUST::video::n_622
44,0,SUST::video::n_628
44,0,SUST::video::n_629
44,0,SUST::video::n_639
44,0,SUST::video::n_640
44,0,SUST::video::n_643
44,0,SUST::video::n_645
44,0,SUST::video::n_652
44,0,SUST::video::n_661
44,0,SUST::video::n_662
44,0,SUST::video::n_674
44,0,SUST::video::n_675
44,0,SUST::video::n_676
44,0,SUST::video::n_677
44,0,SUST::video::n_684
44,0,SUST::video::n_687
44,0,SUST::video::n_697
44,0,SUST::video::n_698
44,0,SUST::video::n_708
44,0,SUST::video::n_71
44,0,SUST::video::n_711
44,0,SUST::video::n_716
44,0,SUST::video::n_722
44,0,SUST::video::n_729
44,0,SUST::video::n_730
44,0,SUST::video::n_737
44,0,SUST::video::n_742
44,0,SUST::video::n_743
44,0,SUST::video::n_751
44,0,SUST::video::n_756
44,0,SUST::video::n_761
44,0,SUST::video::n_765
44,0,SUST::video::n_771
44,0,SUST::video::n_774
44,0,SUST::video::n_784
44,0,SUST::video::n_786
44,0,SUST::video::n_787
44,0,SUST::video::n_796
44,0,SUST::video::n_80
44,0,SUST::video::n_801
44,0,SUST::video::n_804
44,0,SUST::video::n_81
44,0,SUST::video::n_811
44,0,SUST::video::n_823
44,0,SUST::video::n_824
44,0,SUST::video::n_825
44,0,SUST::video::n_833
44,0,SUST::video::n_836
44,0,SUST::video::n_840
44,0,SUST::video::n_847
44,0,SUST::video::n_856
44,0,SUST::video::n_859
44,0,SUST::video::n_860
44,0,SUST::video::n_861
44,0,SUST::video::n_868
44,0,SUST::video::n_870
44,0,SUST::video::n_874
44,0,SUST::video::n_877
44,0,SUST::video::n_880
44,0,SUST::video::n_885
44,0,SUST::video::n_95
44,0,SUST::video::n_96
44,0,SUST::video::n_97
44,0,UTA::18
44,0,UTA::19
44,0,UTA::22
44,1,NTHU::005
44,1,SUST::video::d_109
44,1,SUST::video::d_120
44,1,SUST::video::d_125
44,1,SUST::video::d_134
44,1,SUST::video::d_158
44,1,SUST::video::d_160
44,1,SUST::video::d_17
44,1,SUST::video::d_182
44,1,SUST::video::d_187
44,1,SUST::video::d_193
44,1,SUST::video::d_198
44,1,SUST::video::d_204
44,1,SUST::video::d_206
44,1,SUST::video::d_211
44,1,SUST::video::d_213
44,1,SUST::video::d_218
44,1,SUST::video::d_221
44,1,SUST::video::d_232
44,1,SUST::video::d_237
44,1,SUST::video::d_246
44,1,SUST::video::d_258
44,1,SUST::video::d_263
44,1,SUST::video::d_264
44,1,SUST::video::d_265
44,1,SUST::video::d_273
44,1,SUST::video::d_281
44,1,SUST::video::d_287
44,1,SUST::video::d_293
44,1,SUST::video::d_296
44,1,SUST::video::d_301
44,1,SUST::video::d_302
44,1,SUST::video::d_311
44,1,SUST::video::d_315
44,1,SUST::video::d_320
44,1,SUST::video::d_328
44,1,SUST::video::d_333
44,1,SUST::video::d_341
44,1,SUST::video::d_35
44,1,SUST::video::d_355
44,1,SUST::video::d_359
44,1,SUST::video::d_36
44,1,SUST::video::d_369
44,1,SUST::video::d_375
44,1,SUST::video::d_38
44,1,SUST::video::d_381
44,1,SUST::video::d_386
44,1,SUST::video::d_39
44,1,SUST::video::d_393
44,1,SUST::video::d_398
44,1,SUST::video::d_409
44,1,SUST::video::d_411
44,1,SUST::video::d_412
44,1,SUST::video::d_413
44,1,SUST::video::d_42
44,1,SUST::video::d_422
44,1,SUST::video::d_429
44,1,SUST::video::d_432
44,1,SUST::video::d_437
44,1,SUST::video::d_442
44,1,SUST::video::d_443
44,1,SUST::video::d_448
44,1,SUST::video::d_450
44,1,SUST::video::d_451
44,1,SUST::video::d_455
44,1,SUST::video::d_458
44,1,SUST::video::d_461
44,1,SUST::video::d_466
44,1,SUST::video::d_468
44,1,SUST::video::d_473
44,1,SUST::video::d_48
44,1,SUST::video::d_484
44,1,SUST::video::d_488
44,1,SUST::video::d_49
44,1,SUST::video::d_493
44,1,SUST::video::d_499
44,1,SUST::video::d_50
44,1,SUST::video::d_501
44,1,SUST::video::d_502
44,1,SUST::video::d_508
44,1,SUST::video::d_513
44,1,SUST::video::d_516
44,1,SUST::video::d_522
44,1,SUST::video::d_525
44,1,SUST::video::d_53
44,1,SUST::video::d_534
44,1,SUST::video::d_540
44,1,SUST::video::d_542
44,1,SUST::video::d_547
44,1,SUST::video::d_552
44,1,SUST::video::d_553
44,1,SUST::video::d_558
44,1,SUST::video::d_563
44,1,SUST::video::d_565
44,1,SUST::video::d_567
44,1,SUST::video::d_575
44,1,SUST::video::d_580
44,1,SUST::video::d_586
44,1,SUST::video::d_588
44,1,SUST::video::d_590
44,1,SUST::video::d_599
44,1,SUST::video::d_6
44,1,SUST::video::d_605
44,1,SUST::video::d_61
44,1,SUST::video::d_612
44,1,SUST::video::d_617
44,1,SUST::video::d_622
44,1,SUST::video::d_629
44,1,SUST::video::d_636
44,1,SUST::video::d_637
44,1,SUST::video::d_638
44,1,SUST::video::d_639
44,1,SUST::video::d_650
44,1,SUST::video::d_654
44,1,SUST::video::d_660
44,1,SUST::video::d_664
44,1,SUST::video::d_666
44,1,SUST::video::d_670
44,1,SUST::video::d_676
44,1,SUST::video::d_678
44,1,SUST::video::d_683
44,1,SUST::video::d_689
44,1,SUST::video::d_694
44,1,SUST::video::d_697
44,1,SUST::video::d_700
44,1,SUST::video::d_702
44,1,SUST::video::d_708
44,1,SUST::video::d_715
44,1,SUST::video::d_721
44,1,SUST::video::d_723
44,1,SUST::video::d_724
44,1,SUST::video::d_729
44,1,SUST::video::d_731
44,1,SUST::video::d_740
44,1,SUST::video::d_743
44,1,SUST::video::d_747
44,1,SUST::video::d_749
44,1,SUST::video::d_753
44,1,SUST::video::d_76
44,1,SUST::video::d_765
44,1,SUST::video::d_773
44,1,SUST::video::d_774
44,1,SUST::video::d_776
44,1,SUST::video::d_777
44,1,SUST::video::d_781
44,1,SUST::video::d_782
44,1,SUST::video::d_81
44,1,SUST::video::d_88
44,1,SUST::video::d_93
44,1,SUST::video::d_97
44,1,SUST::video::d_98
44,1,SUST::video::n_106
44,1,SUST::video::n_108
44,1,SUST::video::n_117
44,1,SUST::video::n_122
44,1,SUST::video::n_126
44,1,SUST::video::n_128
44,1,SUST::video::n_130
44,1,SUST::video::n_137
44,1,SUST::video::n_138
44,1,SUST::video::n_145
44,1,SUST::video::n_148
44,1,SUST::video::n_152
44,1,SUST::video::n_153
44,1,SUST::video::n_159
44,1,SUST::video::n_163
44,1,SUST::video::n_168
44,1,SUST::video::n_169
44,1,SUST::video::n_172
44,1,SUST::video::n_179
44,1,SUST::video::n_183
44,1,SUST::video::n_186
44,1,SUST::video::n_191
44,1,SUST::video::n_194
44,1,SUST::video::n_199
44,1,SUST::video::n_202
44,1,SUST::video::n_210
44,1,SUST::video::n_212
44,1,SUST::video::n_213
44,1,SUST::video::n_220
44,1,SUST::video::n_221
44,1,SUST::video::n_232
44,1,SUST::video::n_233
44,1,SUST::video::n_236
44,1,SUST::video::n_238
44,1,SUST::video::n_248
44,1,SUST::video::n_250
44,1,SUST::video::n_255
44,1,SUST::video::n_260
44,1,SUST::video::n_262
44,1,SUST::video::n_271
44,1,SUST::video::n_279
44,1,SUST::video::n_28
44,1,SUST::video::n_284
44,1,SUST::video::n_289
44,1,SUST::video::n_29
44,1,SUST::video::n_296
44,1,SUST::video::n_301
44,1,SUST::video::n_305
44,1,SUST::video::n_309
44,1,SUST::video::n_313
44,1,SUST::video::n_318
44,1,SUST::video::n_321
44,1,SUST::video::n_325
44,1,SUST::video::n_332
44,1,SUST::video::n_333
44,1,SUST::video::n_338
44,1,SUST::video::n_339
44,1,SUST::video::n_340
44,1,SUST::video::n_35
44,1,SUST::video::n_351
44,1,SUST::video::n_354
44,1,SUST::video::n_362
44,1,SUST::video::n_364
44,1,SUST::video::n_370
44,1,SUST::video::n_376
44,1,SUST::video::n_378
44,1,SUST::video::n_39
44,1,SUST::video::n_391
44,1,SUST::video::n_393
44,1,SUST::video::n_4
44,1,SUST::video::n_404
44,1,SUST::video::n_409
44,1,SUST::video::n_41
44,1,SUST::video::n_413
44,1,SUST::video::n_421
44,1,SUST::video::n_424
44,1,SUST::video::n_426
44,1,SUST::video::n_431
44,1,SUST::video::n_44
44,1,SUST::video::n_441
44,1,SUST::video::n_443
44,1,SUST::video::n_445
44,1,SUST::video::n_453
44,1,SUST::video::n_456
44,1,SUST::video::n_468
44,1,SUST::video::n_470
44,1,SUST::video::n_474
44,1,SUST::video::n_482
44,1,SUST::video::n_483
44,1,SUST::video::n_49
44,1,SUST::video::n_490
44,1,SUST::video::n_497
44,1,SUST::video::n_50
44,1,SUST::video::n_505
44,1,SUST::video::n_513
44,1,SUST::video::n_519
44,1,SUST::video::n_521
44,1,SUST::video::n_528
44,1,SUST::video::n_53
44,1,SUST::video::n_541
44,1,SUST::video::n_542
44,1,SUST::video::n_546
44,1,SUST::video::n_552
44,1,SUST::video::n_559
44,1,SUST::video::n_560
44,1,SUST::video::n_561
44,1,SUST::video::n_574
44,1,SUST::video::n_576
44,1,SUST::video::n_583
44,1,SUST::video::n_586
44,1,SUST::video::n_592
44,1,SUST::video::n_597
44,1,SUST::video::n_602
44,1,SUST::video::n_608
44,1,SUST::video::n_610
44,1,SUST::video::n_613
44,1,SUST::video::n_614
44,1,SUST::video::n_624
44,1,SUST::video::n_625
44,1,SUST::video::n_633
44,1,SUST::video::n_635
44,1,SUST::video::n_641
44,1,SUST::video::n_647
44,1,SUST::video::n_649
44,1,SUST::video::n_65
44,1,SUST::video::n_658
44,1,SUST::video::n_665
44,1,SUST::video::n_668
44,1,SUST::video::n_670
44,1,SUST::video::n_680
44,1,SUST::video::n_682
44,1,SUST::video::n_690
44,1,SUST::video::n_691
44,1,SUST::video::n_694
44,1,SUST::video::n_7
44,1,SUST::video::n_702
44,1,SUST::video::n_712
44,1,SUST::video::n_718
44,1,SUST::video::n_720
44,1,SUST::video::n_725
44,1,SUST::video::n_728
44,1,SUST::video::n_731
44,1,SUST::video::n_74
44,1,SUST::video::n_740
44,1,SUST::video::n_747
44,1,SUST::video::n_752
44,1,SUST::video::n_759
44,1,SUST::video::n_764
44,1,SUST::video::n_766
44,1,SUST::video::n_768
44,1,SUST::video::n_77
44,1,SUST::video::n_779
44,1,SUST::video::n_780
44,1,SUST::video::n_783
44,1,SUST::video::n_789
44,1,SUST::video::n_797
44,1,SUST::video::n_798
44,1,SUST::video::n_800
44,1,SUST::video::n_808
44,1,SUST::video::n_813
44,1,SUST::video::n_816
44,1,SUST::video::n_819
44,1,SUST::video::n_828
44,1,SUST::video::n_83
44,1,SUST::video::n_835
44,1,SUST::video::n_841
44,1,SUST::video::n_844
44,1,SUST::video::n_845
44,1,SUST::video::n_851
44,1,SUST::video::n_854
44,1,SUST::video::n_865
44,1,SUST::video::n_866
44,1,SUST::video::n_873
44,1,SUST::video::n_88
44,1,SUST::video::n_881
44,1,SUST::video::n_886
44,1,SUST::video::n_93
44,1,UTA::11
44,1,UTA::13
44,1,UTA::24
44,1,UTA::9
44,2,SUST::video::d_101
44,2,SUST::video::d_111
44,2,SUST::video::d_121
44,2,SUST::video::d_141
44,2,SUST::video::d_170
44,2,SUST::video::d_179
44,2,SUST::video::d_189
44,2,SUST::video::d_210
44,2,SUST::video::d_227
44,2,SUST::video::d_24
44,2,SUST::video::d_251
44,2,SUST::video::d_267
44,2,SUST::video::d_268
44,2,SUST::video::d_300
44,2,SUST::video::d_303
44,2,SUST::video::d_313
44,2,SUST::video::d_334
44,2,SUST::video::d_343
44,2,SUST::video::d_361
44,2,SUST::video::d_366
44,2,SUST::video::d_380
44,2,SUST::video::d_383
44,2,SUST::video::d_414
44,2,SUST::video::d_417
44,2,SUST::video::d_421
44,2,SUST::video::d_425
44,2,SUST::video::d_433
44,2,SUST::video::d_435
44,2,SUST::video::d_445
44,2,SUST::video::d_452
44,2,SUST::video::d_453
44,2,SUST::video::d_463
44,2,SUST::video::d_467
44,2,SUST::video::d_470
44,2,SUST::video::d_476
44,2,SUST::video::d_480
44,2,SUST::video::d_485
44,2,SUST::video::d_492
44,2,SUST::video::d_500
44,2,SUST::video::d_503
44,2,SUST::video::d_506
44,2,SUST::video::d_509
44,2,SUST::video::d_515
44,2,SUST::video::d_520
44,2,SUST::video::d_521
44,2,SUST::video::d_523
44,2,SUST::video::d_530
44,2,SUST::video::d_532
44,2,SUST::video::d_535
44,2,SUST::video::d_541
44,2,SUST::video::d_546
44,2,SUST::video::d_55
44,2,SUST::video::d_554
44,2,SUST::video::d_56
44,2,SUST::video::d_568
44,2,SUST::video::d_569
44,2,SUST::video::d_570
44,2,SUST::video::d_577
44,2,SUST::video::d_579
44,2,SUST::video::d_587
44,2,SUST::video::d_592
44,2,SUST::video::d_593
44,2,SUST::video::d_594
44,2,SUST::video::d_60
44,2,SUST::video::d_600
44,2,SUST::video::d_608
44,2,SUST::video::d_610
44,2,SUST::video::d_615
44,2,SUST::video::d_618
44,2,SUST::video::d_624
44,2,SUST::video::d_630
44,2,SUST::video::d_64
44,2,SUST::video::d_640
44,2,SUST::video::d_641
44,2,SUST::video::d_644
44,2,SUST::video::d_65
44,2,SUST::video::d_653
44,2,SUST::video::d_658
44,2,SUST::video::d_667
44,2,SUST::video::d_668
44,2,SUST::video::d_669
44,2,SUST::video::d_671
44,2,SUST::video::d_679
44,2,SUST::video::d_681
44,2,SUST::video::d_684
44,2,SUST::video::d_692
44,2,SUST::video::d_696
44,2,SUST::video::d_699
44,2,SUST::video::d_704
44,2,SUST::video::d_706
44,2,SUST::video::d_709
44,2,SUST::video::d_716
44,2,SUST::video::d_725
44,2,SUST::video::d_727
44,2,SUST::video::d_728
44,2,SUST::video::d_734
44,2,SUST::video::d_736
44,2,SUST::video::d_737
44,2,SUST::video::d_741
44,2,SUST::video::d_748
44,2,SUST::video::d_750
44,2,SUST::video::d_755
44,2,SUST::video::d_760
44,2,SUST::video::d_768
44,2,SUST::video::d_77
44,2,SUST::video::d_775
44,2,SUST::video::d_779
44,2,SUST::video::d_78
44,2,SUST::video::d_783
44,2,SUST::video::d_79
44,2,SUST::video::d_83
44,2,SUST::video::d_86
44,2,SUST::video::d_90
44,2,SUST::video::d_99
44,2,SUST::video::n_1
44,2,SUST::video::n_100
44,2,SUST::video::n_101
44,2,SUST::video::n_109
44,2,SUST::video::n_111
44,2,SUST::video::n_119
44,2,SUST::video::n_123
44,2,SUST::video::n_131
44,2,SUST::video::n_132
44,2,SUST::video::n_135
44,2,SUST::video::n_139
44,2,SUST::video::n_140
44,2,SUST::video::n_141
44,2,SUST::video::n_154
44,2,SUST::video::n_155
44,2,SUST::video::n_161
44,2,SUST::video::n_17
44,2,SUST::video::n_170
44,2,SUST::video::n_173
44,2,SUST::video::n_177
44,2,SUST::video::n_182
44,2,SUST::video::n_184
44,2,SUST::video::n_189
44,2,SUST::video::n_195
44,2,SUST::video::n_198
44,2,SUST::video::n_2
44,2,SUST::video::n_204
44,2,SUST::video::n_205
44,2,SUST::video::n_211
44,2,SUST::video::n_215
44,2,SUST::video::n_222
44,2,SUST::video::n_223
44,2,SUST::video::n_224
44,2,SUST::video::n_230
44,2,SUST::video::n_24
44,2,SUST::video::n_240
44,2,SUST::video::n_25
44,2,SUST::video::n_251
44,2,SUST::video::n_252
44,2,SUST::video::n_261
44,2,SUST::video::n_263
44,2,SUST::video::n_264
44,2,SUST::video::n_273
44,2,SUST::video::n_280
44,2,SUST::video::n_282
44,2,SUST::video::n_290
44,2,SUST::video::n_291
44,2,SUST::video::n_297
44,2,SUST::video::n_303
44,2,SUST::video::n_310
44,2,SUST::video::n_314
44,2,SUST::video::n_32
44,2,SUST::video::n_323
44,2,SUST::video::n_328
44,2,SUST::video::n_330
44,2,SUST::video::n_335
44,2,SUST::video::n_34
44,2,SUST::video::n_349
44,2,SUST::video::n_350
44,2,SUST::video::n_352
44,2,SUST::video::n_355
44,2,SUST::video::n_363
44,2,SUST::video::n_366
44,2,SUST::video::n_371
44,2,SUST::video::n_38
44,2,SUST::video::n_380
44,2,SUST::video::n_390
44,2,SUST::video::n_392
44,2,SUST::video::n_394
44,2,SUST::video::n_40
44,2,SUST::video::n_401
44,2,SUST::video::n_410
44,2,SUST::video::n_411
44,2,SUST::video::n_412
44,2,SUST::video::n_416
44,2,SUST::video::n_422
44,2,SUST::video::n_427
44,2,SUST::video::n_432
44,2,SUST::video::n_442
44,2,SUST::video::n_444
44,2,SUST::video::n_446
44,2,SUST::video::n_448
44,2,SUST::video::n_454
44,2,SUST::video::n_457
44,2,SUST::video::n_458
44,2,SUST::video::n_469
44,2,SUST::video::n_473
44,2,SUST::video::n_475
44,2,SUST::video::n_477
44,2,SUST::video::n_485
44,2,SUST::video::n_489
44,2,SUST::video::n_491
44,2,SUST::video::n_494
44,2,SUST::video::n_498
44,2,SUST::video::n_5
44,2,SUST::video::n_500
44,2,SUST::video::n_51
44,2,SUST::video::n_515
44,2,SUST::video::n_52
44,2,SUST::video::n_522
44,2,SUST::video::n_530
44,2,SUST::video::n_534
44,2,SUST::video::n_543
44,2,SUST::video::n_547
44,2,SUST::video::n_553
44,2,SUST::video::n_562
44,2,SUST::video::n_563
44,2,SUST::video::n_566
44,2,SUST::video::n_567
44,2,SUST::video::n_575
44,2,SUST::video::n_58
44,2,SUST::video::n_587
44,2,SUST::video::n_589
44,2,SUST::video::n_594
44,2,SUST::video::n_6
44,2,SUST::video::n_604
44,2,SUST::video::n_612
44,2,SUST::video::n_616
44,2,SUST::video::n_617
44,2,SUST::video::n_619
44,2,SUST::video::n_627
44,2,SUST::video::n_634
44,2,SUST::video::n_638
44,2,SUST::video::n_642
44,2,SUST::video::n_650
44,2,SUST::video::n_651
44,2,SUST::video::n_655
44,2,SUST::video::n_66
44,2,SUST::video::n_666
44,2,SUST::video::n_67
44,2,SUST::video::n_671
44,2,SUST::video::n_672
44,2,SUST::video::n_683
44,2,SUST::video::n_685
44,2,SUST::video::n_693
44,2,SUST::video::n_696
44,2,SUST::video::n_703
44,2,SUST::video::n_705
44,2,SUST::video::n_706
44,2,SUST::video::n_713
44,2,SUST::video::n_719
44,2,SUST::video::n_724
44,2,SUST::video::n_726
44,2,SUST::video::n_73
44,2,SUST::video::n_734
44,2,SUST::video::n_741
44,2,SUST::video::n_748
44,2,SUST::video::n_754
44,2,SUST::video::n_755
44,2,SUST::video::n_758
44,2,SUST::video::n_76
44,2,SUST::video::n_769
44,2,SUST::video::n_770
44,2,SUST::video::n_772
44,2,SUST::video::n_775
44,2,SUST::video::n_781
44,2,SUST::video::n_782
44,2,SUST::video::n_79
44,2,SUST::video::n_792
44,2,SUST::video::n_8
44,2,SUST::video::n_807
44,2,SUST::video::n_809
44,2,SUST::video::n_818
44,2,SUST::video::n_82
44,2,SUST::video::n_821
44,2,SUST::video::n_829
44,2,SUST::video::n_830
44,2,SUST::video::n_838
44,2,SUST::video::n_846
44,2,SUST::video::n_848
44,2,SUST::video::n_852
44,2,SUST::video::n_857
44,2,SUST::video::n_858
44,2,SUST::video::n_867
44,2,SUST::video::n_869
44,2,SUST::video::n_875
44,2,SUST::video::n_882
44,2,SUST::video::n_884
44,2,SUST::video::n_89
44,2,SUST::video::n_9
44,2,SUST::video::n_94
44,2,UTA::14
44,2,UTA::17
44,2,UTA::25
44,3,NTHU::001
44,3,NTHU::1
44,3,NTHU::2
44,3,NTHU::5
44,3,SUST::video::d_10
44,3,SUST::video::d_100
44,3,SUST::video::d_103
44,3,SUST::video::d_104
44,3,SUST::video::d_107
44,3,SUST::video::d_108
44,3,SUST::video::d_11
44,3,SUST::video::d_110
44,3,SUST::video::d_113
44,3,SUST::video::d_114
44,3,SUST::video::d_116
44,3,SUST::video::d_118
44,3,SUST::video::d_119
44,3,SUST::video::d_124
44,3,SUST::video::d_126
44,3,SUST::video::d_127
44,3,SUST::video::d_128
44,3,SUST::video::d_129
44,3,SUST::video::d_131
44,3,SUST::video::d_132
44,3,SUST::video::d_133
44,3,SUST::video::d_135
44,3,SUST::video::d_137
44,3,SUST::video::d_138
44,3,SUST::video::d_139
44,3,SUST::video::d_140
44,3,SUST::video::d_144
44,3,SUST::video::d_146
44,3,SUST::video::d_147
44,3,SUST::video::d_15
44,3,SUST::video::d_150
44,3,SUST::video::d_151
44,3,SUST::video::d_152
44,3,SUST::video::d_153
44,3,SUST::video::d_155
44,3,SUST::video::d_156
44,3,SUST::video::d_159
44,3,SUST::video::d_16
44,3,SUST::video::d_161
44,3,SUST::video::d_162
44,3,SUST::video::d_163
44,3,SUST::video::d_164
44,3,SUST::video::d_167
44,3,SUST::video::d_168
44,3,SUST::video::d_171
44,3,SUST::video::d_173
44,3,SUST::video::d_175
44,3,SUST::video::d_178
44,3,SUST::video::d_18
44,3,SUST::video::d_183
44,3,SUST::video::d_185
44,3,SUST::video::d_188
44,3,SUST::video::d_19
44,3,SUST::video::d_195
44,3,SUST::video::d_2
44,3,SUST::video::d_20
44,3,SUST::video::d_200
44,3,SUST::video::d_201
44,3,SUST::video::d_208
44,3,SUST::video::d_209
44,3,SUST::video::d_212
44,3,SUST::video::d_215
44,3,SUST::video::d_219
44,3,SUST::video::d_22
44,3,SUST::video::d_223
44,3,SUST::video::d_225
44,3,SUST::video::d_229
44,3,SUST::video::d_23
44,3,SUST::video::d_231
44,3,SUST::video::d_234
44,3,SUST::video::d_235
44,3,SUST::video::d_238
44,3,SUST::video::d_240
44,3,SUST::video::d_244
44,3,SUST::video::d_247
44,3,SUST::video::d_248
44,3,SUST::video::d_249
44,3,SUST::video::d_253
44,3,SUST::video::d_256
44,3,SUST::video::d_259
44,3,SUST::video::d_260
44,3,SUST::video::d_261
44,3,SUST::video::d_27
44,3,SUST::video::d_271
44,3,SUST::video::d_274
44,3,SUST::video::d_277
44,3,SUST::video::d_278
44,3,SUST::video::d_282
44,3,SUST::video::d_283
44,3,SUST::video::d_285
44,3,SUST::video::d_288
44,3,SUST::video::d_289
44,3,SUST::video::d_292
44,3,SUST::video::d_295
44,3,SUST::video::d_297
44,3,SUST::video::d_30
44,3,SUST::video::d_305
44,3,SUST::video::d_306
44,3,SUST::video::d_307
44,3,SUST::video::d_309
44,3,SUST::video::d_312
44,3,SUST::video::d_316
44,3,SUST::video::d_318
44,3,SUST::video::d_322
44,3,SUST::video::d_323
44,3,SUST::video::d_324
44,3,SUST::video::d_327
44,3,SUST::video::d_329
44,3,SUST::video::d_331
44,3,SUST::video::d_335
44,3,SUST::video::d_336
44,3,SUST::video::d_339
44,3,SUST::video::d_342
44,3,SUST::video::d_345
44,3,SUST::video::d_347
44,3,SUST::video::d_348
44,3,SUST::video::d_350
44,3,SUST::video::d_352
44,3,SUST::video::d_353
44,3,SUST::video::d_356
44,3,SUST::video::d_360
44,3,SUST::video::d_364
44,3,SUST::video::d_37
44,3,SUST::video::d_370
44,3,SUST::video::d_372
44,3,SUST::video::d_374
44,3,SUST::video::d_378
44,3,SUST::video::d_382
44,3,SUST::video::d_384
44,3,SUST::video::d_387
44,3,SUST::video::d_391
44,3,SUST::video::d_394
44,3,SUST::video::d_396
44,3,SUST::video::d_4
44,3,SUST::video::d_400
44,3,SUST::video::d_402
44,3,SUST::video::d_404
44,3,SUST::video::d_405
44,3,SUST::video::d_407
44,3,SUST::video::d_410
44,3,SUST::video::d_415
44,3,SUST::video::d_419
44,3,SUST::video::d_424
44,3,SUST::video::d_428
44,3,SUST::video::d_430
44,3,SUST::video::d_436
44,3,SUST::video::d_438
44,3,SUST::video::d_440
44,3,SUST::video::d_446
44,3,SUST::video::d_449
44,3,SUST::video::d_45
44,3,SUST::video::d_457
44,3,SUST::video::d_459
44,3,SUST::video::d_462
44,3,SUST::video::d_464
44,3,SUST::video::d_47
44,3,SUST::video::d_472
44,3,SUST::video::d_474
44,3,SUST::video::d_482
44,3,SUST::video::d_486
44,3,SUST::video::d_489
44,3,SUST::video::d_491
44,3,SUST::video::d_494
44,3,SUST::video::d_497
44,3,SUST::video::d_498
44,3,SUST::video::d_504
44,3,SUST::video::d_511
44,3,SUST::video::d_512
44,3,SUST::video::d_514
44,3,SUST::video::d_52
44,3,SUST::video::d_526
44,3,SUST::video::d_527
44,3,SUST::video::d_531
44,3,SUST::video::d_538
44,3,SUST::video::d_543
44,3,SUST::video::d_545
44,3,SUST::video::d_548
44,3,SUST::video::d_549
44,3,SUST::video::d_550
44,3,SUST::video::d_556
44,3,SUST::video::d_559
44,3,SUST::video::d_562
44,3,SUST::video::d_571
44,3,SUST::video::d_576
44,3,SUST::video::d_58
44,3,SUST::video::d_582
44,3,SUST::video::d_59
44,3,SUST::video::d_591
44,3,SUST::video::d_598
44,3,SUST::video::d_602
44,3,SUST::video::d_603
44,3,SUST::video::d_607
44,3,SUST::video::d_613
44,3,SUST::video::d_619
44,3,SUST::video::d_623
44,3,SUST::video::d_625
44,3,SUST::video::d_63
44,3,SUST::video::d_633
44,3,SUST::video::d_634
44,3,SUST::video::d_645
44,3,SUST::video::d_649
44,3,SUST::video::d_652
44,3,SUST::video::d_657
44,3,SUST::video::d_659
44,3,SUST::video::d_662
44,3,SUST::video::d_663
44,3,SUST::video::d_665
44,3,SUST::video::d_673
44,3,SUST::video::d_675
44,3,SUST::video::d_682
44,3,SUST::video::d_687
44,3,SUST::video::d_688
44,3,SUST::video::d_69
44,3,SUST::video::d_695
44,3,SUST::video::d_7
44,3,SUST::video::d_703
44,3,SUST::video::d_71
44,3,SUST::video::d_710
44,3,SUST::video::d_717
44,3,SUST::video::d_72
44,3,SUST::video::d_720
44,3,SUST::video::d_730
44,3,SUST::video::d_733
44,3,SUST::video::d_738
44,3,SUST::video::d_74
44,3,SUST::video::d_744
44,3,SUST::video::d_751
44,3,SUST::video::d_754
44,3,SUST::video::d_759
44,3,SUST::video::d_762
44,3,SUST::video::d_764
44,3,SUST::video::d_767
44,3,SUST::video::d_772
44,3,SUST::video::d_780
44,3,SUST::video::d_80
44,3,SUST::video::d_82
44,3,SUST::video::d_89
44,3,SUST::video::d_9
44,3,SUST::video::d_95
44,3,SUST::video::n_103
44,3,SUST::video::n_105
44,3,SUST::video::n_110
44,3,SUST::video::n_113
44,3,SUST::video::n_116
44,3,SUST::video::n_125
44,3,SUST::video::n_129
44,3,SUST::video::n_13
44,3,SUST::video::n_136
44,3,SUST::video::n_143
44,3,SUST::video::n_149
44,3,SUST::video::n_15
44,3,SUST::video::n_150
44,3,SUST::video::n_16
44,3,SUST::video::n_160
44,3,SUST::video::n_164
44,3,SUST::video::n_165
44,3,SUST::video::n_176
44,3,SUST::video::n_18
44,3,SUST::video::n_180
44,3,SUST::video::n_187
44,3,SUST::video::n_19
44,3,SUST::video::n_193
44,3,SUST::video::n_197
44,3,SUST::video::n_201
44,3,SUST::video::n_208
44,3,SUST::video::n_209
44,3,SUST::video::n_214
44,3,SUST::video::n_217
44,3,SUST::video::n_22
44,3,SUST::video::n_227
44,3,SUST::video::n_229
44,3,SUST::video::n_234
44,3,SUST::video::n_235
44,3,SUST::video::n_237
44,3,SUST::video::n_239
44,3,SUST::video::n_244
44,3,SUST::video::n_249
44,3,SUST::video::n_254
44,3,SUST::video::n_257
44,3,SUST::video::n_259
44,3,SUST::video::n_269
44,3,SUST::video::n_27
44,3,SUST::video::n_272
44,3,SUST::video::n_275
44,3,SUST::video::n_278
44,3,SUST::video::n_286
44,3,SUST::video::n_287
44,3,SUST::video::n_293
44,3,SUST::video::n_3
44,3,SUST::video::n_300
44,3,SUST::video::n_306
44,3,SUST::video::n_31
44,3,SUST::video::n_312
44,3,SUST::video::n_317
44,3,SUST::video::n_319
44,3,SUST::video::n_322
44,3,SUST::video::n_33
44,3,SUST::video::n_336
44,3,SUST::video::n_343
44,3,SUST::video::n_345
44,3,SUST::video::n_348
44,3,SUST::video::n_358
44,3,SUST::video::n_36
44,3,SUST::video::n_361
44,3,SUST::video::n_369
44,3,SUST::video::n_37
44,3,SUST::video::n_375
44,3,SUST::video::n_384
44,3,SUST::video::n_386
44,3,SUST::video::n_387
44,3,SUST::video::n_398
44,3,SUST::video::n_399
44,3,SUST::video::n_403
44,3,SUST::video::n_407
44,3,SUST::video::n_419
44,3,SUST::video::n_420
44,3,SUST::video::n_43
44,3,SUST::video::n_433
44,3,SUST::video::n_436
44,3,SUST::video::n_437
44,3,SUST::video::n_440
44,3,SUST::video::n_449
44,3,SUST::video::n_45
44,3,SUST::video::n_455
44,3,SUST::video::n_46
44,3,SUST::video::n_465
44,3,SUST::video::n_467
44,3,SUST::video::n_471
44,3,SUST::video::n_476
44,3,SUST::video::n_48
44,3,SUST::video::n_484
44,3,SUST::video::n_487
44,3,SUST::video::n_496
44,3,SUST::video::n_504
44,3,SUST::video::n_506
44,3,SUST::video::n_512
44,3,SUST::video::n_520
44,3,SUST::video::n_525
44,3,SUST::video::n_527
44,3,SUST::video::n_533
44,3,SUST::video::n_538
44,3,SUST::video::n_540
44,3,SUST::video::n_550
44,3,SUST::video::n_551
44,3,SUST::video::n_554
44,3,SUST::video::n_555
44,3,SUST::video::n_56
44,3,SUST::video::n_57
44,3,SUST::video::n_572
44,3,SUST::video::n_578
44,3,SUST::video::n_579
44,3,SUST::video::n_585
44,3,SUST::video::n_59
44,3,SUST::video::n_595
44,3,SUST::video::n_596
44,3,SUST::video::n_599
44,3,SUST::video::n_600
44,3,SUST::video::n_605
44,3,SUST::video::n_607
44,3,SUST::video::n_611
44,3,SUST::video::n_62
44,3,SUST::video::n_620
44,3,SUST::video::n_63
44,3,SUST::video::n_632
44,3,SUST::video::n_637
44,3,SUST::video::n_64
44,3,SUST::video::n_644
44,3,SUST::video::n_648
44,3,SUST::video::n_656
44,3,SUST::video::n_660
44,3,SUST::video::n_663
44,3,SUST::video::n_667
44,3,SUST::video::n_678
44,3,SUST::video::n_679
44,3,SUST::video::n_681
44,3,SUST::video::n_688
44,3,SUST::video::n_69
44,3,SUST::video::n_692
44,3,SUST::video::n_699
44,3,SUST::video::n_70
44,3,SUST::video::n_700
44,3,SUST::video::n_709
44,3,SUST::video::n_710
44,3,SUST::video::n_717
44,3,SUST::video::n_723
44,3,SUST::video::n_727
44,3,SUST::video::n_732
44,3,SUST::video::n_738
44,3,SUST::video::n_744
44,3,SUST::video::n_745
44,3,SUST::video::n_749
44,3,SUST::video::n_753
44,3,SUST::video::n_757
44,3,SUST::video::n_762
44,3,SUST::video::n_767
44,3,SUST::video::n_777
44,3,SUST::video::n_78
44,3,SUST::video::n_788
44,3,SUST::video::n_794
44,3,SUST::video::n_799
44,3,SUST::video::n_802
44,3,SUST::video::n_805
44,3,SUST::video::n_812
44,3,SUST::video::n_814
44,3,SUST::video::n_815
44,3,SUST::video::n_826
44,3,SUST::video::n_832
44,3,SUST::video::n_834
44,3,SUST::video::n_837
44,3,SUST::video::n_839
44,3,SUST::video::n_843
44,3,SUST::video::n_849
44,3,SUST::video::n_855
44,3,SUST::video::n_86
44,3,SUST::video::n_862
44,3,SUST::video::n_871
44,3,SUST::video::n_876
44,3,SUST::video::n_878
44,3,SUST::video::n_883
44,3,SUST::video::n_91
44,3,SUST::video::n_98
44,3,UTA::10
44,3,UTA::16
44,3,UTA::20
44,3,UTA::21
44,3,UTA::8
44,4,SUST::video::d_1
44,4,SUST::video::d_106
44,4,SUST::video::d_112
44,4,SUST::video::d_115
44,4,SUST::video::d_117
44,4,SUST::video::d_122
44,4,SUST::video::d_13
44,4,SUST::video::d_136
44,4,SUST::video::d_14
44,4,SUST::video::d_142
44,4,SUST::video::d_143
44,4,SUST::video::d_148
44,4,SUST::video::d_149
44,4,SUST::video::d_154
44,4,SUST::video::d_157
44,4,SUST::video::d_165
44,4,SUST::video::d_169
44,4,SUST::video::d_172
44,4,SUST::video::d_174
44,4,SUST::video::d_177
44,4,SUST::video::d_180
44,4,SUST::video::d_181
44,4,SUST::video::d_184
44,4,SUST::video::d_186
44,4,SUST::video::d_190
44,4,SUST::video::d_192
44,4,SUST::video::d_194
44,4,SUST::video::d_196
44,4,SUST::video::d_199
44,4,SUST::video::d_202
44,4,SUST::video::d_203
44,4,SUST::video::d_205
44,4,SUST::video::d_207
44,4,SUST::video::d_21
44,4,SUST::video::d_214
44,4,SUST::video::d_216
44,4,SUST::video::d_217
44,4,SUST::video::d_220
44,4,SUST::video::d_224
44,4,SUST::video::d_226
44,4,SUST::video::d_228
44,4,SUST::video::d_230
44,4,SUST::video::d_233
44,4,SUST::video::d_236
44,4,SUST::video::d_239
44,4,SUST::video::d_242
44,4,SUST::video::d_243
44,4,SUST::video::d_245
44,4,SUST::video::d_25
44,4,SUST::video::d_250
44,4,SUST::video::d_252
44,4,SUST::video::d_255
44,4,SUST::video::d_257
44,4,SUST::video::d_26
44,4,SUST::video::d_262
44,4,SUST::video::d_266
44,4,SUST::video::d_269
44,4,SUST::video::d_270
44,4,SUST::video::d_272
44,4,SUST::video::d_276
44,4,SUST::video::d_279
44,4,SUST::video::d_280
44,4,SUST::video::d_284
44,4,SUST::video::d_286
44,4,SUST::video::d_29
44,4,SUST::video::d_290
44,4,SUST::video::d_291
44,4,SUST::video::d_294
44,4,SUST::video::d_298
44,4,SUST::video::d_3
44,4,SUST::video::d_308
44,4,SUST::video::d_31
44,4,SUST::video::d_310
44,4,SUST::video::d_314
44,4,SUST::video::d_317
44,4,SUST::video::d_319
44,4,SUST::video::d_32
44,4,SUST::video::d_321
44,4,SUST::video::d_325
44,4,SUST::video::d_326
44,4,SUST::video::d_33
44,4,SUST::video::d_332
44,4,SUST::video::d_337
44,4,SUST::video::d_338
44,4,SUST::video::d_34
44,4,SUST::video::d_340
44,4,SUST::video::d_344
44,4,SUST::video::d_346
44,4,SUST::video::d_349
44,4,SUST::video::d_351
44,4,SUST::video::d_354
44,4,SUST::video::d_357
44,4,SUST::video::d_358
44,4,SUST::video::d_362
44,4,SUST::video::d_363
44,4,SUST::video::d_365
44,4,SUST::video::d_371
44,4,SUST::video::d_373
44,4,SUST::video::d_376
44,4,SUST::video::d_377
44,4,SUST::video::d_379
44,4,SUST::video::d_385
44,4,SUST::video::d_389
44,4,SUST::video::d_390
44,4,SUST::video::d_392
44,4,SUST::video::d_395
44,4,SUST::video::d_397
44,4,SUST::video::d_399
44,4,SUST::video::d_40
44,4,SUST::video::d_403
44,4,SUST::video::d_406
44,4,SUST::video::d_408
44,4,SUST::video::d_41
44,4,SUST::video::d_416
44,4,SUST::video::d_418
44,4,SUST::video::d_420
44,4,SUST::video::d_423
44,4,SUST::video::d_43
44,4,SUST::video::d_431
44,4,SUST::video::d_434
44,4,SUST::video::d_44
44,4,SUST::video::d_441
44,4,SUST::video::d_444
44,4,SUST::video::d_447
44,4,SUST::video::d_454
44,4,SUST::video::d_46
44,4,SUST::video::d_460
44,4,SUST::video::d_465
44,4,SUST::video::d_469
44,4,SUST::video::d_471
44,4,SUST::video::d_475
44,4,SUST::video::d_479
44,4,SUST::video::d_483
44,4,SUST::video::d_487
44,4,SUST::video::d_490
44,4,SUST::video::d_495
44,4,SUST::video::d_496
44,4,SUST::video::d_5
44,4,SUST::video::d_505
44,4,SUST::video::d_507
44,4,SUST::video::d_510
44,4,SUST::video::d_517
44,4,SUST::video::d_518
44,4,SUST::video::d_519
44,4,SUST::video::d_528
44,4,SUST::video::d_529
44,4,SUST::video::d_533
44,4,SUST::video::d_536
44,4,SUST::video::d_537
44,4,SUST::video::d_539
44,4,SUST::video::d_544
44,4,SUST::video::d_551
44,4,SUST::video::d_560
44,4,SUST::video::d_561
44,4,SUST::video::d_564
44,4,SUST::video::d_566
44,4,SUST::video::d_573
44,4,SUST::video::d_574
44,4,SUST::video::d_581
44,4,SUST::video::d_583
44,4,SUST::video::d_585
44,4,SUST::video::d_589
44,4,SUST::video::d_595
44,4,SUST::video::d_601
44,4,SUST::video::d_604
44,4,SUST::video::d_611
44,4,SUST::video::d_614
44,4,SUST::video::d_616
44,4,SUST::video::d_621
44,4,SUST::video::d_626
44,4,SUST::video::d_627
44,4,SUST::video::d_628
44,4,SUST::video::d_635
44,4,SUST::video::d_643
44,4,SUST::video::d_646
44,4,SUST::video::d_648
44,4,SUST::video::d_656
44,4,SUST::video::d_66
44,4,SUST::video::d_661
44,4,SUST::video::d_67
44,4,SUST::video::d_674
44,4,SUST::video::d_677
44,4,SUST::video::d_68
44,4,SUST::video::d_685
44,4,SUST::video::d_690
44,4,SUST::video::d_691
44,4,SUST::video::d_693
44,4,SUST::video::d_70
44,4,SUST::video::d_701
44,4,SUST::video::d_711
44,4,SUST::video::d_712
44,4,SUST::video::d_719
44,4,SUST::video::d_722
44,4,SUST::video::d_726
44,4,SUST::video::d_732
44,4,SUST::video::d_735
44,4,SUST::video::d_739
44,4,SUST::video::d_745
44,4,SUST::video::d_75
44,4,SUST::video::d_757
44,4,SUST::video::d_758
44,4,SUST::video::d_763
44,4,SUST::video::d_766
44,4,SUST::video::d_769
44,4,SUST::video::d_770
44,4,SUST::video::d_778
44,4,SUST::video::d_784
44,4,SUST::video::d_84
44,4,SUST::video::d_85
44,4,SUST::video::d_91
44,4,SUST::video::d_96
44,4,SUST::video::n_10
44,4,SUST::video::n_104
44,4,SUST::video::n_114
44,4,SUST::video::n_118
44,4,SUST::video::n_12
44,4,SUST::video::n_121
44,4,SUST::video::n_127
44,4,SUST::video::n_133
44,4,SUST::video::n_134
44,4,SUST::video::n_14
44,4,SUST::video::n_144
44,4,SUST::video::n_151
44,4,SUST::video::n_157
44,4,SUST::video::n_158
44,4,SUST::video::n_166
44,4,SUST::video::n_167
44,4,SUST::video::n_175
44,4,SUST::video::n_178
44,4,SUST::video::n_181
44,4,SUST::video::n_190
44,4,SUST::video::n_192
44,4,SUST::video::n_196
44,4,SUST::video::n_200
44,4,SUST::video::n_203
44,4,SUST::video::n_206
44,4,SUST::video::n_207
44,4,SUST::video::n_21
44,4,SUST::video::n_218
44,4,SUST::video::n_219
44,4,SUST::video::n_228
44,4,SUST::video::n_231
44,4,SUST::video::n_241
44,4,SUST::video::n_242
44,4,SUST::video::n_245
44,4,SUST::video::n_253
44,4,SUST::video::n_258
44,4,SUST::video::n_26
44,4,SUST::video::n_265
44,4,SUST::video::n_274
44,4,SUST::video::n_276
44,4,SUST::video::n_283
44,4,SUST::video::n_288
44,4,SUST::video::n_292
44,4,SUST::video::n_294
44,4,SUST::video::n_30
44,4,SUST::video::n_302
44,4,SUST::video::n_304
44,4,SUST::video::n_308
44,4,SUST::video::n_315
44,4,SUST::video::n_324
44,4,SUST::video::n_326
44,4,SUST::video::n_331
44,4,SUST::video::n_334
44,4,SUST::video::n_337
44,4,SUST::video::n_341
44,4,SUST::video::n_346
44,4,SUST::video::n_357
44,4,SUST::video::n_359
44,4,SUST::video::n_365
44,4,SUST::video::n_372
44,4,SUST::video::n_373
44,4,SUST::video::n_377
44,4,SUST::video::n_379
44,4,SUST::video::n_382
44,4,SUST::video::n_388
44,4,SUST::video::n_395
44,4,SUST::video::n_400
44,4,SUST::video::n_405
44,4,SUST::video::n_408
44,4,SUST::video::n_414
44,4,SUST::video::n_42
44,4,SUST::video::n_423
44,4,SUST::video::n_428
44,4,SUST::video::n_434
44,4,SUST::video::n_435
44,4,SUST::video::n_439
44,4,SUST::video::n_450
44,4,SUST::video::n_451
44,4,SUST::video::n_460
44,4,SUST::video::n_461
44,4,SUST::video::n_463
44,4,SUST::video::n_472
44,4,SUST::video::n_479
44,4,SUST::video::n_481
44,4,SUST::video::n_488
44,4,SUST::video::n_493
44,4,SUST::video::n_499
44,4,SUST::video::n_502
44,4,SUST::video::n_507
44,4,SUST::video::n_509
44,4,SUST::video::n_510
44,4,SUST::video::n_514
44,4,SUST::video::n_516
44,4,SUST::video::n_517
44,4,SUST::video::n_524
44,4,SUST::video::n_529
44,4,SUST::video::n_535
44,4,SUST::video::n_537
44,4,SUST::video::n_544
44,4,SUST::video::n_545
44,4,SUST::video::n_548
44,4,SUST::video::n_556
44,4,SUST::video::n_557
44,4,SUST::video::n_564
44,4,SUST::video::n_568
44,4,SUST::video::n_571
44,4,SUST::video::n_573
44,4,SUST::video::n_580
44,4,SUST::video::n_582
44,4,SUST::video::n_584
44,4,SUST::video::n_590
44,4,SUST::video::n_598
44,4,SUST::video::n_601
44,4,SUST::video::n_606
44,4,SUST::video::n_61
44,4,SUST::video::n_621
44,4,SUST::video::n_623
44,4,SUST::video::n_626
44,4,SUST::video::n_630
44,4,SUST::video::n_631
44,4,SUST::video::n_636
44,4,SUST::video::n_646
44,4,SUST::video::n_653
44,4,SUST::video::n_654
44,4,SUST::video::n_657
44,4,SUST::video::n_659
44,4,SUST::video::n_664
44,4,SUST::video::n_669
44,4,SUST::video::n_673
44,4,SUST::video::n_68
44,4,SUST::video::n_686
44,4,SUST::video::n_689
44,4,SUST::video::n_695
44,4,SUST::video::n_701
44,4,SUST::video::n_704
44,4,SUST::video::n_707
44,4,SUST::video::n_714
44,4,SUST::video::n_715
44,4,SUST::video::n_72
44,4,SUST::video::n_721
44,4,SUST::video::n_733
44,4,SUST::video::n_735
44,4,SUST::video::n_736
44,4,SUST::video::n_739
44,4,SUST::video::n_746
44,4,SUST::video::n_75
44,4,SUST::video::n_750
44,4,SUST::video::n_760
44,4,SUST::video::n_763
44,4,SUST::video::n_773
44,4,SUST::video::n_776
44,4,SUST::video::n_778
44,4,SUST::video::n_785
44,4,SUST::video::n_791
44,4,SUST::video::n_793
44,4,SUST::video::n_795
44,4,SUST::video::n_803
44,4,SUST::video::n_806
44,4,SUST::video::n_810
44,4,SUST::video::n_817
44,4,SUST::video::n_820
44,4,SUST::video::n_822
44,4,SUST::video::n_827
44,4,SUST::video::n_831
44,4,SUST::video::n_84
44,4,SUST::video::n_842
44,4,SUST::video::n_85
44,4,SUST::video::n_850
44,4,SUST::video::n_853
44,4,SUST::video::n_863
44,4,SUST::video::n_864
44,4,SUST::video::n_87
44,4,SUST::video::n_872
44,4,SUST::video::n_879
44,4,SUST::video::n_90
44,4,SUST::video::n_92
44,4,SUST::video::n_99
44,4,UTA::12
44,4,UTA::15
44,4,UTA::23
44,4,UTA::26
44,4,UTA::7
