threshold,precision,recall,f1,fpr,pr_auc,roc_auc,tn,fp,fn,tp
0.0,0.49797233330036317,1.0,0.6648618565647609,1.0,0.7502665190436053,0.7349163480225073,0,35529,0,35242
0.001,0.49797233330036317,1.0,0.6648618565647609,1.0,0.7502665190436053,0.7349163480225073,0,35529,0,35242
0.002,0.49797233330036317,1.0,0.6648618565647609,1.0,0.7502665190436053,0.7349163480225073,0,35529,0,35242
0.003,0.49797233330036317,1.0,0.6648618565647609,1.0,0.7502665190436053,0.7349163480225073,0,35529,0,35242
0.004,0.49797233330036317,1.0,0.6648618565647609,1.0,0.7502665190436053,0.7349163480225073,0,35529,0,35242
0.005,0.49797233330036317,1.0,0.6648618565647609,1.0,0.7502665190436053,0.7349163480225073,0,35529,0,35242
0.006,0.49797233330036317,1.0,0.6648618565647609,1.0,0.7502665190436053,0.7349163480225073,0,35529,0,35242
0.007,0.49797233330036317,1.0,0.6648618565647609,1.0,0.7502665190436053,0.7349163480225073,0,35529,0,35242
0.008,0.49797233330036317,1.0,0.6648618565647609,1.0,0.7502665190436053,0.7349163480225073,0,35529,0,35242
0.009000000000000001,0.49797233330036317,1.0,0.6648618565647609,1.0,0.7502665190436053,0.7349163480225073,0,35529,0,35242
0.01,0.49797233330036317,1.0,0.6648618565647609,1.0,0.7502665190436053,0.7349163480225073,0,35529,0,35242
0.011,0.49797233330036317,1.0,0.6648618565647609,1.0,0.7502665190436053,0.7349163480225073,0,35529,0,35242
0.012,0.49797233330036317,1.0,0.6648618565647609,1.0,0.7502665190436053,0.7349163480225073,0,35529,0,35242
0.013000000000000001,0.49797233330036317,1.0,0.6648618565647609,1.0,0.7502665190436053,0.7349163480225073,0,35529,0,35242
0.014,0.49797233330036317,1.0,0.6648618565647609,1.0,0.7502665190436053,0.7349163480225073,0,35529,0,35242
0.015,0.49797233330036317,1.0,0.6648618565647609,1.0,0.7502665190436053,0.7349163480225073,0,35529,0,35242
0.016,0.49797233330036317,1.0,0.6648618565647609,1.0,0.7502665190436053,0.7349163480225073,0,35529,0,35242
0.017,0.49797233330036317,1.0,0.6648618565647609,1.0,0.7502665190436053,0.7349163480225073,0,35529,0,35242
0.018000000000000002,0.49797233330036317,1.0,0.6648618565647609,1.0,0.7502665190436053,0.7349163480225073,0,35529,0,35242
0.019,0.49797233330036317,1.0,0.6648618565647609,1.0,0.7502665190436053,0.7349163480225073,0,35529,0,35242
0.02,0.49797233330036317,1.0,0.6648618565647609,1.0,0.7502665190436053,0.7349163480225073,0,35529,0,35242
0.021,0.49797233330036317,1.0,0.6648618565647609,1.0,0.7502665190436053,0.7349163480225073,0,35529,0,35242
0.022,0.49797233330036317,1.0,0.6648618565647609,1.0,0.7502665190436053,0.7349163480225073,0,35529,0,35242
0.023,0.49798640647741244,1.0,0.6648743998264331,0.9999437079568803,0.7502665190436053,0.7349163480225073,2,35527,0,35242
0.024,0.49798640647741244,1.0,0.6648743998264331,0.9999437079568803,0.7502665190436053,0.7349163480225073,2,35527,0,35242
0.025,0.49798640647741244,1.0,0.6648743998264331,0.9999437079568803,0.7502665190436053,0.7349163480225073,2,35527,0,35242
0.026000000000000002,0.49800751773450525,1.0,0.6648932156063693,0.9998592698922008,0.7502665190436053,0.7349163480225073,5,35524,0,35242
0.027,0.49804270714093923,1.0,0.6649245776062942,0.9997185397844015,0.7502665190436053,0.7349163480225073,10,35519,0,35242
0.028,0.4980708622468448,1.0,0.6649496693365031,0.999605955698162,0.7502665190436053,0.7349163480225073,14,35515,0,35242
0.029,0.49809198066540405,1.0,0.6649684893769576,0.9995215176334825,0.7502665190436053,0.7349163480225073,17,35512,0,35242
0.03,0.4981131008748993,1.0,0.6649873104827677,0.9994370795688029,0.7502665190436053,0.7349163480225073,20,35509,0,35242
0.031,0.4982046424835308,1.0,0.6650688809209285,0.9990711812885249,0.7502665190436053,0.7349163480225073,33,35496,0,35242
0.032,0.4982891722987303,1.0,0.6651441944738034,0.9987334290298067,0.7502665190436053,0.7349163480225073,45,35484,0,35242
0.033,0.4983878266772259,1.0,0.6652320818468392,0.9983393847279687,0.7502665190436053,0.7349163480225073,59,35470,0,35242
0.034,0.4984794692994243,1.0,0.6653137123493266,0.9979734864476906,0.7502665190436053,0.7349163480225073,72,35457,0,35242
0.035,0.49859230649519687,1.0,0.6654142081661553,0.997523150102733,0.7502665190436053,0.7349163480225073,88,35441,0,35242
0.036000000000000004,0.4986840243384746,1.0,0.6654958833748772,0.9971572518224548,0.7502665190436053,0.7349163480225073,101,35428,0,35242
0.037,0.49878989455806383,1.0,0.6655901489182885,0.9967350614990571,0.7502665190436053,0.7349163480225073,116,35413,0,35242
0.038,0.4989240613851294,1.0,0.6657095902831561,0.9962002870894199,0.7502665190436053,0.7349163480225073,135,35394,0,35242
0.039,0.4990017699115044,1.0,0.6657787601424429,0.9958906808522615,0.7502665190436053,0.7349163480225073,146,35383,0,35242
0.04,0.4991077751026767,1.0,0.6658731058458981,0.9954684905288638,0.7502665190436053,0.7349163480225073,161,35368,0,35242
0.041,0.4991855408716837,1.0,0.6659423096909515,0.9951588842917054,0.7502665190436053,0.7349163480225073,172,35357,0,35242
0.042,0.4993765232670181,1.0,0.6661122346759408,0.9943989417095893,0.7502665190436053,0.7349163480225073,199,35330,0,35242
0.043000000000000003,0.49949684643186165,1.0,0.6662192689773812,0.9939204593430718,0.7502665190436053,0.7349163480225073,216,35313,0,35242
0.044,0.4997164085984913,1.0,0.6664145377531532,0.9930479326747165,0.7502665190436053,0.7349163480225073,247,35282,0,35242
0.045,0.4997872762855603,1.0,0.6664775521010629,0.9927664724591179,0.7502665190436053,0.7349163480225073,257,35272,0,35242
0.046,0.4999219802822895,1.0,0.6665973121991355,0.9922316980494807,0.7502665190436053,0.7349163480225073,276,35253,0,35242
0.047,0.5000638524299397,1.0,0.6667234219661927,0.9916687776182836,0.7502665190436053,0.7349163480225073,296,35233,0,35242
0.048,0.5001703093954016,1.0,0.6668180356095439,0.9912465872948859,0.7502665190436053,0.7349163480225073,311,35218,0,35242
0.049,0.500312322544009,1.0,0.6669442289131545,0.9906836668636888,0.7502665190436053,0.7349163480225073,331,35198,0,35242
0.05,0.5003691503861881,1.0,0.6669947196093647,0.9904584986912099,0.7502665190436053,0.7349163480225073,339,35190,0,35242
0.051000000000000004,0.5004828448079982,1.0,0.667095723939503,0.9900081623462523,0.7502665190436053,0.7349163480225073,355,35174,0,35242
0.052000000000000005,0.5005681495369582,1.0,0.6671714972644491,0.9896704100875341,0.7502665190436053,0.7349163480225073,367,35162,0,35242
0.053,0.5006819344206399,1.0,0.6672725551453186,0.9892200737425765,0.7502665190436053,0.7349163480225073,383,35146,0,35242
0.054,0.5007815386364283,1.0,0.6673610059081958,0.9888260294407385,0.7502665190436053,0.7349163480225073,397,35132,0,35242
0.055,0.5008954205634043,1.0,0.6674621212121211,0.9883756930957809,0.7502665190436053,0.7349163480225073,413,35116,0,35242
0.056,0.5010307226431994,1.0,0.6675822354400887,0.9878409186861438,0.7502665190436053,0.7349163480225073,432,35097,0,35242
0.057,0.501116246000711,0.9999716247659043,0.6676518230128733,0.9874750204058657,0.7502665190436053,0.7349163480225073,445,35084,1,35241
0.058,0.5011875133328593,0.9999716247659043,0.6677150733726802,0.9871935601902672,0.7502665190436053,0.7349163480225073,455,35074,1,35241
0.059000000000000004,0.5013372407317837,0.9999716247659043,0.6678479381443297,0.9866024937375102,0.7502665190436053,0.7349163480225073,476,35053,1,35241
0.06,0.5014300146558716,0.9999432495318087,0.6679239203570853,0.9862084494356723,0.7502665190436053,0.7349163480225073,490,35039,2,35240
0.061,0.5015370602299898,0.9999432495318087,0.6680188804428184,0.9857862591122745,0.7502665190436053,0.7349163480225073,505,35024,2,35240
0.062,0.5016299164400917,0.999914874297713,0.6680949085703994,0.9853922148104366,0.7502665190436053,0.7349163480225073,519,35010,3,35239
0.063,0.501729956003588,0.9998864990636173,0.6681772931974401,0.9849700244870387,0.7502665190436053,0.7349163480225073,534,34995,4,35238
0.064,0.5017658283728746,0.9998013733613302,0.6681900933019799,0.98474485631456,0.7502665190436053,0.7349163480225073,542,34987,7,35235
0.065,0.5018229982624548,0.9998013733613302,0.6682407828857533,0.9845196881420811,0.7502665190436053,0.7349163480225073,550,34979,7,35235
0.066,0.5018730859625383,0.9997729981272345,0.6682788509867517,0.9842945199696023,0.7502665190436053,0.7349163480225073,558,34971,8,35234
0.067,0.5019660360155004,0.9997729981272345,0.6683612496917503,0.9839286216893243,0.7502665190436053,0.7349163480225073,571,34958,8,35234
0.068,0.5020376756248397,0.9997162476590432,0.6684120660216277,0.983590869430606,0.7502665190436053,0.7349163480225073,583,34946,10,35232
0.069,0.5020952109464082,0.9995743714885648,0.6684313390637748,0.9832249711503279,0.7502665190436053,0.7349163480225073,596,34933,15,35227
0.07,0.5021596886627037,0.999545996254469,0.6684821284549914,0.9829435109347294,0.7502665190436053,0.7349163480225073,606,34923,16,35226
0.07100000000000001,0.5022457331070965,0.9994892457862777,0.6685456702253855,0.9825494666328914,0.7502665190436053,0.7349163480225073,620,34909,18,35224
0.07200000000000001,0.5023030959884774,0.999460870552182,0.6685901390404785,0.9822961524388528,0.7502665190436053,0.7349163480225073,629,34900,19,35223
0.073,0.5023390478363807,0.9994041200839907,0.6686092866092106,0.9820991302879338,0.7502665190436053,0.7349163480225073,636,34893,21,35221
0.074,0.5023965763195435,0.9993189943817037,0.668641187750375,0.9817895240507755,0.7502665190436053,0.7349163480225073,647,34882,24,35218
0.075,0.502397055046657,0.9991203677430339,0.6685971441591979,0.9815925018998565,0.7502665190436053,0.7349163480225073,654,34875,31,35211
0.076,0.5024118050005708,0.9989501163384598,0.6685720796855118,0.9813673337273776,0.7502665190436053,0.7349163480225073,662,34867,37,35205
0.077,0.5024550385383957,0.9988649906361727,0.6685912898140587,0.981114019533339,0.7502665190436053,0.7349163480225073,671,34858,40,35202
0.078,0.5025196648060644,0.998836615402077,0.6686421441528716,0.9808325593177404,0.7502665190436053,0.7349163480225073,681,34848,41,35201
0.079,0.5025987377559471,0.9987798649338857,0.6686994186709221,0.9804666610374624,0.7502665190436053,0.7349163480225073,694,34835,43,35199
0.08,0.5026491295717121,0.9987231144656944,0.6687312972022988,0.9802133468434236,0.7502665190436053,0.7349163480225073,703,34826,45,35197
0.081,0.5027067948406634,0.9986379887634073,0.6687632421544689,0.9799037406062653,0.7502665190436053,0.7349163480225073,714,34815,48,35194
0.082,0.5027644831773698,0.9985528630611202,0.668795195606108,0.9795941343691069,0.7502665190436053,0.7349163480225073,725,34804,51,35191
0.083,0.502822194595676,0.9984677373588332,0.6688271575606095,0.9792845281319486,0.7502665190436053,0.7349163480225073,736,34793,54,35188
0.084,0.5028370517529692,0.9982974859542592,0.6688020986797707,0.9790593599594697,0.7502665190436053,0.7349163480225073,744,34785,60,35182
0.085,0.5028733167510078,0.9981839850178764,0.6688086999505685,0.9788060457654311,0.7502665190436053,0.7349163480225073,753,34776,64,35178
0.08600000000000001,0.5029241438478588,0.9980137336133023,0.6688154254257109,0.978440147485153,0.7502665190436053,0.7349163480225073,766,34763,70,35172
0.08700000000000001,0.5029964100290344,0.9979002326769196,0.6688538308656415,0.9780461031833151,0.7502665190436053,0.7349163480225073,780,34749,74,35168
0.088,0.503054494470435,0.9977299812723455,0.6688669285422154,0.9776520588814771,0.7502665190436053,0.7349163480225073,794,34735,80,35162
0.089,0.5031054122899912,0.9975597298677714,0.6688736681887367,0.977286160601199,0.7502665190436053,0.7349163480225073,807,34722,86,35156
0.09,0.5031490653001632,0.997417853697293,0.6688803470847923,0.9769765543640406,0.7502665190436053,0.7349163480225073,818,34711,91,35151
0.091,0.5031567193025154,0.9972759775268146,0.6688552044379741,0.9768076782346815,0.7502665190436053,0.7349163480225073,824,34705,96,35146
0.092,0.5031931040407801,0.9971624765904319,0.6688618195660451,0.9765543640406429,0.7502665190436053,0.7349163480225073,833,34696,100,35142
0.093,0.5032512174162131,0.9970206004199534,0.6688812320344178,0.9761884657603648,0.7502665190436053,0.7349163480225073,846,34683,105,35137
0.094,0.5033090763236305,0.9969638499517621,0.6689195621132794,0.9759070055447663,0.7502665190436053,0.7349163480225073,856,34673,107,35135
0.095,0.5033240679714589,0.996793598547188,0.6688944742754864,0.9756818373722874,0.7502665190436053,0.7349163480225073,864,34665,113,35129
0.096,0.5033249254758083,0.9965382214403269,0.6688377230569997,0.9754285231782488,0.7502665190436053,0.7349163480225073,873,34656,122,35120
0.097,0.5033688858306096,0.9963395948016571,0.6688317872721384,0.9750626248979707,0.7502665190436053,0.7349163480225073,886,34643,129,35113
0.098,0.5034704296449263,0.9961977186311787,0.6688894392897288,0.9745278504883335,0.7502665190436053,0.7349163480225073,905,34624,134,35108
0.099,0.5035216823743742,0.9959990919925089,0.6688898840433337,0.9741338061864956,0.7502665190436053,0.7349163480225073,919,34610,141,35101
0.1,0.5036016645142776,0.9958572158220306,0.6689284489002402,0.9736834698415379,0.7502665190436053,0.7349163480225073,935,34594,146,35096
0.101,0.5036237603869171,0.9957437148856478,0.6689223320402969,0.973486447690619,0.7502665190436053,0.7349163480225073,942,34587,150,35092
0.10200000000000001,0.5036032156187195,0.9954315873105953,0.6688337686602733,0.9732612795181401,0.7502665190436053,0.7349163480225073,950,34579,161,35081
0.10300000000000001,0.5036830693680628,0.9953464616083083,0.668884969252038,0.9728672352163021,0.7502665190436053,0.7349163480225073,964,34565,164,35078
0.10400000000000001,0.5037484919859827,0.9952613359060212,0.6689234290073424,0.9725294829575839,0.7502665190436053,0.7349163480225073,976,34553,167,35075
0.105,0.5037635026430706,0.9951194597355428,0.6689046138587423,0.972332460806665,0.7502665190436053,0.7349163480225073,983,34546,172,35070
0.106,0.503829408130128,0.9949208330968731,0.6689178232460533,0.9718821244617073,0.7502665190436053,0.7349163480225073,999,34530,179,35063
0.107,0.5039096188121658,0.9947789569263946,0.668956437117179,0.9714317881167497,0.7502665190436053,0.7349163480225073,1015,34514,184,35058
0.108,0.5039466306270038,0.9945803302877249,0.6689441290137889,0.9710940358580314,0.7502665190436053,0.7349163480225073,1027,34502,191,35051
0.109,0.5040558032503956,0.9944668293513421,0.6690146222273128,0.9705592614483942,0.7502665190436053,0.7349163480225073,1046,34483,195,35047
0.11,0.5040499518034155,0.994126326542194,0.6689324003093108,0.9702496552112359,0.7502665190436053,0.7349163480225073,1057,34472,207,35035
0.111,0.5040368424839894,0.9937858237330458,0.6688437556695026,0.9699681949956374,0.7502665190436053,0.7349163480225073,1067,34462,219,35023
0.112,0.5040882132780561,0.9936439475625674,0.6688568427084327,0.9696304427369191,0.7502665190436053,0.7349163480225073,1079,34450,224,35018
0.113,0.5041181891487155,0.993416945689802,0.6688317890916037,0.9692926904782009,0.7502665190436053,0.7349163480225073,1091,34438,232,35010
0.114,0.5041336598012387,0.9931899438170365,0.6687939468052584,0.9690112302626024,0.7502665190436053,0.7349163480225073,1101,34428,240,35002
0.115,0.5041497363188381,0.9928210657737926,0.6687244371392531,0.9685890399392046,0.7502665190436053,0.7349163480225073,1116,34413,253,34989
0.116,0.5041801199261993,0.9925089381987401,0.6686803418149839,0.9681668496158068,0.7502665190436053,0.7349163480225073,1131,34398,264,34978
0.117,0.504239610071237,0.9921968106236877,0.668661796764447,0.9676320752061696,0.7502665190436053,0.7349163480225073,1150,34379,275,34967
0.11800000000000001,0.5042989036353145,0.9919414335168265,0.6686559170635604,0.9671535928396521,0.7502665190436053,0.7349163480225073,1167,34362,284,34958
0.11900000000000001,0.5043579901295853,0.9917428068781567,0.6686627128371916,0.9667314025162543,0.7502665190436053,0.7349163480225073,1182,34347,291,34951
0.12,0.5043518424964998,0.9914874297712956,0.6685992556662169,0.9665062343437755,0.7502665190436053,0.7349163480225073,1190,34339,300,34942
0.121,0.504360255262626,0.9912320526644345,0.6685485723034524,0.966224774128177,0.7502665190436053,0.7349163480225073,1200,34329,309,34933
0.122,0.5043620186613513,0.990834799387095,0.6684597419503043,0.965830729826339,0.7502665190436053,0.7349163480225073,1214,34315,323,34919
0.123,0.5043848876688579,0.9906077975143295,0.6684281570406961,0.9655211235891806,0.7502665190436053,0.7349163480225073,1225,34304,331,34911
0.124,0.5044438342702718,0.9904659213438511,0.6684476105669337,0.9651552253089026,0.7502665190436053,0.7349163480225073,1238,34291,336,34906
0.125,0.5044744184701682,0.9901537937687986,0.668403359734899,0.9647330349855048,0.7502665190436053,0.7349163480225073,1253,34276,347,34895
0.126,0.5045270465721724,0.9898132909596504,0.6683719415224847,0.9641982605758675,0.7502665190436053,0.7349163480225073,1272,34257,359,34883
0.127,0.504594058832892,0.9895295386186936,0.6683660268511686,0.9636634861662304,0.7502665190436053,0.7349163480225073,1291,34238,369,34873
0.128,0.5045886167564125,0.9891322853413541,0.6682706132699423,0.9632975878859523,0.7502665190436053,0.7349163480225073,1304,34225,383,34859
0.129,0.504604558223046,0.9888485330003972,0.6682198189906428,0.9629598356272341,0.7502665190436053,0.7349163480225073,1316,34213,393,34849
0.13,0.5045991163902368,0.9884512797230577,0.6681243227173778,0.962593937346956,0.7502665190436053,0.7349163480225073,1329,34200,407,34835
0.131,0.5047538987767407,0.9881959026161966,0.6682016155336826,0.9617495567001604,0.7502665190436053,0.7349163480225073,1359,34170,416,34826
0.132,0.5048066466570968,0.9878837750411441,0.6681764530894645,0.9612429283120831,0.7502665190436053,0.7349163480225073,1377,34152,427,34815
0.133,0.5049181754874652,0.9875432722319959,0.668196217721033,0.960482985729967,0.7502665190436053,0.7349163480225073,1404,34125,439,34803
0.134,0.504964291935203,0.9871176437205607,0.6681391284306758,0.9598919192772102,0.7502665190436053,0.7349163480225073,1425,34104,454,34788
0.135,0.5050170623684019,0.9868338913796039,0.6681202993074433,0.9594134369106927,0.7502665190436053,0.7349163480225073,1442,34087,464,34778
0.136,0.5050042852369954,0.98646501333636,0.668024557324443,0.9591038306735343,0.7502665190436053,0.7349163480225073,1453,34076,477,34765
0.137,0.5050507986802517,0.9859826343567334,0.6679545956960102,0.9584564721776577,0.7502665190436053,0.7349163480225073,1476,34053,494,34748
0.138,0.5051834188754961,0.9858975086544464,0.6680510291389073,0.9578654057249008,0.7502665190436053,0.7349163480225073,1497,34032,497,34745
0.139,0.5052512146161231,0.9855853810793939,0.6680386198407509,0.9573024852937038,0.7502665190436053,0.7349163480225073,1517,34012,508,34734
0.14,0.5052898118369544,0.9852448782702458,0.6679941130638041,0.9568240029271863,0.7502665190436053,0.7349163480225073,1534,33995,520,34722
0.14100000000000001,0.5053422224810038,0.9850746268656716,0.6680007696748124,0.9564581046469082,0.7502665190436053,0.7349163480225073,1547,33982,526,34716
0.14200000000000002,0.5054688979187603,0.9847908745247148,0.6680461584362338,0.9556981620647922,0.7502665190436053,0.7349163480225073,1574,33955,536,34706
0.14300000000000002,0.5055009107468124,0.984336870779184,0.6679696149883986,0.9551352416335951,0.7502665190436053,0.7349163480225073,1594,33935,552,34690
0.14400000000000002,0.5055180557782865,0.9839112422677487,0.6678865507776761,0.9546567592670776,0.7502665190436053,0.7349163480225073,1611,33918,567,34675
0.145,0.5055711118889278,0.9836558651608875,0.6678740005779791,0.95420642292212,0.7502665190436053,0.7349163480225073,1627,33902,576,34666
0.146,0.5055955177495367,0.983258611883548,0.6678036982433826,0.9537279405556025,0.7502665190436053,0.7349163480225073,1644,33885,590,34652
0.147,0.5056642335766424,0.9828613586062085,0.6677719727786239,0.9530805820597259,0.7502665190436053,0.7349163480225073,1667,33862,604,34638
0.148,0.5057105301591938,0.9825208557970603,0.6677337241592101,0.9525739536716485,0.7502665190436053,0.7349163480225073,1685,33844,616,34626
0.149,0.5057583818070212,0.981924975881051,0.6676377527396203,0.9518140110895325,0.7502665190436053,0.7349163480225073,1712,33817,637,34605
0.15,0.5058274717400524,0.9814993473696157,0.667599517490953,0.9511385065720961,0.7502665190436053,0.7349163480225073,1736,33793,652,34590
0.151,0.5058740910886453,0.9811304693263719,0.667554757560839,0.9506037321624589,0.7502665190436053,0.7349163480225073,1755,33774,665,34577
0.152,0.505914041456845,0.9806480903467454,0.6674778376499217,0.9499845196881421,0.7502665190436053,0.7349163480225073,1777,33752,682,34560
0.153,0.5059679852374745,0.9803075875375972,0.6674458815915303,0.9494497452785049,0.7502665190436053,0.7349163480225073,1796,33733,694,34548
0.154,0.5060662895993905,0.9799954599625447,0.6674590290661719,0.9487742407610684,0.7502665190436053,0.7349163480225073,1820,33709,705,34537
0.155,0.5061791740577309,0.9797400828556836,0.6674979459668455,0.948098736243632,0.7502665190436053,0.7349163480225073,1844,33685,714,34528
0.156,0.5062487165194942,0.9793144543442484,0.6674595807225187,0.9474232317261955,0.7502665190436053,0.7349163480225073,1868,33661,729,34513
0.157,0.506303106793267,0.9789455763010045,0.6674211427410697,0.9468603112949985,0.7502665190436053,0.7349163480225073,1888,33641,742,34500
0.158,0.5063794799512547,0.978633448725952,0.6674149258352604,0.9462692448422415,0.7502665190436053,0.7349163480225073,1909,33620,753,34489
0.159,0.5064778636270161,0.9783780716190908,0.667440960123887,0.9456500323679248,0.7502665190436053,0.7349163480225073,1931,33598,762,34480
0.16,0.5066204241186238,0.9782078202145168,0.6675250994781632,0.9449463818289284,0.7502665190436053,0.7349163480225073,1956,33573,768,34474
0.161,0.5067935182189807,0.9779524431076556,0.667615837594917,0.9440457091390132,0.7502665190436053,0.7349163480225073,1988,33541,777,34465
0.162,0.5069144084502898,0.9777254412348901,0.6676678034413268,0.9433702046215767,0.7502665190436053,0.7349163480225073,2012,33517,785,34457
0.163,0.5070729373666004,0.9774700641280291,0.667745718522539,0.9425258239747811,0.7502665190436053,0.7349163480225073,2042,33487,794,34448
0.164,0.5071499050115607,0.9771579365529766,0.6677395898977169,0.9419347575220243,0.7502665190436053,0.7349163480225073,2063,33466,805,34437
0.165,0.5072709324768317,0.9769593099143068,0.6677980895117103,0.9412873990261477,0.7502665190436053,0.7349163480225073,2086,33443,812,34430
0.166,0.5074369444403497,0.976760683275637,0.6678954976280329,0.9404711644009119,0.7502665190436053,0.7349163480225073,2115,33414,819,34423
0.167,0.5075586625960503,0.9765053061687758,0.6679411907419089,0.9397675138619156,0.7502665190436053,0.7349163480225073,2140,33389,828,34414
0.168,0.5075840292737628,0.976136428125532,0.6678768346664595,0.939317177516958,0.7502665190436053,0.7349163480225073,2156,33373,841,34401
0.169,0.5076750501830204,0.9759945519550536,0.667922403246791,0.9388386951504405,0.7502665190436053,0.7349163480225073,2173,33356,846,34396
0.17,0.5078056921736305,0.975597298677714,0.6679423792363209,0.937966168482085,0.7502665190436053,0.7349163480225073,2204,33325,860,34382
0.171,0.5078607523862998,0.9752851711026616,0.6679168286047416,0.9374595400940077,0.7502665190436053,0.7349163480225073,2222,33307,871,34371
0.17200000000000001,0.5079529328287606,0.9750297939958005,0.667936631353873,0.9368684736412508,0.7502665190436053,0.7349163480225073,2243,33286,880,34362
0.17300000000000001,0.5081647142350018,0.9748595425912264,0.6680797277588721,0.9359115089082158,0.7502665190436053,0.7349163480225073,2277,33252,886,34356
0.17400000000000002,0.5083556594976243,0.9745190397820782,0.6681647065690023,0.9348701061105013,0.7502665190436053,0.7349163480225073,2314,33215,898,34344
0.17500000000000002,0.5084723168528009,0.974093411270643,0.6681653626065631,0.9340257254637057,0.7502665190436053,0.7349163480225073,2344,33185,913,34329
0.176,0.5085803200948429,0.9738096589296862,0.6681918186951189,0.9333502209462693,0.7502665190436053,0.7349163480225073,2368,33161,923,34319
0.177,0.5086509807410043,0.9734975313546337,0.6681792951670547,0.9327873005150722,0.7502665190436053,0.7349163480225073,2388,33141,934,34308
0.178,0.5088268454782815,0.9732421542477725,0.6682708231855822,0.931886627825157,0.7502665190436053,0.7349163480225073,2420,33109,943,34299
0.179,0.5089961699474481,0.9729016514386244,0.6683365170948501,0.9309296630921219,0.7502665190436053,0.7349163480225073,2454,33075,955,34287
0.18,0.5091503267973856,0.9725895238635719,0.6683957021118933,0.9300571364237665,0.7502665190436053,0.7349163480225073,2485,33044,966,34276
0.181,0.5094179736861667,0.9723057715226151,0.6685592203459276,0.9287905654535732,0.7502665190436053,0.7349163480225073,2530,32999,976,34266
0.182,0.5094760643836839,0.9717950173088928,0.6684884447220487,0.9280869149145768,0.7502665190436053,0.7349163480225073,2555,32974,994,34248
0.183,0.5096375679095037,0.9715680154361274,0.6685737159147491,0.9272706802893411,0.7502665190436053,0.7349163480225073,2584,32945,1002,34240
0.184,0.5097688825351442,0.9713410135633619,0.668632927710608,0.9265670297503448,0.7502665190436053,0.7349163480225073,2609,32920,1010,34232
0.185,0.5099377216246015,0.9711707621587878,0.6687377881985151,0.9257789411466689,0.7502665190436053,0.7349163480225073,2637,32892,1016,34226
0.186,0.5100418971506956,0.9706600079450656,0.6687061997243698,0.9249064144783135,0.7502665190436053,0.7349163480225073,2668,32861,1034,34208
0.187,0.5102872062663185,0.9704897565404914,0.6688765681989302,0.9238368656590391,0.7502665190436053,0.7349163480225073,2706,32823,1040,34202
0.188,0.5104502567777379,0.9702060041995346,0.6689491910081584,0.9229643389906836,0.7502665190436053,0.7349163480225073,2737,32792,1050,34192
0.189,0.5107050544590698,0.9699222518585778,0.6691004472805927,0.92175406006361,0.7502665190436053,0.7349163480225073,2780,32749,1060,34182
0.19,0.5109373364632706,0.969638499517621,0.6692322003858092,0.920628219201216,0.7502665190436053,0.7349163480225073,2820,32709,1070,34172
0.191,0.511047616198184,0.9693547471766643,0.6692591758171792,0.9199527146837795,0.7502665190436053,0.7349163480225073,2844,32685,1080,34162
0.192,0.5112794335583731,0.9691561205379945,0.6694105541672791,0.9189113118860649,0.7502665190436053,0.7349163480225073,2881,32648,1087,34155
0.193,0.5115509078923713,0.9688723681970376,0.6695754485733896,0.9176447409158716,0.7502665190436053,0.7349163480225073,2926,32603,1097,34145
0.194,0.5117140073446751,0.9687021167924635,0.6696744706101591,0.9168847983337555,0.7502665190436053,0.7349163480225073,2953,32576,1103,34139
0.195,0.5118944052797361,0.968389989217411,0.669754297825575,0.9159278336007205,0.7502665190436053,0.7349163480225073,2987,32542,1114,34128
0.196,0.5121812095648388,0.9681913625787413,0.6699521897487752,0.914689408652087,0.7502665190436053,0.7349163480225073,3031,32498,1121,34121
0.197,0.5123925974884336,0.9679076102377845,0.6700650205276288,0.9136480058543724,0.7502665190436053,0.7349163480225073,3068,32461,1131,34111
0.198,0.5126420539955505,0.967680608365019,0.6702238468643751,0.9125221649919784,0.7502665190436053,0.7349163480225073,3108,32421,1139,34103
0.199,0.5129987362339773,0.9675387321945406,0.6704945433094092,0.9110867178924259,0.7502665190436053,0.7349163480225073,3159,32370,1144,34098
0.2,0.5132656748780341,0.9672266046194881,0.670647490507014,0.9098201469222326,0.7502665190436053,0.7349163480225073,3204,32325,1155,34087
0.201,0.5135090336482678,0.966971227512627,0.6707937601495989,0.9086943060598385,0.7502665190436053,0.7349163480225073,3244,32285,1164,34078
0.202,0.5137665862484921,0.9668293513421485,0.6709793032827238,0.907624757240564,0.7502665190436053,0.7349163480225073,3282,32247,1169,34073
0.203,0.51399683090621,0.9664604732989047,0.6710867230831371,0.9064426243350503,0.7502665190436053,0.7349163480225073,3324,32205,1182,34060
0.20400000000000001,0.5143271452955304,0.9661767209579479,0.6712997190595889,0.9049790312139379,0.7502665190436053,0.7349163480225073,3376,32153,1192,34050
0.20500000000000002,0.5144558465700425,0.9658929686169911,0.6713408080150678,0.9042472346533817,0.7502665190436053,0.7349163480225073,3402,32127,1202,34040
0.20600000000000002,0.5146578326375023,0.9654105896373645,0.6713961519486926,0.9030651017478679,0.7502665190436053,0.7349163480225073,3444,32085,1219,34023
0.20700000000000002,0.5149721448467967,0.9652403382327904,0.6716223420008293,0.9017703847561147,0.7502665190436053,0.7349163480225073,3490,32039,1225,34017
0.20800000000000002,0.5153030303030303,0.9650417115941207,0.671855554019083,0.900391229699682,0.7502665190436053,0.7349163480225073,3539,31990,1232,34010
0.209,0.5154515679019834,0.9645593326144941,0.6718648087755709,0.8994061189450872,0.7502665190436053,0.7349163480225073,3574,31955,1249,33993
0.21,0.5157079981787828,0.9641904545712502,0.6719930388007752,0.8981395479748937,0.7502665190436053,0.7349163480225073,3619,31910,1262,33980
0.211,0.515917858987211,0.9638215765280064,0.6720815195884448,0.8970418531340595,0.7502665190436053,0.7349163480225073,3658,31871,1275,33967
0.212,0.5162521284359036,0.9635378241870496,0.6722960264507315,0.8955782600129472,0.7502665190436053,0.7349163480225073,3710,31819,1285,33957
0.213,0.5165365356224221,0.9629986947392316,0.6724057655158749,0.8940583748487151,0.7502665190436053,0.7349163480225073,3764,31765,1304,33938
0.214,0.5169119663588994,0.9626865671641791,0.6726476069630041,0.8924259055982436,0.7502665190436053,0.7349163480225073,3822,31707,1315,33927
0.215,0.5171340989156792,0.9621758129504568,0.6727108607024886,0.8911593346280503,0.7502665190436053,0.7349163480225073,3867,31662,1333,33909
0.216,0.5173945564731564,0.9617501844390216,0.6728270687139581,0.8898364716147372,0.7502665190436053,0.7349163480225073,3914,31615,1348,33894
0.217,0.5176697071091351,0.9614096816298734,0.6729762744182812,0.888541754622984,0.7502665190436053,0.7349163480225073,3960,31569,1360,33882
0.218,0.5178863653743213,0.9608421769479598,0.6730201635743885,0.8872470376312308,0.7502665190436053,0.7349163480225073,4006,31523,1380,33862
0.219,0.5181822357642664,0.9603030475001418,0.6731375493520829,0.885699006445439,0.7502665190436053,0.7349163480225073,4061,31468,1399,33843
0.22,0.5184310960562819,0.959763918052324,0.6732149076976663,0.8843198513890062,0.7502665190436053,0.7349163480225073,4110,31419,1418,33824
0.221,0.5187668794500369,0.9592815390726973,0.6733791455034359,0.8826873821385347,0.7502665190436053,0.7349163480225073,4168,31361,1435,33807
0.222,0.5190390611799763,0.9588275353271665,0.6734964372913448,0.881308227082102,0.7502665190436053,0.7349163480225073,4217,31312,1451,33791
0.223,0.5192310649750096,0.9580330287724874,0.6734618568422313,0.8799009260041093,0.7502665190436053,0.7349163480225073,4267,31262,1479,33763
0.224,0.5195356999907632,0.9576074002610522,0.6736127744510978,0.878437332882997,0.7502665190436053,0.7349163480225073,4319,31210,1494,33748
0.225,0.5197738372182594,0.9573236479200954,0.6737426486006131,0.8773396380421628,0.7502665190436053,0.7349163480225073,4358,31171,1504,33738
0.226,0.5200314581791265,0.9568980194086601,0.6738535318213608,0.8760449210504095,0.7502665190436053,0.7349163480225073,4404,31125,1519,33723
0.227,0.5201858082039569,0.9564440156631292,0.6738704518192722,0.8750879563173746,0.7502665190436053,0.7349163480225073,4438,31091,1535,33707
0.228,0.5203454242105914,0.9557630100448329,0.6738351971512594,0.8739058234118607,0.7502665190436053,0.7349163480225073,4480,31049,1559,33683
0.229,0.5207479468580355,0.955394132001589,0.6740808216298462,0.8721607700751499,0.7502665190436053,0.7349163480225073,4542,30987,1572,33670
0.23,0.5210739834628844,0.9548833777878668,0.6742266388844366,0.8705564468462382,0.7502665190436053,0.7349163480225073,4599,30930,1590,33652
0.231,0.521368448791679,0.9543726235741445,0.6743456337152768,0.8690647077035661,0.7502665190436053,0.7349163480225073,4652,30877,1608,33634
0.232,0.52168515788657,0.9539753702968049,0.6745112201189725,0.8676011145824538,0.7502665190436053,0.7349163480225073,4704,30825,1622,33620
0.233,0.5220349514563106,0.9535781170194654,0.6747041167672184,0.866024937375102,0.7502665190436053,0.7349163480225073,4760,30769,1636,33606
0.234,0.5223437184053755,0.9528971114011691,0.6747912752554429,0.8643361760815109,0.7502665190436053,0.7349163480225073,4820,30709,1660,33582
0.23500000000000001,0.5228076186323216,0.9525566085920208,0.6750927573828844,0.8624222466154409,0.7502665190436053,0.7349163480225073,4888,30641,1672,33570
0.23600000000000002,0.5232585338468976,0.9521309800805856,0.675361531262265,0.860480171127811,0.7502665190436053,0.7349163480225073,4957,30572,1687,33555
0.23700000000000002,0.5234920287931546,0.951308098291811,0.6753487435161404,0.8589321399420192,0.7502665190436053,0.7349163480225073,5012,30517,1716,33526
0.23800000000000002,0.523850457941296,0.9510527211849498,0.6755825203579781,0.8574685468209069,0.7502665190436053,0.7349163480225073,5064,30465,1725,33517
0.23900000000000002,0.524063585442939,0.9504284660348448,0.6756020815684376,0.8561738298291537,0.7502665190436053,0.7349163480225073,5110,30419,1747,33495
0.24,0.5243025641828919,0.9497758356506442,0.6756355782525761,0.854766528751161,0.7502665190436053,0.7349163480225073,5160,30369,1770,33472
0.241,0.5246040457895562,0.9492650814369219,0.675756473962752,0.8532747896084888,0.7502665190436053,0.7349163480225073,5213,30316,1788,33454
0.242,0.5249705628385274,0.948811077691391,0.6759452985233028,0.8516141743364576,0.7502665190436053,0.7349163480225073,5272,30257,1804,33438
0.243,0.5253080985915493,0.9482435730094774,0.676080843229683,0.8499535590644263,0.7502665190436053,0.7349163480225073,5331,30198,1824,33418
0.244,0.5256995373139026,0.9478463197321378,0.6763038548752834,0.8482647977708351,0.7502665190436053,0.7349163480225073,5391,30138,1838,33404
0.245,0.5261192265872453,0.9473639407525112,0.67652810001925,0.8464071603478849,0.7502665190436053,0.7349163480225073,5457,30072,1855,33387
0.246,0.5263456805704549,0.9467113103683106,0.6765487174287743,0.8450561513130119,0.7502665190436053,0.7349163480225073,5505,30024,1878,33364
0.247,0.5267206925422175,0.9461154304523012,0.6767060733674971,0.8432548059331814,0.7502665190436053,0.7349163480225073,5569,29960,1899,33343
0.248,0.5269543484450632,0.9452641734294308,0.6766808856388381,0.8417067747473894,0.7502665190436053,0.7349163480225073,5624,29905,1929,33313
0.249,0.5272779115447979,0.9444980421088474,0.6767510419843448,0.8399335753891187,0.7502665190436053,0.7349163480225073,5687,29842,1956,33286
0.25,0.5276574818762988,0.9438454117246468,0.6768958394806728,0.8380759379661685,0.7502665190436053,0.7349163480225073,5753,29776,1979,33263
0.251,0.5280177890724269,0.9433062822768288,0.6770534205006007,0.8363871766725773,0.7502665190436053,0.7349163480225073,5813,29716,1998,33244
0.252,0.5283921955253073,0.9428806537653935,0.6772513731924303,0.8347547074221059,0.7502665190436053,0.7349163480225073,5871,29658,2013,33229
0.253,0.528825486793294,0.942483400488054,0.6775045639514131,0.8329533620422753,0.7502665190436053,0.7349163480225073,5935,29594,2027,33215
0.254,0.5290226953971694,0.941859145337949,0.67750494968669,0.8317430831152016,0.7502665190436053,0.7349163480225073,5978,29551,2049,33193
0.255,0.5292099510108988,0.9410362635491742,0.6774453829576442,0.8303920740803288,0.7502665190436053,0.7349163480225073,6026,29503,2078,33164
0.256,0.5296034763715373,0.9406390102718347,0.6776646633141175,0.8287314588082975,0.7502665190436053,0.7349163480225073,6085,29444,2092,33150
0.257,0.5298248420379109,0.9398445037171557,0.677639452929202,0.827296011708745,0.7502665190436053,0.7349163480225073,6136,29393,2120,33122
0.258,0.5301768323936443,0.9392202485670507,0.6777648094682311,0.8255791043935939,0.7502665190436053,0.7349163480225073,6197,29332,2142,33100
0.259,0.5304718690375027,0.9387946200556154,0.6778949093852127,0.824228095358721,0.7502665190436053,0.7349163480225073,6245,29284,2157,33085
0.26,0.530929821744018,0.9381136144373191,0.6780909016326196,0.8221171437417321,0.7502665190436053,0.7349163480225073,6320,29209,2181,33061
0.261,0.5312409557192012,0.9375177345213098,0.6781887598013054,0.8205691125559402,0.7502665190436053,0.7349163480225073,6375,29154,2202,33040
0.262,0.5314864299282058,0.9368651041371091,0.6782178217821783,0.8191899574995074,0.7502665190436053,0.7349163480225073,6424,29105,2225,33017
0.263,0.5317934914008479,0.9361840985188128,0.6782891152616594,0.8175856342705958,0.7502665190436053,0.7349163480225073,6481,29048,2249,32993
0.264,0.5320886249576401,0.9356165938368991,0.678380018722161,0.8161220411494835,0.7502665190436053,0.7349163480225073,6533,28996,2269,32973
0.265,0.5323670092431,0.93482208728222,0.6783971336202459,0.8145177179205719,0.7502665190436053,0.7349163480225073,6590,28939,2297,32945
0.266,0.5327583696056698,0.9342545826003065,0.6785651721401853,0.8127445185623012,0.7502665190436053,0.7349163480225073,6653,28876,2317,32925
0.267,0.5330968118195957,0.9337438283865842,0.6787047540476436,0.8111964873765093,0.7502665190436053,0.7349163480225073,6708,28821,2335,32907
0.268,0.5335258053005483,0.9333749503433403,0.6789547556142668,0.8094795800613583,0.7502665190436053,0.7349163480225073,6769,28760,2348,32894
0.269,0.5338347085959327,0.9325520685545656,0.6789868396586989,0.8077626727462073,0.7502665190436053,0.7349163480225073,6830,28699,2377,32865
0.27,0.534235655837712,0.9318426877021735,0.6791227652952551,0.8058487432801373,0.7502665190436053,0.7349163480225073,6898,28631,2402,32840
0.271,0.5345212306790234,0.9312184325520686,0.6791874915924213,0.804385150159025,0.7502665190436053,0.7349163480225073,6950,28579,2424,32818
0.272,0.5349041989400733,0.9307928040406334,0.679383226153862,0.8027808269301134,0.7502665190436053,0.7349163480225073,7007,28522,2439,32803
0.273,0.5352326530612245,0.9302252993587197,0.679496745844215,0.8012327957443215,0.7502665190436053,0.7349163480225073,7062,28467,2459,32783
0.274,0.535699100572363,0.9295159185063276,0.6796829612415968,0.7991218441273326,0.7502665190436053,0.7349163480225073,7137,28392,2484,32758
0.275,0.5363320665705674,0.9290619147607968,0.6800706200020771,0.7967012862731853,0.7502665190436053,0.7349163480225073,7223,28306,2500,32742
0.276,0.5366973982086026,0.9283241586743091,0.6801663201663202,0.7948999408933547,0.7502665190436053,0.7349163480225073,7287,28242,2526,32716
0.277,0.5370638102122626,0.9275864025878213,0.6802621995630006,0.7930985955135241,0.7502665190436053,0.7349163480225073,7351,28178,2552,32690
0.278,0.5374263810745895,0.9269621474377163,0.6803848877410754,0.791409834219933,0.7502665190436053,0.7349163480225073,7411,28118,2574,32668
0.279,0.5377178245544685,0.926366267521707,0.6804577097836508,0.7899743871203805,0.7502665190436053,0.7349163480225073,7462,28067,2595,32647
0.28,0.5382356337958456,0.9256852619034107,0.6806881370431807,0.7877508514171522,0.7502665190436053,0.7349163480225073,7541,27988,2619,32623
0.281,0.5387806369510966,0.92503263151921,0.680947059499316,0.7854710236708041,0.7502665190436053,0.7349163480225073,7622,27907,2642,32600
0.28200000000000003,0.5391363357995266,0.9242665001986267,0.6810232178885416,0.7836978243125334,0.7502665190436053,0.7349163480225073,7685,27844,2669,32573
0.28300000000000003,0.5395836096008487,0.9236706202826174,0.6812179554253427,0.7817838948464635,0.7502665190436053,0.7349163480225073,7753,27776,2690,32552
0.28400000000000003,0.5401035787796296,0.9232733670052778,0.681523993046101,0.7798136733372738,0.7502665190436053,0.7349163480225073,7823,27706,2704,32538
0.28500000000000003,0.5405719986697706,0.9224788604505987,0.6816799815478812,0.777674575698725,0.7502665190436053,0.7349163480225073,7899,27630,2732,32510
0.28600000000000003,0.5409568533413266,0.9217694795982067,0.6817919469425876,0.7758732303188944,0.7502665190436053,0.7349163480225073,7963,27566,2757,32485
0.28700000000000003,0.5414755383563243,0.921116849214006,0.6820249388085259,0.7737059866587858,0.7502665190436053,0.7349163480225073,8040,27489,2780,32462
0.28800000000000003,0.5419110153208695,0.9203507178934226,0.68215994531784,0.7717076191280362,0.7502665190436053,0.7349163480225073,8111,27418,2807,32435
0.289,0.5423541617858697,0.9196413370410306,0.6823157894736843,0.7697373976188466,0.7502665190436053,0.7349163480225073,8181,27348,2832,32410
0.29,0.5427742951962723,0.9188752057204472,0.682436988957262,0.7677953221312167,0.7502665190436053,0.7349163480225073,8250,27279,2859,32383
0.291,0.543191014254294,0.9180239486975768,0.6825311435292132,0.7657969546004673,0.7502665190436053,0.7349163480225073,8321,27208,2889,32353
0.292,0.543819808908626,0.9173429430792804,0.6828387369310381,0.7632919586816403,0.7502665190436053,0.7349163480225073,8410,27119,2913,32329
0.293,0.5442553908355795,0.9167186879291754,0.683008815881271,0.76143432125869,0.7502665190436053,0.7349163480225073,8476,27053,2935,32307
0.294,0.5448640075588851,0.9163214346518359,0.683377420378796,0.7592389315770216,0.7502665190436053,0.7349163480225073,8554,26975,2949,32293
0.295,0.5453485227503212,0.9155269280971569,0.6835370633222465,0.7570998339384728,0.7502665190436053,0.7349163480225073,8630,26899,2977,32265
0.296,0.5458839063531563,0.9150161738834346,0.6838148756825533,0.7550451743646036,0.7502665190436053,0.7349163480225073,8703,26826,2995,32247
0.297,0.54629613930382,0.9142500425628511,0.683923965994842,0.7531593909200934,0.7502665190436053,0.7349163480225073,8770,26759,3022,32220
0.298,0.5466585167074165,0.9135690369445548,0.6840170813061676,0.7514987756480621,0.7502665190436053,0.7349163480225073,8829,26700,3046,32196
0.299,0.5471845716909577,0.9129731570285455,0.684261454866391,0.749415970052633,0.7502665190436053,0.7349163480225073,8903,26626,3067,32175
0.3,0.5477281632792136,0.9122637761761535,0.6844867413960124,0.7471924343494047,0.7502665190436053,0.7349163480225073,8982,26547,3092,32150
0.301,0.5481873240638062,0.9117530219624312,0.6847011943701589,0.7453910889695742,0.7502665190436053,0.7349163480225073,9046,26483,3110,32132
0.302,0.5487494230078813,0.910788264003178,0.6848669120392596,0.7429142390723071,0.7502665190436053,0.7349163480225073,9134,26395,3144,32098
0.303,0.5491968903044625,0.9100505079166903,0.6850064075181546,0.7409721635846773,0.7502665190436053,0.7349163480225073,9203,26326,3170,32072
0.304,0.5498001132405675,0.9092560013620112,0.6852499331729484,0.7385234597089702,0.7502665190436053,0.7349163480225073,9290,26239,3198,32044
0.305,0.5503180333505243,0.9083479938709494,0.6853937395623688,0.7362436319626221,0.7502665190436053,0.7349163480225073,9371,26158,3230,32012
0.306,0.5509051137635853,0.907581862550366,0.6856303790956153,0.7338793661515944,0.7502665190436053,0.7349163480225073,9455,26074,3257,31985
0.307,0.5514689392240413,0.9070711083366437,0.6859208874679483,0.7317965605561654,0.7502665190436053,0.7349163480225073,9529,26000,3275,31967
0.308,0.5519416552892177,0.9062198513137734,0.6860426400300736,0.7297137549607363,0.7502665190436053,0.7349163480225073,9603,25926,3305,31937
0.309,0.552385568866422,0.9053969695249986,0.6861492806915682,0.7277435334515466,0.7502665190436053,0.7349163480225073,9673,25856,3334,31908
0.31,0.5530199247403195,0.904914590545372,0.6864996932482322,0.7254918517267585,0.7502665190436053,0.7349163480225073,9753,25776,3351,31891
0.311,0.5535655346130461,0.90420520969298,0.686715441723146,0.7233246080666498,0.7502665190436053,0.7349163480225073,9830,25699,3376,31866
0.312,0.5540263084632516,0.903495828840588,0.6868649826347694,0.7214106786005798,0.7502665190436053,0.7349163480225073,9898,25631,3401,31841
0.313,0.5545603457289234,0.9030134498609613,0.6871356393315197,0.71946860311295,0.7502665190436053,0.7349163480225073,9967,25562,3418,31824
0.314,0.5549272175096869,0.902162192838091,0.6871703985475923,0.7177235497762391,0.7502665190436053,0.7349163480225073,10029,25500,3448,31794
0.315,0.5553380409704258,0.901537937687986,0.6873039565621823,0.716034788482648,0.7502665190436053,0.7349163480225073,10089,25440,3470,31772
0.316,0.555752057433024,0.9006015549628285,0.6873484060984062,0.7140927129950182,0.7502665190436053,0.7349163480225073,10158,25371,3503,31739
0.317,0.5560932842363668,0.8998921741104364,0.687402462285417,0.7125446818092263,0.7502665190436053,0.7349163480225073,10213,25316,3528,31714
0.318,0.556613719426483,0.8988706656829919,0.6875013564251146,0.7102367080413183,0.7502665190436053,0.7349163480225073,10295,25234,3564,31678
0.319,0.5569894366197183,0.8977072810850689,0.6874470350492166,0.7082383405105688,0.7502665190436053,0.7349163480225073,10366,25163,3605,31637
0.32,0.5575250895109088,0.8969411497644856,0.6876298415253591,0.7060992428720201,0.7502665190436053,0.7349163480225073,10442,25087,3632,31610
0.321,0.5581202170339866,0.8960615175075194,0.6878233122420309,0.7037068310394325,0.7502665190436053,0.7349163480225073,10527,25002,3663,31579
0.322,0.5586735597181403,0.8953805118892231,0.6880423880336662,0.7015958794224436,0.7502665190436053,0.7349163480225073,10602,24927,3687,31555
0.323,0.5591849763260095,0.8947562567391181,0.6882455010749403,0.6996538039348138,0.7502665190436053,0.7349163480225073,10671,24858,3709,31533
0.324,0.5596639849397056,0.8941887520572045,0.6884400703448428,0.6978524585549832,0.7502665190436053,0.7349163480225073,10735,24794,3729,31513
0.325,0.5603081686030995,0.8935644969070995,0.6887418666958282,0.6955444847870753,0.7502665190436053,0.7349163480225073,10817,24712,3751,31491
0.326,0.5606843699875245,0.8926848646501334,0.6887643401348629,0.6937994314503645,0.7502665190436053,0.7349163480225073,10879,24650,3782,31460
0.327,0.5612146529562982,0.8920322342659327,0.688969734160293,0.6918010639196149,0.7502665190436053,0.7349163480225073,10950,24579,3805,31437
0.328,0.5616484891829072,0.8913512286476364,0.6890931426315098,0.6900560105829041,0.7502665190436053,0.7349163480225073,11012,24517,3829,31413
0.329,0.5623510438132784,0.8904715963906702,0.6893582435445429,0.687410284556278,0.7502665190436053,0.7349163480225073,11106,24423,3860,31382
0.33,0.5628488862563495,0.8897905907723739,0.6895277884668243,0.685496355090208,0.7502665190436053,0.7349163480225073,11174,24355,3884,31358
0.331,0.5634800748093799,0.8891095851540776,0.6897963676389653,0.68321652734386,0.7502665190436053,0.7349163480225073,11255,24274,3908,31334
0.332,0.5639626006593526,0.8882867033653028,0.6899097530605725,0.6812463058346703,0.7502665190436053,0.7349163480225073,11325,24204,3937,31305
0.333,0.56458337093252,0.8876624482151978,0.6901854364540932,0.6790509161530017,0.7502665190436053,0.7349163480225073,11403,24126,3959,31283
0.334,0.5649910525459574,0.8869246921287101,0.6902666593054712,0.6773621548594106,0.7502665190436053,0.7349163480225073,11463,24066,3985,31257
0.335,0.5655197392249185,0.8861018103399353,0.6904114434790298,0.6752793492639816,0.7502665190436053,0.7349163480225073,11537,23992,4014,31228
0.336,0.5660432124521525,0.8853640542534476,0.690577103967244,0.673280981733232,0.7502665190436053,0.7349163480225073,11608,23921,4040,31202
0.337,0.5664916329015026,0.8846830486351512,0.6907032643250368,0.6715359283965211,0.7502665190436053,0.7349163480225073,11670,23859,4064,31178
0.338,0.5672196223391663,0.8838885420804722,0.691001452988609,0.6689464944130147,0.7502665190436053,0.7349163480225073,11762,23767,4092,31150
0.339,0.5677332263125251,0.8830940355257931,0.6911392405063291,0.6669481268822652,0.7502665190436053,0.7349163480225073,11833,23696,4120,31122
0.34,0.5681909566107395,0.8821292775665399,0.6911823558184,0.6649779053730756,0.7502665190436053,0.7349163480225073,11903,23626,4154,31088
0.341,0.5686723169012795,0.8815050224164349,0.6913464855181315,0.6632047060148049,0.7502665190436053,0.7349163480225073,11966,23563,4176,31066
0.342,0.569141620670053,0.8806821406276601,0.6914397103870787,0.6613189225702947,0.7502665190436053,0.7349163480225073,12033,23496,4205,31037
0.343,0.569693963775304,0.8800011350093638,0.6916369313113292,0.6593205550395451,0.7502665190436053,0.7349163480225073,12104,23425,4229,31013
0.34400000000000003,0.5702219277906592,0.8792633789228761,0.6917976424361494,0.6573503335303554,0.7502665190436053,0.7349163480225073,12174,23355,4255,30987
0.34500000000000003,0.5708253429709397,0.8784121219000057,0.6919775577262668,0.6550986518055673,0.7502665190436053,0.7349163480225073,12254,23275,4285,30957
0.34600000000000003,0.5712913356733789,0.8774757391748482,0.6920288233451193,0.6531565763179374,0.7502665190436053,0.7349163480225073,12323,23206,4318,30924
0.34700000000000003,0.5717246484085863,0.8766812326201692,0.6920991913263592,0.6514115229812266,0.7502665190436053,0.7349163480225073,12385,23144,4346,30896
0.34800000000000003,0.5724590650323585,0.875971851767777,0.6924155255750317,0.6489346730839596,0.7502665190436053,0.7349163480225073,12473,23056,4371,30871
0.34900000000000003,0.5731272294887039,0.8753192213835764,0.6926997956571531,0.6466829913591714,0.7502665190436053,0.7349163480225073,12553,22976,4394,30848
0.35000000000000003,0.573681075244797,0.8744395891266102,0.692828237410072,0.6445720397421825,0.7502665190436053,0.7349163480225073,12628,22901,4425,30817
0.35100000000000003,0.574223996418445,0.8734748311673571,0.6929206527855938,0.6424329421036337,0.7502665190436053,0.7349163480225073,12704,22825,4459,30783
0.352,0.5746915887850468,0.8724249475058169,0.6929300669356112,0.6404345745728841,0.7502665190436053,0.7349163480225073,12775,22754,4496,30746
0.353,0.5753545268915906,0.8714885647806594,0.6931157825846562,0.6380140167187368,0.7502665190436053,0.7349163480225073,12861,22668,4529,30713
0.354,0.5758696427565752,0.8704386811191193,0.6931567827727627,0.6359030651017479,0.7502665190436053,0.7349163480225073,12936,22593,4566,30676
0.355,0.5762922278233391,0.8693604222234833,0.6931203764450375,0.6340172816572377,0.7502665190436053,0.7349163480225073,13003,22526,4604,30638
0.356,0.5770528896012067,0.8683956642642302,0.6933629371183887,0.6313434096090518,0.7502665190436053,0.7349163480225073,13098,22431,4638,30604
0.357,0.5775523312929797,0.8674592815390727,0.6934243654592057,0.6293731880998621,0.7502665190436053,0.7349163480225073,13168,22361,4671,30571
0.358,0.5780696939297003,0.8665796492821066,0.6935156063719868,0.6274029665906724,0.7502665190436053,0.7349163480225073,13238,22291,4702,30540
0.359,0.578766668563516,0.8657851427274275,0.6937620081627084,0.6250387007796449,0.7502665190436053,0.7349163480225073,13322,22207,4730,30512
0.36,0.5793145398901287,0.8647636342999829,0.6938269075345195,0.622899603141096,0.7502665190436053,0.7349163480225073,13398,22131,4766,30476
0.361,0.5799420819996952,0.8637421258725384,0.6939473384247122,0.6205634833516283,0.7502665190436053,0.7349163480225073,13481,22048,4802,30440
0.362,0.5804998186296034,0.8627773679132853,0.694034535100033,0.6184525317346393,0.7502665190436053,0.7349163480225073,13556,21973,4836,30406
0.363,0.5813570676619773,0.8618409851881278,0.6943431595551339,0.6156097835570942,0.7502665190436053,0.7349163480225073,13657,21872,4869,30373
0.364,0.582017080894348,0.8605073491856308,0.6943798871169016,0.6129922035520279,0.7502665190436053,0.7349163480225073,13750,21779,4916,30326
0.365,0.5828235022509524,0.859599341694569,0.6946571887181839,0.610318331503842,0.7502665190436053,0.7349163480225073,13845,21684,4948,30294
0.366,0.5832064012339728,0.8582940809261677,0.694502164005189,0.6084325480593318,0.7502665190436053,0.7349163480225073,13912,21617,4994,30248
0.367,0.5838342449602815,0.8571306963282447,0.6945654798174314,0.6060401362267444,0.7502665190436053,0.7349163480225073,13997,21532,5035,30207
0.368,0.5844711715375825,0.8563078145394699,0.6947453237410073,0.6038728925666357,0.7502665190436053,0.7349163480225073,14074,21455,5064,30178
0.369,0.5850632075654892,0.8549174280687816,0.6947048040673746,0.6014241886909285,0.7502665190436053,0.7349163480225073,14161,21368,5113,30129
0.37,0.5858717669055781,0.8535554168321888,0.6948236435451458,0.598468856427144,0.7502665190436053,0.7349163480225073,14266,21263,5161,30081
0.371,0.5863657660471654,0.8522785312978832,0.6947470682117827,0.596357904810155,0.7502665190436053,0.7349163480225073,14341,21188,5206,30036
0.372,0.586959073479928,0.8513421485727257,0.694851664003335,0.5942469531931661,0.7502665190436053,0.7349163480225073,14416,21113,5239,30003
0.373,0.5870871460550603,0.8483627489926792,0.6939467087549902,0.5918545413605787,0.7502665190436053,0.7349163480225073,14501,21028,5344,29898
0.374,0.5874675171273328,0.8467453606492253,0.6936702387317232,0.5897998817867095,0.7502665190436053,0.7349163480225073,14574,20955,5401,29841
0.375,0.5874157658636839,0.8434538334941263,0.6925272293086376,0.5876326381266008,0.7502665190436053,0.7349163480225073,14651,20878,5517,29725
0.376,0.5881758563984705,0.8423755745984904,0.6926908942425479,0.5850432041430944,0.7502665190436053,0.7349163480225073,14743,20786,5555,29687
0.377,0.5881382545266631,0.8396515521253051,0.6917421541698324,0.5832418587632638,0.7502665190436053,0.7349163480225073,14807,20722,5651,29591
0.378,0.5886887923821666,0.8385165427614778,0.6917368913857678,0.5811309071462749,0.7502665190436053,0.7349163480225073,14882,20647,5691,29551
0.379,0.5888662511984659,0.8365302763747801,0.6911823318406676,0.5793295617664443,0.7502665190436053,0.7349163480225073,14946,20583,5761,29481
0.38,0.5893705284675044,0.834487259519891,0.6908305046922165,0.5767119817613781,0.7502665190436053,0.7349163480225073,15039,20490,5833,29409
0.381,0.5900888227965114,0.8332103739855854,0.690885134817185,0.5741225477778716,0.7502665190436053,0.7349163480225073,15131,20398,5878,29364
0.382,0.5910537981059842,0.8323591169627149,0.6912527099632387,0.5712516535787666,0.7502665190436053,0.7349163480225073,15233,20296,5908,29334
0.383,0.5915014851185064,0.8306566029169741,0.6909704601512988,0.5690281178755383,0.7502665190436053,0.7349163480225073,15312,20217,5968,29274
0.384,0.5925280249741541,0.8294080926167641,0.6912371560663568,0.5657631793745954,0.7502665190436053,0.7349163480225073,15428,20101,6012,29230
0.385,0.5929707521457918,0.8272515748254923,0.6907876030707989,0.5632581834557685,0.7502665190436053,0.7349163480225073,15517,20012,6088,29154
0.386,0.5938124566627239,0.8262016911639521,0.690991504105558,0.5605843114075826,0.7502665190436053,0.7349163480225073,15612,19917,6125,29117
0.387,0.5943498436190437,0.8250099313319335,0.6909376076805172,0.5585296518337133,0.7502665190436053,0.7349163480225073,15685,19844,6167,29075
0.388,0.5951253510444212,0.8237897962658192,0.6910324308241594,0.555912071828647,0.7502665190436053,0.7349163480225073,15778,19751,6210,29032
0.389,0.5959830606035688,0.8226264116678963,0.6911999618529909,0.5531537617157815,0.7502665190436053,0.7349163480225073,15876,19653,6251,28991
0.39,0.5965624549182862,0.8213779013676863,0.6911478541156808,0.5509865180556728,0.7502665190436053,0.7349163480225073,15953,19576,6295,28947
0.391,0.5976341150680399,0.819987514896998,0.6913727929566008,0.5476089954684905,0.7502665190436053,0.7349163480225073,16073,19456,6344,28898
0.392,0.59830796665699,0.818739004596788,0.691378731969138,0.545244729657463,0.7502665190436053,0.7349163480225073,16157,19372,6388,28854
0.393,0.5987901968528488,0.8173769933601952,0.6912140517582694,0.5432463621267134,0.7502665190436053,0.7349163480225073,16228,19301,6436,28806
0.394,0.5992164381277872,0.8159014811872198,0.690969385303023,0.5413042866390836,0.7502665190436053,0.7349163480225073,16297,19232,6488,28754
0.395,0.5997743795437454,0.8146529708870098,0.6908915894597522,0.5392214810436545,0.7502665190436053,0.7349163480225073,16371,19158,6532,28710
0.396,0.6006494186655494,0.8135747119913739,0.6910830712125047,0.5365476089954685,0.7502665190436053,0.7349163480225073,16466,19063,6570,28672
0.397,0.6012765868100027,0.8125815787980251,0.6911390266565302,0.5344929494215993,0.7502665190436053,0.7349163480225073,16539,18990,6605,28637
0.398,0.6019568648079958,0.8117586970092503,0.6912900068868028,0.53243828984773,0.7502665190436053,0.7349163480225073,16612,18917,6634,28608
0.399,0.6027388588791357,0.810538561943136,0.6913619091415156,0.5299051479073433,0.7502665190436053,0.7349163480225073,16702,18827,6677,28565
0.4,0.6032867325141177,0.8093751773452131,0.6912981835367109,0.5279349263981536,0.7502665190436053,0.7349163480225073,16772,18757,6718,28524
0.401,0.6031702186430954,0.8054877702741048,0.6898001336492315,0.5256550986518056,0.7502665190436053,0.7349163480225073,16853,18676,6855,28387
0.402,0.6039002557544757,0.8040122581011293,0.689734913950488,0.5230938106898589,0.7502665190436053,0.7349163480225073,16944,18585,6907,28335
0.403,0.6042512283700064,0.8025934963963453,0.689440842392629,0.5214050493962679,0.7502665190436053,0.7349163480225073,17004,18525,6957,28285
0.404,0.6048972771481823,0.8012031099256569,0.6893470538689714,0.5190970756283599,0.7502665190436053,0.7349163480225073,17086,18443,7006,28236
0.405,0.6052806840397877,0.7994438454117246,0.6889435009597868,0.5171268541191703,0.7502665190436053,0.7349163480225073,17156,18373,7068,28174
0.406,0.6050882568728152,0.795669939276999,0.6874141988625221,0.5151003405668608,0.7502665190436053,0.7349163480225073,17228,18301,7201,28041
0.40700000000000003,0.6057301133904613,0.7942795528063107,0.6873081739386647,0.5128205128205128,0.7502665190436053,0.7349163480225073,17309,18220,7250,27992
0.40800000000000003,0.6061796168116822,0.7927189149310482,0.6870120129351154,0.5108502913113231,0.7502665190436053,0.7349163480225073,17379,18150,7305,27937
0.40900000000000003,0.60659981292554,0.7912717779921684,0.6867373450063413,0.5090207999099328,0.7502665190436053,0.7349163480225073,17444,18085,7356,27886
0.41000000000000003,0.6072340147036367,0.7898246410532886,0.6865973532640199,0.5067409721635847,0.7502665190436053,0.7349163480225073,17525,18004,7407,27835
0.41100000000000003,0.6079585229261463,0.7885761307530788,0.6865874447216939,0.5044048523741169,0.7502665190436053,0.7349163480225073,17608,17921,7451,27791
0.41200000000000003,0.608685152253617,0.7867033653027637,0.6863388248691067,0.5016746882828113,0.7502665190436053,0.7349163480225073,17705,17824,7517,27725
0.41300000000000003,0.6090826961637618,0.7843482208728222,0.6856930232558139,0.49933856849334346,0.7502665190436053,0.7349163480225073,17788,17741,7600,27642
0.41400000000000003,0.6095878294710773,0.7822484535497418,0.6852086595580742,0.496946156660756,0.7502665190436053,0.7349163480225073,17873,17656,7674,27568
0.41500000000000004,0.609938824363862,0.7808296918449578,0.6848851390029619,0.49531368741028453,0.7502665190436053,0.7349163480225073,17931,17598,7724,27518
0.41600000000000004,0.6104181951577403,0.7790704273310255,0.6845090437665947,0.4932027357932956,0.7502665190436053,0.7349163480225073,18006,17523,7786,27456
0.417,0.6111941130560821,0.7777367913285285,0.6844806273177919,0.49075403191758843,0.7502665190436053,0.7349163480225073,18093,17436,7833,27409
0.418,0.6121148428066723,0.7767720333692752,0.6846831073983292,0.48824903599876157,0.7502665190436053,0.7349163480225073,18182,17347,7867,27375
0.419,0.6132935260842237,0.7752397707281085,0.684822659481138,0.48487151341157925,0.7502665190436053,0.7349163480225073,18302,17227,7921,27321
0.42,0.6139327462330233,0.7734521309800806,0.6845217915395337,0.48245095555743195,0.7502665190436053,0.7349163480225073,18388,17141,7984,27258
0.421,0.6152124267981097,0.7720617445093922,0.6847701619499427,0.4789889949055701,0.7502665190436053,0.7349163480225073,18511,17018,8033,27209
0.422,0.6158381712626996,0.770557857102321,0.6845647735007185,0.47679360522390163,0.7502665190436053,0.7349163480225073,18589,16940,8086,27156
0.423,0.616897305171158,0.7690823449293457,0.68463462072798,0.47375383489543754,0.7502665190436053,0.7349163480225073,18697,16832,8138,27104
0.424,0.6192470534386085,0.7677770841609444,0.6855593701306105,0.4682653606912663,0.7502665190436053,0.7349163480225073,18892,16637,8184,27058
0.425,0.620799189761532,0.7652800635605244,0.6855094934295809,0.4636775591770103,0.7502665190436053,0.7349163480225073,19055,16474,8272,26970
0.426,0.6215704387990763,0.7636910504511663,0.6853403274681064,0.4612007092797433,0.7502665190436053,0.7349163480225073,19143,16386,8328,26914
0.427,0.6224745134383689,0.7623290392145735,0.6853396597025587,0.45861127529623685,0.7502665190436053,0.7349163480225073,19235,16294,8376,26866
0.428,0.6227582517271056,0.7596901424436752,0.6844426265131083,0.4564721776576881,0.7502665190436053,0.7349163480225073,19311,16218,8469,26773
0.429,0.6232056578670961,0.7576187503546904,0.6838701415124543,0.4543612260406992,0.7502665190436053,0.7349163480225073,19386,16143,8542,26700
0.43,0.6242708211315451,0.7561148629476193,0.6838964672064881,0.45140589377691465,0.7502665190436053,0.7349163480225073,19491,16038,8595,26647
0.431,0.6248031403521144,0.7542420974973043,0.6834479655460565,0.44926679613836584,0.7502665190436053,0.7349163480225073,19567,15962,8661,26581
0.432,0.6259262755463256,0.7525963339197549,0.6834415584415585,0.4461425877452222,0.7502665190436053,0.7349163480225073,19678,15851,8719,26523
0.433,0.6265502224746757,0.7511775722149707,0.6832270885487909,0.4441160741929128,0.7502665190436053,0.7349163480225073,19750,15779,8769,26473
0.434,0.6273085505388596,0.7498439362124738,0.6831248061213939,0.44189253848968446,0.7502665190436053,0.7349163480225073,19829,15700,8816,26426
0.435,0.6282537637487176,0.7471766642074797,0.6825740392715962,0.438543161924062,0.7502665190436053,0.7349163480225073,19948,15581,8910,26332
0.436,0.6289299140387424,0.7453038987571647,0.6821894682163495,0.4361788961130344,0.7502665190436053,0.7349163480225073,20032,15497,8976,26266
0.437,0.6298582752822484,0.7440270132228591,0.6821989801228016,0.4337020462157674,0.7502665190436053,0.7349163480225073,20120,15409,9021,26221
0.438,0.6305517357844201,0.7416434935588219,0.681600667596782,0.43102817416758143,0.7502665190436053,0.7349163480225073,20215,15314,9105,26137
0.439,0.6314413651216265,0.7402531070881335,0.6815314079705318,0.42857947029187426,0.7502665190436053,0.7349163480225073,20302,15227,9154,26088
0.44,0.6324622334482927,0.7389194710856365,0.6815588358458962,0.4259337442652481,0.7502665190436053,0.7349163480225073,20396,15133,9201,26041
0.441,0.6336959703385696,0.7371602065717042,0.6815236496235473,0.4226688057643052,0.7502665190436053,0.7349163480225073,20512,15017,9263,25979
0.442,0.6345551531760791,0.7358549458033029,0.6814610432269084,0.4203608319963973,0.7502665190436053,0.7349163480225073,20594,14935,9309,25933
0.443,0.6359437948314828,0.7345780602689972,0.6817116524028967,0.41712403951701427,0.7502665190436053,0.7349163480225073,20709,14820,9354,25888
0.444,0.6381895891493935,0.7329890471596391,0.6823122333892419,0.41219848574404006,0.7502665190436053,0.7349163480225073,20884,14645,9410,25832
0.445,0.6389288370939747,0.7311730321775155,0.6819456941724448,0.4098623659545723,0.7502665190436053,0.7349163480225073,20967,14562,9474,25768
0.446,0.64,0.7295840190681573,0.6818621796146757,0.4070759098201469,0.7502665190436053,0.7349163480225073,21066,14463,9530,25712
0.447,0.640591438133773,0.7277680040860337,0.6814027630180659,0.40502125024627766,0.7502665190436053,0.7349163480225073,21139,14390,9594,25648
0.448,0.6411997594467275,0.7260938652743885,0.6810113107119096,0.40302288271552816,0.7502665190436053,0.7349163480225073,21210,14319,9653,25589
0.449,0.6422717216411906,0.7249021054423699,0.6810898717641098,0.40048974077514143,0.7502665190436053,0.7349163480225073,21300,14229,9695,25547
0.45,0.6432229257586842,0.7235117189716815,0.6810090407702684,0.39806918292099414,0.7502665190436053,0.7349163480225073,21386,14143,9744,25498
0.451,0.6478077099353262,0.7219227058623233,0.6828600569005314,0.38931577021588,0.7502665190436053,0.7349163480225073,21697,13832,9800,25442
0.452,0.6483752299202943,0.7201634413483912,0.6823864705724195,0.38740184074981,0.7502665190436053,0.7349163480225073,21765,13764,9862,25380
0.453,0.6490796287750602,0.7184041768344589,0.681984699924577,0.38526274311126124,0.7502665190436053,0.7349163480225073,21841,13688,9924,25318
0.454,0.6499446888425818,0.7168719141932921,0.6817697300068813,0.3829829153649132,0.7502665190436053,0.7349163480225073,21922,13607,9978,25264
0.455,0.6514321166373694,0.7150558992111685,0.6817628439250061,0.3795209547130513,0.7502665190436053,0.7349163480225073,22045,13484,10042,25200
0.456,0.6524739887392647,0.7135520118040973,0.6816475339847932,0.3769878127726646,0.7502665190436053,0.7349163480225073,22135,13394,10095,25147
0.457,0.6535845516378703,0.7116508711196867,0.6813828703389254,0.3741450645951195,0.7502665190436053,0.7349163480225073,22236,13293,10162,25080
0.458,0.654715204770124,0.7103739855853811,0.6814099074578117,0.37161192265473275,0.7502665190436053,0.7349163480225073,22326,13203,10207,25035
0.459,0.6556684253353282,0.7087849724760229,0.6811928169186926,0.36921951082214527,0.7502665190436053,0.7349163480225073,22411,13118,10263,24979
0.46,0.6565768328986538,0.7071959593666648,0.6809469815986119,0.3669115370542374,0.7502665190436053,0.7349163480225073,22493,13036,10319,24923
0.461,0.6572592377073029,0.7050961920435843,0.6803378554121206,0.3647161473725689,0.7502665190436053,0.7349163480225073,22571,12958,10393,24849
0.462,0.6580609212481426,0.7037341808069917,0.6801316330728095,0.36271777984181935,0.7502665190436053,0.7349163480225073,22642,12887,10441,24801
0.463,0.6588438998401704,0.7018046648884854,0.679646066335083,0.3604660981170312,0.7502665190436053,0.7349163480225073,22722,12807,10509,24733
0.464,0.6596017639983963,0.7002724022473186,0.6793289015511237,0.3584677305862816,0.7502665190436053,0.7349163480225073,22793,12736,10563,24679
0.465,0.6602326952978392,0.6988252653084388,0.6789810322011469,0.3567226772495708,0.7502665190436053,0.7349163480225073,22855,12674,10614,24628
0.466,0.6608180839612486,0.6967822484535497,0.6783238032098561,0.3547524557403811,0.7502665190436053,0.7349163480225073,22925,12604,10686,24556
0.467,0.6617968728902811,0.6953918619828614,0.6781785729110456,0.3525007740155929,0.7502665190436053,0.7349163480225073,23005,12524,10735,24507
0.468,0.6622796327890161,0.6939447250439816,0.6777425210270337,0.35100903487292073,0.7502665190436053,0.7349163480225073,23058,12471,10786,24456
0.46900000000000003,0.6628083903923486,0.6921854605300494,0.6771784693112733,0.3492921275577697,0.7502665190436053,0.7349163480225073,23119,12410,10848,24394
0.47000000000000003,0.663866463015492,0.6906531978888826,0.676994965649598,0.3468715697036224,0.7502665190436053,0.7349163480225073,23205,12324,10902,24340
0.47100000000000003,0.664422366368339,0.688837182906759,0.6764095348221626,0.3450983703453517,0.7502665190436053,0.7349163480225073,23268,12261,10966,24276
0.47200000000000003,0.6652017469168017,0.6871914193292095,0.6760178090412985,0.3430718567930423,0.7502665190436053,0.7349163480225073,23340,12189,11024,24218
0.47300000000000003,0.6656100989498636,0.6852335281766074,0.6752792807907946,0.34146753356413073,0.7502665190436053,0.7349163480225073,23397,12132,11093,24149
0.47400000000000003,0.6662518321856246,0.6835877645990579,0.6748084760717636,0.33966618818430017,0.7502665190436053,0.7349163480225073,23461,12068,11151,24091
0.47500000000000003,0.6668702798756109,0.6815163725100732,0.6741137837155126,0.3376959666751105,0.7502665190436053,0.7349163480225073,23531,11998,11224,24018
0.47600000000000003,0.6675580812301521,0.6799841098689065,0.6737138037672196,0.3358946212952799,0.7502665190436053,0.7349163480225073,23595,11934,11278,23964
0.47700000000000004,0.6687264084999301,0.6786504738664094,0.6736518934752912,0.3334740634411326,0.7502665190436053,0.7349163480225073,23681,11848,11325,23917
0.47800000000000004,0.6696511268910157,0.6770047102888599,0.6733078410068999,0.3312786737594641,0.7502665190436053,0.7349163480225073,23759,11770,11383,23859
0.47900000000000004,0.6701036736533694,0.6749333181998751,0.6725098249879838,0.32958991246587294,0.7502665190436053,0.7349163480225073,23819,11710,11456,23786
0.48,0.6717993716210479,0.6734578060268998,0.6726275665641694,0.3263531199864899,0.7502665190436053,0.7349163480225073,23934,11595,11508,23734
0.481,0.6721595590533284,0.671301288235628,0.671730149491049,0.32477694277913816,0.7502665190436053,0.7349163480225073,23990,11539,11584,23658
0.482,0.6736103184567972,0.6698257760626525,0.6717127166149731,0.32193419460159306,0.7502665190436053,0.7349163480225073,24091,11438,11636,23606
0.483,0.6743706503995188,0.6681516372510073,0.6712467395487393,0.3200202651355231,0.7502665190436053,0.7349163480225073,24159,11370,11695,23547
0.484,0.6749202883980122,0.6667045003121276,0.6707872385982442,0.3185285259928509,0.7502665190436053,0.7349163480225073,24212,11317,11746,23496
0.485,0.6755174998558496,0.6648601100959083,0.6701464363345154,0.31678347265614004,0.7502665190436053,0.7349163480225073,24274,11255,11811,23431
0.486,0.6766153311718388,0.6632143465183588,0.6698478204797523,0.31441920684511243,0.7502665190436053,0.7349163480225073,24358,11171,11869,23373
0.487,0.6778675658391954,0.6617104591112877,0.6696915742921142,0.3119142109262856,0.7502665190436053,0.7349163480225073,24447,11082,11922,23320
0.488,0.6787861103005545,0.6600646955337381,0.6692945103003798,0.30983140533085646,0.7502665190436053,0.7349163480225073,24521,11008,11980,23262
0.489,0.6793314404472676,0.6585324328925714,0.6687702615085368,0.3083396661881843,0.7502665190436053,0.7349163480225073,24574,10955,12034,23208
0.49,0.6799988253604675,0.657056920719596,0.6683310484161917,0.30670719693771287,0.7502665190436053,0.7349163480225073,24632,10897,12086,23156
0.491,0.6809282302294037,0.655269280971568,0.6678523916941408,0.30456809929916406,0.7502665190436053,0.7349163480225073,24708,10821,12149,23093
0.492,0.6820442970508114,0.6535951421599229,0.6675167357347785,0.3022319795096963,0.7502665190436053,0.7349163480225073,24791,10738,12208,23034
0.493,0.6832589949449895,0.6520061290505647,0.6672668137995121,0.29981142165554897,0.7502665190436053,0.7349163480225073,24877,10652,12264,22978
0.494,0.6839372052766669,0.6502468645366324,0.6666666666666667,0.29806636831883815,0.7502665190436053,0.7349163480225073,24939,10590,12326,22916
0.495,0.6845605416092505,0.6484308495545088,0.6660060620191186,0.29637760702524696,0.7502665190436053,0.7349163480225073,24999,10530,12390,22852
0.496,0.6855466987516919,0.6466999602746722,0.6655569670156379,0.2942385093866982,0.7502665190436053,0.7349163480225073,25075,10454,12451,22791
0.497,0.6864337691355415,0.6450825719312184,0.6651160749550183,0.29229643389906834,0.7502665190436053,0.7349163480225073,25144,10385,12508,22734
0.498,0.6872082449227038,0.6432949321831906,0.6645269081955681,0.2904387964761181,0.7502665190436053,0.7349163480225073,25210,10319,12571,22671
0.499,0.6882283141144613,0.6418477952443108,0.6642293969959917,0.2884122829238087,0.7502665190436053,0.7349163480225073,25282,10247,12622,22620
0.5,0.6890463681348891,0.6400885307303785,0.6636657840541336,0.2865264994792986,0.7502665190436053,0.7349163480225073,25349,10180,12684,22558
0.501,0.6896139339486677,0.6381306395777765,0.6628741544220594,0.28489403022882714,0.7502665190436053,0.7349163480225073,25407,10122,12753,22489
0.502,0.6898907524234498,0.6361159979569831,0.6619129869938143,0.2836274592586338,0.7502665190436053,0.7349163480225073,25452,10077,12824,22418
0.503,0.6907955739630339,0.6341864820384768,0.6612817326469022,0.28157279968476456,0.7502665190436053,0.7349163480225073,25525,10004,12892,22350
0.504,0.6919541657609539,0.6322853413540662,0.6607754466602417,0.27920853387373695,0.7502665190436053,0.7349163480225073,25609,9920,12959,22283
0.505,0.6926289543400342,0.6305828273083253,0.6601512023408141,0.2775760646232655,0.7502665190436053,0.7349163480225073,25667,9862,13019,22223
0.506,0.6934459565149382,0.6289654389648714,0.6596336691118485,0.2758028652649948,0.7502665190436053,0.7349163480225073,25730,9799,13076,22166
0.507,0.6939115144283606,0.6270642982804608,0.6587965240203313,0.2743674181654423,0.7502665190436053,0.7349163480225073,25781,9748,13143,22099
0.508,0.6946678018478226,0.6251064071278588,0.6580539168097976,0.2725379267640519,0.7502665190436053,0.7349163480225073,25846,9683,13212,22030
0.509,0.6955118060391213,0.6235173940185007,0.6575498234484409,0.27076472740578117,0.7502665190436053,0.7349163480225073,25909,9620,13268,21974
0.51,0.6958512160228898,0.621077123886272,0.656341364679071,0.269272988263109,0.7502665190436053,0.7349163480225073,25962,9567,13354,21888
0.511,0.6973398132753549,0.6188638556268089,0.6557623500405906,0.26643024008556393,0.7502665190436053,0.7349163480225073,26063,9466,13432,21810
0.512,0.6980901941903386,0.6171329663469723,0.6551199602391674,0.26474147879197274,0.7502665190436053,0.7349163480225073,26123,9406,13493,21749
0.513,0.6994837044207809,0.6150899494920833,0.6545778475661312,0.26212389878690645,0.7502665190436053,0.7349163480225073,26216,9313,13565,21677
0.514,0.7006059820473768,0.6134725611486295,0.6541504667100346,0.2600410931914774,0.7502665190436053,0.7349163480225073,26290,9239,13622,21620
0.515,0.7018218557507414,0.6110322910164009,0.653287827076223,0.25750795125109066,0.7502665190436053,0.7349163480225073,26380,9149,13708,21534
0.516,0.7027778686647254,0.6094716531411384,0.6528075374211685,0.2556784598497002,0.7502665190436053,0.7349163480225073,26445,9084,13763,21479
0.517,0.703738993297411,0.6077691390953975,0.6522427601327689,0.25379267640519015,0.7502665190436053,0.7349163480225073,26512,9017,13823,21419
0.518,0.7046654348686815,0.6060098745814653,0.65162471395881,0.25193503898223985,0.7502665190436053,0.7349163480225073,26578,8951,13885,21357
0.519,0.7056991385023195,0.6043357357698201,0.6510959616031305,0.24999296349461003,0.7502665190436053,0.7349163480225073,26647,8882,13944,21298
0.52,0.7064516129032258,0.6027750978945576,0.6505083292503674,0.24844493230881814,0.7502665190436053,0.7349163480225073,26702,8827,13999,21243
0.521,0.7069696059787142,0.6012712104874866,0.6498504945181324,0.24720650736018462,0.7502665190436053,0.7349163480225073,26746,8783,14052,21190
0.522,0.707580018749163,0.5996821973781283,0.6491783136230994,0.24582735230375186,0.7502665190436053,0.7349163480225073,26795,8734,14108,21134
0.523,0.707963112547119,0.5968730492026559,0.6476891338485699,0.24422302907484028,0.7502665190436053,0.7349163480225073,26852,8677,14207,21035
0.524,0.7091234830814995,0.5952556608592021,0.6472194369456229,0.24219651552253088,0.7502665190436053,0.7349163480225073,26924,8605,14264,20978
0.525,0.7096796090143904,0.5933261449406958,0.6463079158037895,0.24076106842297842,0.7502665190436053,0.7349163480225073,26975,8554,14332,20910
0.526,0.7106150962685296,0.591708756597242,0.6457336615727624,0.23901601508626755,0.7502665190436053,0.7349163480225073,27037,8492,14389,20853
0.527,0.7111521746569482,0.5896941149764485,0.6447529667261305,0.2375805679867151,0.7502665190436053,0.7349163480225073,27088,8441,14460,20782
0.528,0.7118416984437803,0.587963225696612,0.6439993162499418,0.2360888288440429,0.7502665190436053,0.7349163480225073,27141,8388,14521,20721
0.529,0.7126587520706792,0.5859485840758186,0.6431218661434489,0.23434377550733204,0.7502665190436053,0.7349163480225073,27203,8326,14592,20650
0.53,0.7134841190121576,0.5845014471369389,0.6425841872943084,0.2328238903431,0.7502665190436053,0.7349163480225073,27257,8272,14643,20599
0.531,0.7143453167373618,0.5829975597298678,0.6420223736016499,0.23124771313574827,0.7502665190436053,0.7349163480225073,27313,8216,14696,20546
0.532,0.7150590207445694,0.5809829181090744,0.6410858538418185,0.22964338990683666,0.7502665190436053,0.7349163480225073,27370,8159,14767,20475
0.533,0.7155480749000631,0.5790250269564724,0.6400878293601004,0.2283205268935236,0.7502665190436053,0.7349163480225073,27417,8112,14836,20406
0.534,0.7161724307952384,0.577010385335679,0.6391036520208687,0.2268287877508514,0.7502665190436053,0.7349163480225073,27470,8059,14907,20335
0.535,0.7170258696960046,0.5749106180125986,0.6381517819178255,0.22505558839258072,0.7502665190436053,0.7349163480225073,27533,7996,14981,20261
0.536,0.7178476291955248,0.5734918563078145,0.637601148319321,0.2235919952714684,0.7502665190436053,0.7349163480225073,27585,7944,15031,20211
0.537,0.7190109184328838,0.5717893422620737,0.6370044888411203,0.22164991978383855,0.7502665190436053,0.7349163480225073,27654,7875,15091,20151
0.538,0.7201477814842713,0.5696895749389932,0.6361432803662805,0.21959526020996933,0.7502665190436053,0.7349163480225073,27727,7802,15165,20077
0.539,0.7215796490469499,0.5682424380001135,0.6357964917850625,0.21748430859298037,0.7502665190436053,0.7349163480225073,27802,7727,15216,20026
0.54,0.7224653669475892,0.5667669258271381,0.6352144254162094,0.21596442342874836,0.7502665190436053,0.7349163480225073,27856,7673,15268,19974
0.541,0.7229886726691839,0.5650644117813972,0.6343452361991527,0.21475414450167468,0.7502665190436053,0.7349163480225073,27899,7630,15328,19914
0.542,0.7237268982612183,0.5633618977356564,0.6335540486637417,0.2133186974021222,0.7502665190436053,0.7349163480225073,27950,7579,15388,19854
0.543,0.7246806485853373,0.5618012598603939,0.6329300065533942,0.21171437417321062,0.7502665190436053,0.7349163480225073,28007,7522,15443,19799
0.544,0.725465701583569,0.5602689972192271,0.6322547591219839,0.21030707309521798,0.7502665190436053,0.7349163480225073,28057,7472,15497,19745
0.545,0.725974840447117,0.5583962317689121,0.6312531075077388,0.2090686481465845,0.7502665190436053,0.7349163480225073,28101,7428,15563,19679
0.546,0.7268113794636243,0.5567504681913625,0.6305151193804428,0.2075769090039123,0.7502665190436053,0.7349163480225073,28154,7375,15621,19621
0.547,0.7274145616641902,0.555643834061631,0.6300312087770663,0.20653550620619776,0.7502665190436053,0.7349163480225073,28191,7338,15660,19582
0.548,0.7280420518938264,0.5541399466545599,0.6292978442303355,0.20532522727912408,0.7502665190436053,0.7349163480225073,28234,7295,15713,19529
0.549,0.7285040784255032,0.5524658078429147,0.6283888458559256,0.20422753243828984,0.7502665190436053,0.7349163480225073,28273,7256,15772,19470
0.55,0.7291635380687791,0.551103796606322,0.6277513817511877,0.20304539953277603,0.7502665190436053,0.7349163480225073,28315,7214,15820,19422
0.551,0.7299894482966536,0.5496566596674423,0.6271164492214055,0.20166624447634326,0.7502665190436053,0.7349163480225073,28364,7165,15871,19371
0.552,0.7305989632600552,0.54789739515351,0.6261938350278089,0.2003996735061499,0.7502665190436053,0.7349163480225073,28409,7120,15933,19309
0.553,0.7312452543659833,0.5465353839169174,0.6255399304991719,0.19924568662219594,0.7502665190436053,0.7349163480225073,28450,7079,15981,19261
0.554,0.7322789634146342,0.5452301231485159,0.6250609934615009,0.19772580145796392,0.7502665190436053,0.7349163480225073,28504,7025,16027,19215
0.555,0.7333052696031533,0.5437262357414449,0.6244439737343783,0.19614962425061216,0.7502665190436053,0.7349163480225073,28560,6969,16080,19162
0.556,0.7339865513928915,0.542023721695704,0.6235657042127083,0.19485490725885896,0.7502665190436053,0.7349163480225073,28606,6923,16140,19102
0.557,0.7349206961756647,0.5403779581181545,0.6228108903605593,0.1933350220946269,0.7502665190436053,0.7349163480225073,28660,6869,16198,19044
0.558,0.7360400186133085,0.5385903183701266,0.6220219564148779,0.19158996875791606,0.7502665190436053,0.7349163480225073,28722,6807,16261,18981
0.559,0.7372049544286048,0.5370580557289598,0.6214130934401472,0.18990120746432493,0.7502665190436053,0.7349163480225073,28782,6747,16315,18927
0.56,0.7382768195862177,0.5356392940241756,0.6208416240482807,0.18835317627853304,0.7502665190436053,0.7349163480225073,28837,6692,16365,18877
0.561,0.7391714117416062,0.5341070313830089,0.620126179847464,0.1869458752005404,0.7502665190436053,0.7349163480225073,28887,6642,16419,18823
0.562,0.739857272404684,0.5324612678054594,0.6192558369771471,0.18570745025190688,0.7502665190436053,0.7349163480225073,28931,6598,16477,18765
0.5630000000000001,0.7406000158315523,0.5309573803983882,0.6184967277054275,0.1844690253032734,0.7502665190436053,0.7349163480225073,28975,6554,16530,18712
0.5640000000000001,0.7415422490470139,0.5299074967368481,0.6181114089961275,0.18320245433308002,0.7502665190436053,0.7349163480225073,29020,6509,16567,18675
0.5650000000000001,0.7424653165364375,0.5284603597979683,0.6174452143354441,0.18182329927664725,0.7502665190436053,0.7349163480225073,29069,6460,16618,18624
0.5660000000000001,0.7433886777355471,0.5272402247318541,0.6169297939804439,0.18052858228489402,0.7502665190436053,0.7349163480225073,29115,6414,16661,18581
0.5670000000000001,0.7442187249076602,0.525991714431644,0.6163591022443891,0.17931830335782037,0.7502665190436053,0.7349163480225073,29158,6371,16705,18537
0.5680000000000001,0.7450213657985971,0.524402701322286,0.6155409006128432,0.17802358636606716,0.7502665190436053,0.7349163480225073,29204,6325,16761,18481
0.5690000000000001,0.745821698838574,0.5229555643834062,0.6148149383683885,0.17678516141743364,0.7502665190436053,0.7349163480225073,29248,6281,16812,18430
0.5700000000000001,0.7466780446178227,0.5213949265081437,0.6140248283236704,0.1754622984041206,0.7502665190436053,0.7349163480225073,29295,6234,16867,18375
0.5710000000000001,0.7471334720692047,0.5195505362919244,0.6128972869838826,0.17442089560640603,0.7502665190436053,0.7349163480225073,29332,6197,16932,18310
0.5720000000000001,0.7480850366607955,0.5182169002894274,0.6122873187494762,0.17309803259309298,0.7502665190436053,0.7349163480225073,29379,6150,16979,18263
0.5730000000000001,0.7485192497532083,0.5163725100732081,0.611142828357457,0.17208477581693826,0.7502665190436053,0.7349163480225073,29415,6114,17044,18198
0.5740000000000001,0.7495662949194548,0.5149253731343284,0.6104756778577677,0.1706493287173858,0.7502665190436053,0.7349163480225073,29466,6063,17095,18147
0.5750000000000001,0.7504978426817126,0.5133079847908745,0.6096451319381256,0.169270173660953,0.7502665190436053,0.7349163480225073,29515,6014,17152,18090
0.5760000000000001,0.7519286101497018,0.511662221213325,0.6089526028738834,0.1674406822595626,0.7502665190436053,0.7349163480225073,29580,5949,17210,18032
0.577,0.7531205495518137,0.5101867090403496,0.608295554503011,0.1658926510737707,0.7502665190436053,0.7349163480225073,29635,5894,17262,17980
0.578,0.7537445304611242,0.5083423188241303,0.6071852228435858,0.16473866418981678,0.7502665190436053,0.7349163480225073,29676,5853,17327,17915
0.579,0.7550701368936962,0.5070938085239203,0.6067221184858259,0.16316248698246502,0.7502665190436053,0.7349163480225073,29732,5797,17371,17871
0.58,0.7565006798096533,0.5052210430736054,0.6058389193235565,0.16130484955951477,0.7502665190436053,0.7349163480225073,29798,5731,17437,17805
0.581,0.75774251343742,0.5040292832415867,0.6053779565128484,0.15984125643840244,0.7502665190436053,0.7349163480225073,29850,5679,17479,17763
0.582,0.7590392451211666,0.5021565177912718,0.6044367026999334,0.15812434912325143,0.7502665190436053,0.7349163480225073,29911,5618,17545,17697
0.583,0.7604656175899979,0.5005107542137223,0.6036928658213119,0.15637929578654058,0.7502665190436053,0.7349163480225073,29973,5556,17603,17639
0.584,0.7616077616077616,0.4989501163384598,0.6029144522544145,0.15491570266542823,0.7502665190436053,0.7349163480225073,30025,5504,17658,17584
0.585,0.7624934703116838,0.49702060041995344,0.6017796406362731,0.15356469363055533,0.7502665190436053,0.7349163480225073,30073,5456,17726,17516
0.586,0.7636650315346881,0.49475058169229896,0.6004752557082343,0.15187593233696417,0.7502665190436053,0.7349163480225073,30133,5396,17806,17436
0.587,0.764910427395572,0.49310481811474943,0.599644588602681,0.15032790115117228,0.7502665190436053,0.7349163480225073,30188,5341,17864,17378
0.588,0.7658868792287622,0.49143067930310425,0.5987036556909515,0.1490050381378592,0.7502665190436053,0.7349163480225073,30235,5294,17923,17319
0.589,0.7670118671940975,0.48967141478917203,0.5977381756464211,0.14754144501674687,0.7502665190436053,0.7349163480225073,30287,5242,17985,17257
0.59,0.7679735643475931,0.4879972759775268,0.5967797904087723,0.14624672802499367,0.7502665190436053,0.7349163480225073,30333,5196,18044,17198
0.591,0.7690305206463196,0.4861812609954032,0.595737283126456,0.14483942694700105,0.7502665190436053,0.7349163480225073,30383,5146,18108,17134
0.592,0.7700631199278629,0.4846489983542364,0.5948939430880151,0.14354470995524782,0.7502665190436053,0.7349163480225073,30429,5100,18162,17080
0.593,0.7713780758598813,0.4830032347766869,0.5940428204993979,0.14199667876945593,0.7502665190436053,0.7349163480225073,30484,5045,18220,17022
0.594,0.773092003282575,0.48115884456046765,0.5931509724359871,0.14008274930338596,0.7502665190436053,0.7349163480225073,30552,4977,18285,16957
0.595,0.7738951225097321,0.4794847057488224,0.5921124095520087,0.13895690844099187,0.7502665190436053,0.7349163480225073,30592,4937,18344,16898
0.596,0.7758414015675427,0.4774984393621247,0.5911613855125413,0.13684595682400294,0.7502665190436053,0.7349163480225073,30667,4862,18414,16828
0.597,0.77694908972993,0.4759094262527666,0.590262014112513,0.13552309381068986,0.7502665190436053,0.7349163480225073,30714,4815,18470,16772
0.598,0.7783056215360253,0.47417853697293005,0.5893181457514151,0.13397506262489797,0.7502665190436053,0.7349163480225073,30769,4760,18531,16711
0.599,0.7800318590704648,0.4724192724589978,0.5884494397907609,0.13214557122350756,0.7502665190436053,0.7349163480225073,30834,4695,18593,16649
0.6,0.7810160553698385,0.47068838317916123,0.5873833678582178,0.13090714627487404,0.7502665190436053,0.7349163480225073,30878,4651,18654,16588
0.601,0.7827897950489895,0.4692696214743772,0.5867764196632901,0.1291620929381632,0.7502665190436053,0.7349163480225073,30940,4589,18704,16538
0.602,0.7838880159977146,0.46716985415129675,0.5854387056627255,0.12775479186017055,0.7502665190436053,0.7349163480225073,30990,4539,18778,16464
0.603,0.7855877423988509,0.46555246580784293,0.5846384093217168,0.12603788454501957,0.7502665190436053,0.7349163480225073,31051,4478,18835,16407
0.604,0.7874993980834979,0.4640485784007718,0.5839775750325841,0.12420839314362915,0.7502665190436053,0.7349163480225073,31116,4413,18888,16354
0.605,0.7885647946597011,0.46257306622779637,0.5830993472234641,0.12302626023811535,0.7502665190436053,0.7349163480225073,31158,4371,18940,16302
0.606,0.789251178385733,0.4608705521820555,0.581931531144193,0.12206929550508036,0.7502665190436053,0.7349163480225073,31192,4337,19000,16242
0.607,0.7900234283483014,0.45928153907269736,0.5808720617261798,0.12108418475048552,0.7502665190436053,0.7349163480225073,31227,4302,19056,16186
0.608,0.7910674846625767,0.45735202315419105,0.5796069547080929,0.11981761378029215,0.7502665190436053,0.7349163480225073,31272,4257,19124,16118
0.609,0.792182796229581,0.45547925770387604,0.5783983424916673,0.11852289678853895,0.7502665190436053,0.7349163480225073,31318,4211,19190,16052
0.61,0.7929854152197638,0.45357811701946543,0.5770758122743682,0.11745334796926454,0.7502665190436053,0.7349163480225073,31356,4173,19257,15985
0.611,0.7935242839352429,0.4520174791442029,0.5759531427951624,0.11666525936558868,0.7502665190436053,0.7349163480225073,31384,4145,19312,15930
0.612,0.7944374843397645,0.4498325861188355,0.5744152761925467,0.11545498043851501,0.7502665190436053,0.7349163480225073,31427,4102,19389,15853
0.613,0.7949841365765221,0.4479314454344248,0.5730049547178714,0.11458245377015959,0.7502665190436053,0.7349163480225073,31458,4071,19456,15786
0.614,0.7958894401133948,0.44611543045230123,0.5717506727762018,0.11348475892932534,0.7502665190436053,0.7349163480225073,31497,4032,19520,15722
0.615,0.7968360547332011,0.4444980421088474,0.5706635580408371,0.11241521011005094,0.7502665190436053,0.7349163480225073,31535,3994,19577,15665
0.616,0.7975582345729465,0.443022529935872,0.5696304133678719,0.11154268344169552,0.7502665190436053,0.7349163480225073,31566,3963,19629,15613
0.617,0.7981524249422632,0.44129164065603543,0.5683483472509,0.11069830279489994,0.7502665190436053,0.7349163480225073,31596,3933,19690,15552
0.618,0.7985047692704306,0.43944725043981614,0.5669052107546169,0.10999465225590363,0.7502665190436053,0.7349163480225073,31621,3908,19755,15487
0.619,0.7993470487640566,0.43768798592588387,0.5656502686151195,0.10898139547974894,0.7502665190436053,0.7349163480225073,31657,3872,19817,15425
0.62,0.8000520969002345,0.43575847000737755,0.5642118412109411,0.10802443074671395,0.7502665190436053,0.7349163480225073,31691,3838,19885,15357
0.621,0.8006910632951154,0.4339708302593496,0.5628691827834311,0.10715190407835852,0.7502665190436053,0.7349163480225073,31722,3807,19948,15294
0.622,0.8011997474215955,0.4320413143408433,0.5613685801718099,0.1063356694531228,0.7502665190436053,0.7349163480225073,31751,3778,20016,15226
0.623,0.8016594440334003,0.4304239259973895,0.5601137286758733,0.10563201891412649,0.7502665190436053,0.7349163480225073,31776,3753,20073,15169
0.624,0.8018056293149229,0.4284092843765961,0.5584405977215564,0.10504095246136959,0.7502665190436053,0.7349163480225073,31797,3732,20144,15098
0.625,0.8027635510029876,0.4269621474377164,0.5574408179898492,0.10405584170677475,0.7502665190436053,0.7349163480225073,31832,3697,20195,15047
0.626,0.8034201779779135,0.4252596333919755,0.5561451684726139,0.10321146105997918,0.7502665190436053,0.7349163480225073,31862,3667,20255,14987
0.627,0.804368932038835,0.42315986606889505,0.5545721616897847,0.10208562019758508,0.7502665190436053,0.7349163480225073,31902,3627,20329,14913
0.628,0.8052406010958607,0.42117359968219736,0.5530693991616209,0.10104421739987053,0.7502665190436053,0.7349163480225073,31939,3590,20399,14843
0.629,0.8055918901242642,0.41941433516826515,0.5516327673073335,0.10039685890399393,0.7502665190436053,0.7349163480225073,31962,3567,20461,14781
0.63,0.8064639824705561,0.41774019635661996,0.5503860029534366,0.09943989417095893,0.7502665190436053,0.7349163480225073,31996,3533,20520,14722
0.631,0.8068707333186523,0.41586743090630496,0.5488521888926338,0.09873624363196262,0.7502665190436053,0.7349163480225073,32021,3508,20586,14656
0.632,0.8077497924162745,0.4140514159241814,0.5474703134672745,0.09775113287736778,0.7502665190436053,0.7349163480225073,32056,3473,20650,14592
0.633,0.8083615944849057,0.41257590375120595,0.5463187360273536,0.09701933631681162,0.7502665190436053,0.7349163480225073,32082,3447,20702,14540
0.634,0.8089385474860336,0.41087338970546505,0.5449550261563358,0.0962593937346956,0.7502665190436053,0.7349163480225073,32109,3420,20762,14480
0.635,0.8092271426166021,0.40911412519153284,0.5434704762622741,0.09566832728193869,0.7502665190436053,0.7349163480225073,32130,3399,20824,14418
0.636,0.8100801444858337,0.40726973497531355,0.5420317220543807,0.09471136254890371,0.7502665190436053,0.7349163480225073,32164,3365,20889,14353
0.637,0.810490501842926,0.40556722092957265,0.5406131210166991,0.0940640040530271,0.7502665190436053,0.7349163480225073,32187,3342,20949,14293
0.638,0.8105982905982906,0.40366608024516204,0.5389452947416274,0.09355737566494976,0.7502665190436053,0.7349163480225073,32205,3324,21016,14226
0.639,0.811064658381536,0.4018500652630384,0.5374267119518813,0.09285372512595344,0.7502665190436053,0.7349163480225073,32230,3299,21080,14162
0.64,0.8121722090945767,0.3998637988763407,0.5358888064951609,0.09172788426355935,0.7502665190436053,0.7349163480225073,32270,3259,21150,14092
0.641,0.8132237146827235,0.3985585381079394,0.5349430628023003,0.09079906555208421,0.7502665190436053,0.7349163480225073,32303,3226,21196,14046
0.642,0.8138830654553925,0.3965722717212417,0.5332926317396115,0.08995468490528864,0.7502665190436053,0.7349163480225073,32333,3196,21266,13976
0.643,0.8144571261340358,0.39484138244140515,0.5318478032373345,0.08922288834473248,0.7502665190436053,0.7349163480225073,32359,3170,21327,13915
0.644,0.8148366205475419,0.39271323988422907,0.529994064372834,0.08851923780573616,0.7502665190436053,0.7349163480225073,32384,3145,21402,13840
0.645,0.8153081157876043,0.3908120991998184,0.5283590678047376,0.08781558726673985,0.7502665190436053,0.7349163480225073,32409,3120,21469,13773
0.646,0.8157753851644757,0.3891379603881732,0.5269244808176282,0.08716822877086323,0.7502665190436053,0.7349163480225073,32432,3097,21528,13714
0.647,0.8168130489335006,0.38791782532205893,0.5260201235114181,0.08629570210250781,0.7502665190436053,0.7349163480225073,32463,3066,21571,13671
0.648,0.8172262598354255,0.38607343510583964,0.5244069299107745,0.0856483436066312,0.7502665190436053,0.7349163480225073,32486,3043,21636,13606
0.649,0.8178083846804398,0.3841439191873333,0.5227430689628544,0.08488840102451518,0.7502665190436053,0.7349163480225073,32513,3016,21704,13538
0.65,0.8184025248846808,0.3826116565461665,0.5214432112610697,0.08421289650707872,0.7502665190436053,0.7349163480225073,32537,2992,21758,13484
0.651,0.8193690120217245,0.38099426820271265,0.5201340331983961,0.08331222381716344,0.7502665190436053,0.7349163480225073,32569,2960,21815,13427
0.652,0.8199816120134845,0.3796038817320243,0.518959598114708,0.08266486532128683,0.7502665190436053,0.7349163480225073,32592,2937,21864,13378
0.653,0.8204212341421357,0.37801486862266614,0.5175602175602175,0.08207379886852993,0.7502665190436053,0.7349163480225073,32613,2916,21920,13322
0.654,0.820585867343779,0.3759718517677771,0.5156745607036525,0.08153902445889273,0.7502665190436053,0.7349163480225073,32632,2897,21992,13250
0.655,0.821993769470405,0.37435446342432327,0.5144272011229821,0.08041318359649864,0.7502665190436053,0.7349163480225073,32672,2857,22049,13193
0.656,0.8224252283819297,0.37296407695363487,0.5131969389348744,0.07987840918686144,0.7502665190436053,0.7349163480225073,32691,2838,22098,13144
0.657,0.8228668512459099,0.3710629362692242,0.511479641725662,0.07923105069098484,0.7502665190436053,0.7349163480225073,32714,2815,22165,13077
0.658,0.8233879643105739,0.3692185460530049,0.5098246645117054,0.07855554617354837,0.7502665190436053,0.7349163480225073,32738,2791,22230,13012
0.659,0.8237201907790143,0.3675444072413597,0.5082896776345478,0.07802077176391117,0.7502665190436053,0.7349163480225073,32757,2772,22289,12953
0.66,0.8243952387047229,0.3655297656205664,0.5064873790988441,0.07723268316023531,0.7502665190436053,0.7349163480225073,32785,2744,22360,12882
0.661,0.8249067284188859,0.36388400204301685,0.5050011813814287,0.07661347068591855,0.7502665190436053,0.7349163480225073,32807,2722,22418,12824
0.662,0.8252069322296948,0.3620963622949889,0.5033329389026939,0.07607869627628135,0.7502665190436053,0.7349163480225073,32826,2703,22481,12761
0.663,0.8256820993683662,0.35979796833323874,0.5011956758038697,0.07534689971572518,0.7502665190436053,0.7349163480225073,32852,2677,22562,12680
0.664,0.8263347527022601,0.3579252028829238,0.49949511948838776,0.07461510315516902,0.7502665190436053,0.7349163480225073,32878,2651,22628,12614
0.665,0.8265164987156688,0.3560808126667045,0.497729300941993,0.07413662078865152,0.7502665190436053,0.7349163480225073,32895,2634,22693,12549
0.666,0.8267424943790503,0.35474717666420746,0.4964657294893177,0.0737425764868136,0.7502665190436053,0.7349163480225073,32909,2620,22740,12502
0.667,0.8272195640616693,0.35321491402304067,0.4950487174388546,0.07317965605561653,0.7502665190436053,0.7349163480225073,32929,2600,22794,12448
0.668,0.8278743315508021,0.35142727427501275,0.4934066371857694,0.07247600551662023,0.7502665190436053,0.7349163480225073,32954,2575,22857,12385
0.669,0.8281092690784616,0.3500936382725158,0.49213218723200575,0.07208196121478229,0.7502665190436053,0.7349163480225073,32968,2561,22904,12338
0.67,0.8287236913113869,0.34858975086544464,0.49075220708664563,0.07146274874046553,0.7502665190436053,0.7349163480225073,32990,2539,22957,12285
0.671,0.8297165332971653,0.3471709891606606,0.4895174841962071,0.07067466013678966,0.7502665190436053,0.7349163480225073,33018,2511,23007,12235
0.672,0.8299597900906427,0.34555360081720676,0.48794951417409593,0.07022432379183202,0.7502665190436053,0.7349163480225073,33034,2495,23064,12178
0.673,0.8305351881038854,0.34390783723965723,0.4864051369519415,0.06960511131751528,0.7502665190436053,0.7349163480225073,33056,2473,23122,12120
0.674,0.8313477033262172,0.34254582600306455,0.48517975202459657,0.06892960680007881,0.7502665190436053,0.7349163480225073,33080,2449,23170,12072
0.675,0.8315089372315366,0.34055955961636686,0.48321120863193495,0.06845112443356131,0.7502665190436053,0.7349163480225073,33097,2432,23240,12002
0.676,0.8322185061315496,0.3389137960388173,0.48167116989958453,0.06777561991612485,0.7502665190436053,0.7349163480225073,33121,2408,23298,11944
0.677,0.8331813398807436,0.33701265535440666,0.4799078732044366,0.06693123926932928,0.7502665190436053,0.7349163480225073,33151,2378,23365,11877
0.678,0.8332862789384529,0.3349980137336133,0.4778789718680429,0.06648090292437164,0.7502665190436053,0.7349163480225073,33167,2362,23436,11806
0.679,0.833605220228385,0.3334941263265422,0.4763989380028779,0.066030566579414,0.7502665190436053,0.7349163480225073,33183,2346,23489,11753
0.68,0.8341891313649978,0.331905113217184,0.47487008769080874,0.0654395001266571,0.7502665190436053,0.7349163480225073,33204,2325,23545,11697
0.681,0.8348025514226332,0.3305147267464957,0.4735440593556256,0.06487657969546004,0.7502665190436053,0.7349163480225073,33224,2305,23594,11648
0.682,0.8347399552766357,0.3283582089552239,0.47131656654108545,0.06448253539362211,0.7502665190436053,0.7349163480225073,33238,2291,23670,11572
0.683,0.8358479617002756,0.3269678224845355,0.4700579260830546,0.06369444678994624,0.7502665190436053,0.7349163480225073,33266,2263,23719,11523
0.684,0.8360847333820307,0.32478292945916803,0.46783291097850077,0.06315967238030905,0.7502665190436053,0.7349163480225073,33285,2244,23796,11446
0.685,0.836635843240863,0.3234776686907667,0.46656298600311047,0.06265304399223169,0.7502665190436053,0.7349163480225073,33303,2226,23842,11400
0.686,0.837847811646616,0.322115657454174,0.46533172101412146,0.061836809366995975,0.7502665190436053,0.7349163480225073,33332,2197,23890,11352
0.687,0.8383215744522837,0.3202996424720504,0.4635062721990679,0.06127388893579892,0.7502665190436053,0.7349163480225073,33352,2177,23954,11288
0.6880000000000001,0.838757838160645,0.31882413029907497,0.4620255767095686,0.06079540656928143,0.7502665190436053,0.7349163480225073,33369,2160,24006,11236
0.6890000000000001,0.8395071004583364,0.31703649055104705,0.4602582851022636,0.06011990205184497,0.7502665190436053,0.7349163480225073,33393,2136,24069,11173
0.6900000000000001,0.8408095453858934,0.3159298564213155,0.45928553749690626,0.0593318134481691,0.7502665190436053,0.7349163480225073,33421,2108,24108,11134
0.6910000000000001,0.841473604253703,0.31434084331195733,0.45770239841345256,0.0587407469954122,0.7502665190436053,0.7349163480225073,33442,2087,24164,11078
0.6920000000000001,0.8417837507635919,0.31280858067079054,0.4561214779262692,0.05831855667201441,0.7502665190436053,0.7349163480225073,33457,2072,24218,11024
0.6930000000000001,0.8428078250863061,0.31173032177515464,0.4551235578018518,0.057671198176137806,0.7502665190436053,0.7349163480225073,33480,2049,24256,10986
0.6940000000000001,0.843190240889438,0.30988593155893535,0.4532099431464497,0.057164569788060456,0.7502665190436053,0.7349163480225073,33498,2031,24321,10921
0.6950000000000001,0.8438009471314339,0.3084104193859599,0.45171747397294437,0.05662979537842326,0.7502665190436053,0.7349163480225073,33517,2012,24373,10869
0.6960000000000001,0.8442917382476964,0.3067930310425061,0.45004995004995,0.05612316699034591,0.7502665190436053,0.7349163480225073,33535,1994,24430,10812
0.6970000000000001,0.8451567287296724,0.3052607684013393,0.4485209814262784,0.05547580849446931,0.7502665190436053,0.7349163480225073,33558,1971,24484,10758
0.6980000000000001,0.8458382642998028,0.3042108847397991,0.44748210447231673,0.054997326127951815,0.7502665190436053,0.7349163480225073,33575,1954,24521,10721
0.6990000000000001,0.8463613998888977,0.30262187163044096,0.4458332462429196,0.05449069773987447,0.7502665190436053,0.7349163480225073,33593,1936,24577,10665
0.7000000000000001,0.846964015000399,0.3012031099256569,0.44437467294610156,0.05398406935179712,0.7502665190436053,0.7349163480225073,33611,1918,24627,10615
0.7010000000000001,0.8477772428181672,0.2997843482208728,0.44293979540499745,0.05339300289904022,0.7502665190436053,0.7349163480225073,33632,1897,24677,10565
0.7020000000000001,0.8480645161290322,0.29839396175018446,0.4414592166575711,0.05302710461876214,0.7502665190436053,0.7349163480225073,33645,1884,24726,10516
0.7030000000000001,0.8486249695789729,0.29683332387492195,0.43982425529231217,0.052520476230684794,0.7502665190436053,0.7349163480225073,33663,1866,24781,10461
0.704,0.8489965736661772,0.29530106123375516,0.4381894736842105,0.052098285907287004,0.7502665190436053,0.7349163480225073,33678,1851,24835,10407
0.705,0.8497702658352478,0.2938822995289711,0.4367278094033312,0.05153536547608995,0.7502665190436053,0.7349163480225073,33698,1831,24885,10357
0.706,0.8503755054881571,0.2923784121219,0.4351443231487151,0.05102873708801261,0.7502665190436053,0.7349163480225073,33716,1813,24938,10304
0.707,0.8512280119482244,0.29110152658759436,0.43383938766016833,0.05046581665681556,0.7502665190436053,0.7349163480225073,33736,1793,24983,10259
0.708,0.8514801806322128,0.2889166335622269,0.43144067796610175,0.049987334290298065,0.7502665190436053,0.7349163480225073,33753,1776,25060,10182
0.709,0.8525058863101245,0.2876681232620169,0.43017779097891123,0.04936812181598131,0.7502665190436053,0.7349163480225073,33775,1754,25104,10138
0.71,0.853072956293854,0.2863344872595199,0.4287565592402966,0.04891778547102367,0.7502665190436053,0.7349163480225073,33791,1738,25151,10091
0.711,0.8534013605442177,0.2847738493842574,0.4270456576315902,0.04852374116918574,0.7502665190436053,0.7349163480225073,33805,1724,25206,10036
0.712,0.8539864691273443,0.2829578344021338,0.42507299814574045,0.047988966759548536,0.7502665190436053,0.7349163480225073,33824,1705,25270,9972
0.713,0.8545815015946902,0.2813120708245843,0.42328629677860086,0.04748233837147119,0.7502665190436053,0.7349163480225073,33842,1687,25328,9914
0.714,0.8551855705861949,0.2798365586516089,0.4216872621541883,0.0470038560049537,0.7502665190436053,0.7349163480225073,33859,1670,25380,9862
0.715,0.8555003919519205,0.2787015492877816,0.420435331635383,0.04669424976779532,0.7502665190436053,0.7349163480225073,33870,1659,25420,9822
0.716,0.8562297522108396,0.27748141422166733,0.4191329318732186,0.04621576740127783,0.7502665190436053,0.7349163480225073,33887,1642,25463,9779
0.717,0.8571177040232415,0.27626127915555304,0.4178451106199438,0.045680992991640634,0.7502665190436053,0.7349163480225073,33906,1623,25506,9736
0.718,0.8572060906515581,0.2747573917484819,0.4161330525591989,0.045399532776042105,0.7502665190436053,0.7349163480225073,33916,1613,25559,9683
0.719,0.8575878949710726,0.2733953805118892,0.4146136798846741,0.04503363449576402,0.7502665190436053,0.7349163480225073,33929,1600,25607,9635
0.72,0.8580887616320687,0.27211849497758356,0.4132017751734241,0.04463959019392609,0.7502665190436053,0.7349163480225073,33943,1586,25652,9590
0.721,0.8594974331261821,0.27078485897508653,0.4118243607724673,0.043907793633369926,0.7502665190436053,0.7349163480225073,33969,1560,25699,9543
0.722,0.8598587724063009,0.26950797344078087,0.4103871413757345,0.043570041374651695,0.7502665190436053,0.7349163480225073,33981,1548,25744,9498
0.723,0.860661697873114,0.2686850916520061,0.40952339762996276,0.043147851051253905,0.7502665190436053,0.7349163480225073,33996,1533,25773,9469
0.724,0.8610172586978359,0.2675500822881789,0.4082436732838309,0.042838244814095525,0.7502665190436053,0.7349163480225073,34007,1522,25813,9429
0.725,0.8618916437098255,0.2663299472220646,0.4069192751235586,0.04233161642601818,0.7502665190436053,0.7349163480225073,34025,1504,25856,9386
0.726,0.8626871188320089,0.26491118551728055,0.4053490795415075,0.04182498803794084,0.7502665190436053,0.7349163480225073,34043,1486,25906,9336
0.727,0.8632351574839728,0.2636342999829749,0.4039126181936746,0.0414309437361029,0.7502665190436053,0.7349163480225073,34057,1472,25951,9291
0.728,0.8641121495327103,0.2623574144486692,0.40250750946846026,0.040924315348025556,0.7502665190436053,0.7349163480225073,34075,1454,25996,9246
0.729,0.8645676691729324,0.2610237784461722,0.40098513578309586,0.040558417067747474,0.7502665190436053,0.7349163480225073,34088,1441,26043,9199
0.73,0.8652683295540439,0.25986039384824927,0.39968576790468296,0.04013622674434968,0.7502665190436053,0.7349163480225073,34103,1426,26084,9158
0.731,0.8657667078619641,0.2584132569093695,0.39802451869495864,0.03974218244251175,0.7502665190436053,0.7349163480225073,34117,1412,26135,9107
0.732,0.8667112554939805,0.257391748481925,0.3969108252384703,0.03926370007599426,0.7502665190436053,0.7349163480225073,34134,1395,26171,9071
0.733,0.8680261639091958,0.25605811247942795,0.395459923747754,0.038616341580117654,0.7502665190436053,0.7349163480225073,34157,1372,26218,9024
0.734,0.8682785299806577,0.25475285171102663,0.3939274274933088,0.038334881364519124,0.7502665190436053,0.7349163480225073,34167,1362,26264,8978
0.735,0.8689386562804284,0.25322058906985984,0.3921603093689577,0.03788454501956148,0.7502665190436053,0.7349163480225073,34183,1346,26318,8924
0.736,0.8691817736403724,0.25168832642869304,0.39034479723634125,0.03757493878240311,0.7502665190436053,0.7349163480225073,34194,1335,26372,8870
0.737,0.8697408611685881,0.25046819136257875,0.3889317265537221,0.03720904050212503,0.7502665190436053,0.7349163480225073,34207,1322,26415,8827
0.738,0.8703190013869625,0.24927643153056012,0.3875507323098641,0.03684314222184694,0.7502665190436053,0.7349163480225073,34220,1309,26457,8785
0.739,0.870578858224569,0.24794279552806311,0.38596258751297513,0.03656168200624842,0.7502665190436053,0.7349163480225073,34230,1299,26504,8738
0.74,0.8718103275065301,0.24624028148232224,0.3840162846269581,0.03591432351037181,0.7502665190436053,0.7349163480225073,34253,1276,26564,8678
0.741,0.872093023255814,0.24473639407525113,0.38221217761233717,0.03560471727321343,0.7502665190436053,0.7349163480225073,34264,1265,26617,8625
0.742,0.8725330620549339,0.24337438283865842,0.3805910543130991,0.0352669650144952,0.7502665190436053,0.7349163480225073,34276,1253,26665,8577
0.743,0.8726231854426497,0.2422109982407355,0.3791755508173419,0.03506994286357623,0.7502665190436053,0.7349163480225073,34283,1246,26706,8536
0.744,0.8727403451109285,0.24110436411100392,0.37782916092311797,0.03487292071265727,0.7502665190436053,0.7349163480225073,34290,1239,26745,8497
0.745,0.8727348037692866,0.2391464729584019,0.375420387981915,0.03459146049705874,0.7502665190436053,0.7349163480225073,34300,1229,26814,8428
0.746,0.8731910463300364,0.23798308836047896,0.37402724819943367,0.034281854259900366,0.7502665190436053,0.7349163480225073,34311,1218,26855,8387
0.747,0.873178912063725,0.23639407525112083,0.37206082665297097,0.034056686087421545,0.7502665190436053,0.7349163480225073,34319,1210,26911,8331
0.748,0.8742224565102794,0.23528744112138925,0.3707827486752968,0.03357820372090405,0.7502665190436053,0.7349163480225073,34336,1193,26950,8292
0.749,0.8740340848946756,0.2342943079280404,0.3695316520844056,0.03349376565622449,0.7502665190436053,0.7349163480225073,34339,1190,26985,8257
0.75,0.8751730748748535,0.23315929856421316,0.36821939907239365,0.03298713726814715,0.7502665190436053,0.7349163480225073,34357,1172,27025,8217
0.751,0.8756016686276608,0.23227966630724703,0.36715929223385885,0.03273382307410847,0.7502665190436053,0.7349163480225073,34366,1163,27056,8186
0.752,0.8762243030890109,0.23100278077294137,0.36561650910560706,0.03236792479383039,0.7502665190436053,0.7349163480225073,34379,1150,27101,8141
0.753,0.8767287378852227,0.22844900970433005,0.3624535734383792,0.031861296405753047,0.7502665190436053,0.7349163480225073,34397,1132,27191,8051
0.754,0.8771910604732691,0.22720049940412007,0.36091954022988504,0.031551690168594666,0.7502665190436053,0.7349163480225073,34408,1121,27235,8007
0.755,0.8779384173932238,0.22572498723114465,0.3591178926934971,0.031129499845196883,0.7502665190436053,0.7349163480225073,34423,1106,27287,7955
0.756,0.8780379536122517,0.22450485216503036,0.3575802770433643,0.030932477694277913,0.7502665190436053,0.7349163480225073,34430,1099,27330,7912
0.757,0.8786256135653726,0.22348334373758583,0.35633171967606203,0.030622871457119536,0.7502665190436053,0.7349163480225073,34441,1088,27366,7876
0.758,0.8788185085354897,0.2220362067987061,0.3545055044624654,0.030369557263080865,0.7502665190436053,0.7349163480225073,34450,1079,27417,7825
0.759,0.8791445060540908,0.22044719368934793,0.3525034596973615,0.030059951025922484,0.7502665190436053,0.7349163480225073,34461,1068,27473,7769
0.76,0.8791233877411254,0.2185460530049373,0.3500670408835761,0.029806636831883813,0.7502665190436053,0.7349163480225073,34470,1059,27540,7702
0.761,0.8796328169822146,0.21752454457749276,0.34879541369975203,0.029525176616285287,0.7502665190436053,0.7349163480225073,34480,1049,27576,7666
0.762,0.8795055452865065,0.21602065717042165,0.3468495147842726,0.02935630048692617,0.7502665190436053,0.7349163480225073,34486,1043,27629,7613
0.763,0.8794845001741554,0.21494239827478576,0.3454566184015505,0.02921557037912691,0.7502665190436053,0.7349163480225073,34491,1038,27667,7575
0.764,0.8802010285179991,0.21369388797457578,0.3438969815973332,0.028849672098848828,0.7502665190436053,0.7349163480225073,34504,1025,27711,7531
0.765,0.880669101189775,0.21213325009931333,0.34190848597105034,0.028511919840130597,0.7502665190436053,0.7349163480225073,34516,1013,27766,7476
0.766,0.8815025476952245,0.21108336643777312,0.3406057553627435,0.028146021559852515,0.7502665190436053,0.7349163480225073,34529,1000,27803,7439
0.767,0.8819949886648372,0.2097497304352761,0.33890378928546866,0.02783641532269414,0.7502665190436053,0.7349163480225073,34540,989,27850,7392
0.768,0.8823105560225771,0.20847284490097043,0.33725814225710943,0.027583101128655464,0.7502665190436053,0.7349163480225073,34549,980,27895,7347
0.769,0.8827652888566594,0.20725270983485614,0.3356926188068757,0.02730164091305694,0.7502665190436053,0.7349163480225073,34559,970,27938,7304
0.77,0.8823027198438834,0.20526644344815845,0.33304942335581594,0.027160910805257676,0.7502665190436053,0.7349163480225073,34564,965,28008,7234
0.771,0.8824179874677479,0.20379093127518302,0.33111269910790436,0.026935742632778856,0.7502665190436053,0.7349163480225073,34572,957,28060,7182
0.772,0.882112815437902,0.20234379433630328,0.32917878410192497,0.026823158546539445,0.7502665190436053,0.7349163480225073,34576,953,28111,7131
0.773,0.8819211148438472,0.201123659270189,0.3275491577901523,0.026710574460300035,0.7502665190436053,0.7349163480225073,34580,949,28154,7088
0.774,0.8825885592689948,0.20007377560864878,0.3262011056880479,0.02640096822314166,0.7502665190436053,0.7349163480225073,34591,938,28191,7051
0.775,0.8829612813721781,0.1986550139038647,0.3243380973338583,0.026119508007543132,0.7502665190436053,0.7349163480225073,34601,928,28241,7001
0.776,0.8838922764227642,0.1974348788377504,0.32277218536902164,0.0257254637057052,0.7502665190436053,0.7349163480225073,34615,914,28284,6958
0.777,0.8840579710144928,0.19559048862153114,0.32031413369269734,0.025444003490106674,0.7502665190436053,0.7349163480225073,34625,904,28349,6893
0.778,0.885127277426024,0.19437035355541682,0.3187454921942253,0.025021813166708887,0.7502665190436053,0.7349163480225073,34640,889,28392,6850
0.779,0.8853354134165367,0.19323534419158958,0.3172310988959799,0.024824791015789917,0.7502665190436053,0.7349163480225073,34647,882,28432,6810
0.78,0.8856393442622951,0.19161795584813573,0.31506753446707253,0.024543330800191394,0.7502665190436053,0.7349163480225073,34657,872,28489,6753
0.781,0.8862646787175089,0.19059644742069123,0.3137245743910698,0.02426187058459287,0.7502665190436053,0.7349163480225073,34667,862,28525,6717
0.782,0.8867223769730733,0.18968843992962942,0.31252191393375567,0.024036702412114048,0.7502665190436053,0.7349163480225073,34675,854,28557,6685
0.783,0.8868126001067805,0.1885250553317065,0.3109467871016053,0.023867826282754932,0.7502665190436053,0.7349163480225073,34681,848,28598,6644
0.784,0.8873050026896181,0.18721979456330515,0.30919911898401986,0.023586366067156406,0.7502665190436053,0.7349163480225073,34691,838,28644,6598
0.785,0.8882711864406779,0.18588615856080812,0.3074359997184222,0.023192321765318474,0.7502665190436053,0.7349163480225073,34705,824,28691,6551
0.786,0.8885847248836573,0.18421201974916293,0.30516122967001974,0.022910861549719948,0.7502665190436053,0.7349163480225073,34715,814,28750,6492
0.787,0.8886745659961421,0.18302025991714432,0.3035294117647059,0.022741985420360832,0.7502665190436053,0.7349163480225073,34721,808,28792,6450
0.788,0.8897058823529411,0.1819703762556041,0.30214369846878675,0.02237608714008275,0.7502665190436053,0.7349163480225073,34734,795,28829,6413
0.789,0.8902982994145525,0.1812326201691164,0.3011599396454169,0.02215091896760393,0.7502665190436053,0.7349163480225073,34742,787,28855,6387
0.79,0.890308988764045,0.17987060893252368,0.29927765450167604,0.021982042838244814,0.7502665190436053,0.7349163480225073,34748,781,28903,6339
0.791,0.8901348474095103,0.17794109301401737,0.296592333341216,0.021785020687325848,0.7502665190436053,0.7349163480225073,34755,774,28971,6271
0.792,0.8902298850574712,0.17581295045684128,0.2936353727311502,0.021503560471727322,0.7502665190436053,0.7349163480225073,34765,764,29046,6196
0.793,0.8906408216403877,0.1747063163271097,0.2921124421776776,0.0212783922992485,0.7502665190436053,0.7349163480225073,34773,756,29085,6157
0.794,0.8914977395362403,0.17345780602689972,0.29041069859141544,0.02094064004053027,0.7502665190436053,0.7349163480225073,34785,744,29129,6113
0.795,0.8919276576973975,0.1721241700244027,0.28856171062959357,0.0206873258464916,0.7502665190436053,0.7349163480225073,34794,735,29176,6066
0.796,0.8900364520048603,0.16627887180069237,0.28020848276191845,0.020377719609333222,0.7502665190436053,0.7349163480225073,34805,724,29382,5860
0.797,0.8904193449647995,0.16508711196867373,0.2785331290693221,0.0201525514368544,0.7502665190436053,0.7349163480225073,34813,716,29424,5818
0.798,0.8903792784458835,0.16386697690255944,0.27679256134969327,0.020011821329055136,0.7502665190436053,0.7349163480225073,34818,711,29467,5775
0.799,0.8911321633794067,0.16281709324101923,0.27532928672536644,0.019730361113456614,0.7502665190436053,0.7349163480225073,34828,701,29504,5738
0.8,0.8918156161806209,0.16139833153623517,0.27333012974531473,0.019420754876298234,0.7502665190436053,0.7349163480225073,34839,690,29554,5688
0.801,0.8915528739282312,0.15932693944725043,0.2703418391911411,0.019223732725379267,0.7502665190436053,0.7349163480225073,34846,683,29627,5615
0.802,0.8924455825864277,0.15822030531751888,0.2687876596770306,0.01891412648822089,0.7502665190436053,0.7349163480225073,34857,672,29666,5576
0.803,0.8933010492332526,0.15702854548550024,0.26710427878466103,0.018604520251062514,0.7502665190436053,0.7349163480225073,34868,661,29708,5534
0.804,0.8932812754189036,0.15580841041938595,0.2653362004397304,0.01846379014326325,0.7502665190436053,0.7349163480225073,34873,656,29751,5491
0.805,0.8937530742744713,0.1546734010555587,0.2637091507220435,0.01823862197078443,0.7502665190436053,0.7349163480225073,34881,648,29791,5451
0.806,0.894510582010582,0.15351001645763576,0.26204892225720505,0.017957161755185906,0.7502665190436053,0.7349163480225073,34891,638,29832,5410
0.807,0.894991652754591,0.1521196299869474,0.2600407450523865,0.01770384756114723,0.7502665190436053,0.7349163480225073,34900,629,29881,5361
0.808,0.8958192852326365,0.15078599398445036,0.25812405887210377,0.017394241323988854,0.7502665190436053,0.7349163480225073,34911,618,29928,5314
0.809,0.8967566649685855,0.1498496112592929,0.25678928302253773,0.01711278110839033,0.7502665190436053,0.7349163480225073,34921,608,29961,5281
0.81,0.8971066598185242,0.14868622666136996,0.2550933476133681,0.016915758957471362,0.7502665190436053,0.7349163480225073,34928,601,30002,5240
0.811,0.8978782128687252,0.14769309346802112,0.25366115158751434,0.016662444763432687,0.7502665190436053,0.7349163480225073,34937,592,30037,5205
0.812,0.8983845752996352,0.14675671074286362,0.25229883655698915,0.01646542261251372,0.7502665190436053,0.7349163480225073,34944,585,30070,5172
0.8130000000000001,0.8995793901156677,0.14565007661313206,0.2507082152974504,0.01612767035379549,0.7502665190436053,0.7349163480225073,34956,573,30109,5133
0.8140000000000001,0.900352733686067,0.14485557005845298,0.249560031286664,0.015902502181316672,0.7502665190436053,0.7349163480225073,34964,565,30137,5105
0.8150000000000001,0.9001426533523538,0.14323818171499914,0.24714810281517746,0.015761772073517408,0.7502665190436053,0.7349163480225073,34969,560,30194,5048
0.8160000000000001,0.901241230437129,0.14215992281936327,0.24558221612215392,0.015452165836359031,0.7502665190436053,0.7349163480225073,34980,549,30232,5010
0.8170000000000001,0.9018471568272365,0.14130866579649282,0.24433323520753608,0.015255143685440063,0.7502665190436053,0.7349163480225073,34987,542,30262,4980
0.8180000000000001,0.9022967553773241,0.1404574087736224,0.2430760164997054,0.015086267556080947,0.7502665190436053,0.7349163480225073,34993,536,30292,4950
0.8190000000000001,0.9026093348033811,0.1393791498779865,0.2414708484908072,0.014917391426721834,0.7502665190436053,0.7349163480225073,34999,530,30330,4912
0.8200000000000001,0.9029809294575079,0.13838601668463765,0.2399921265654602,0.014748515297362718,0.7502665190436053,0.7349163480225073,35005,524,30365,4877
0.8210000000000001,0.9033762357769073,0.1374212587253845,0.23855380144324312,0.014579639168003602,0.7502665190436053,0.7349163480225073,35011,518,30399,4843
0.8220000000000001,0.9036869826937547,0.1363146245956529,0.23689531041964593,0.014410763038644487,0.7502665190436053,0.7349163480225073,35017,512,30438,4804
0.8230000000000001,0.9039848197343453,0.13517961523182567,0.23518957345971564,0.014241886909285373,0.7502665190436053,0.7349163480225073,35023,506,30478,4764
0.8240000000000001,0.9039785768936496,0.13410135633618978,0.23355572028663205,0.014129302823045963,0.7502665190436053,0.7349163480225073,35027,502,30516,4726
0.8250000000000001,0.904292343387471,0.13271096986550138,0.23145444647894292,0.013932280672126995,0.7502665190436053,0.7349163480225073,35034,495,30565,4677
0.8260000000000001,0.9055793991416309,0.13171783667215253,0.22998414585810542,0.013622674434968618,0.7502665190436053,0.7349163480225073,35045,484,30600,4642
0.8270000000000001,0.9066377782154816,0.13061120254242098,0.22832907562191523,0.013341214219370092,0.7502665190436053,0.7349163480225073,35055,474,30639,4603
0.8280000000000001,0.9071244294502877,0.12970319505135916,0.22695563665251606,0.013172338090010977,0.7502665190436053,0.7349163480225073,35061,468,30671,4571
0.8290000000000001,0.9075596551032685,0.12842630951705353,0.22501180740262003,0.01297531593909201,0.7502665190436053,0.7349163480225073,35068,461,30716,4526
0.8300000000000001,0.9088694946214735,0.1270642982804608,0.2229580024396923,0.012637563680373779,0.7502665190436053,0.7349163480225073,35080,449,30764,4478
0.8310000000000001,0.9095384615384615,0.12581578798025084,0.22105341875015583,0.012412395507894958,0.7502665190436053,0.7349163480225073,35088,441,30808,4434
0.8320000000000001,0.9093543046357616,0.12468077861642358,0.21929430553476068,0.0123279574432154,0.7502665190436053,0.7349163480225073,35091,438,30848,4394
0.833,0.9096045197740112,0.12334714261392657,0.21723595112565905,0.012159081313856287,0.7502665190436053,0.7349163480225073,35097,432,30895,4347
0.834,0.9101099830795262,0.12209863231371659,0.21531148361270952,0.011962059162937319,0.7502665190436053,0.7349163480225073,35104,425,30939,4303
0.835,0.9103521878335112,0.1210203734180807,0.21363989280436796,0.011821329055138056,0.7502665190436053,0.7349163480225073,35109,420,30977,4265
0.836,0.9109529969814575,0.11988536405425344,0.21188565697091272,0.01162430690421909,0.7502665190436053,0.7349163480225073,35116,413,31017,4225
0.837,0.9126065108149443,0.11852335281766074,0.20979934202265252,0.011258408623941006,0.7502665190436053,0.7349163480225073,35129,400,31065,4177
0.838,0.9129281767955801,0.11721809204925941,0.20776020318354418,0.01108953249458189,0.7502665190436053,0.7349163480225073,35135,394,31111,4131
0.839,0.9128010704727921,0.11613983315362351,0.2060615214217389,0.011005094429902332,0.7502665190436053,0.7349163480225073,35138,391,31149,4093
0.84,0.9134745380802163,0.11503319902389195,0.20433467741935482,0.010808072278983366,0.7502665190436053,0.7349163480225073,35145,384,31188,4054
0.841,0.9137263828818575,0.1138981896600647,0.20254825280686262,0.010667342171184103,0.7502665190436053,0.7349163480225073,35150,379,31228,4014
0.842,0.9146537842190016,0.11281993076442881,0.2008638763292834,0.010442173998705282,0.7502665190436053,0.7349163480225073,35158,371,31266,3976
0.843,0.9143986973714817,0.11154304523012315,0.19883159252421537,0.010357735934025725,0.7502665190436053,0.7349163480225073,35161,368,31311,3931
0.844,0.9150234741784038,0.11060666250496566,0.19735709584324843,0.010188859804666611,0.7502665190436053,0.7349163480225073,35167,362,31344,3898
0.845,0.9152220375207789,0.10935815220475568,0.19537170810838209,0.010048129696867348,0.7502665190436053,0.7349163480225073,35172,357,31388,3854
0.846,0.9158676893576222,0.10842176947959821,0.19389049576292686,0.009879253567508232,0.7502665190436053,0.7349163480225073,35178,351,31421,3821
0.847,0.917049576783555,0.10759888769082344,0.19259974096553822,0.009654085395029413,0.7502665190436053,0.7349163480225073,35186,343,31450,3792
0.848,0.917644183773216,0.10654900402928325,0.1909289673056389,0.009485209265670298,0.7502665190436053,0.7349163480225073,35192,337,31487,3755
0.849,0.9197224975222993,0.10532886896316894,0.18901166047151077,0.009119310985392214,0.7502665190436053,0.7349163480225073,35205,324,31530,3712
0.85,0.9205198700324919,0.10450598717439419,0.18770226537216828,0.0089504348560331,0.7502665190436053,0.7349163480225073,35211,318,31559,3683
0.851,0.9208868732678257,0.10371148061971511,0.18642727805972814,0.00883785076979369,0.7502665190436053,0.7349163480225073,35215,314,31587,3655
0.852,0.9211597151576806,0.10277509789455763,0.1849185684382499,0.00872526668355428,0.7502665190436053,0.7349163480225073,35219,310,31620,3622
0.853,0.9213973799126638,0.10178196470120879,0.18331416890251692,0.00861268259731487,0.7502665190436053,0.7349163480225073,35223,306,31655,3587
0.854,0.921583850931677,0.10104420861472108,0.18212039073287986,0.008528244532635312,0.7502665190436053,0.7349163480225073,35226,303,31681,3561
0.855,0.9223123201674078,0.10005107542137223,0.18051964674260848,0.008359368403276196,0.7502665190436053,0.7349163480225073,35232,297,31716,3526
0.856,0.9224069675376089,0.09917144316440611,0.1790884168993877,0.00827493033859664,0.7502665190436053,0.7349163480225073,35235,294,31747,3495
0.857,0.9239391513210569,0.09823506043924862,0.17758855061684065,0.008021616144557967,0.7502665190436053,0.7349163480225073,35244,285,31780,3462
0.858,0.9241731648292552,0.0975256795868566,0.17643284309950977,0.007937178079878409,0.7502665190436053,0.7349163480225073,35247,282,31805,3437
0.859,0.9238923620549062,0.0964474206912207,0.17466149379512344,0.007880886036758704,0.7502665190436053,0.7349163480225073,35249,280,31843,3399
0.86,0.9257534246575343,0.09587991600930708,0.17376324179779903,0.0076275718427200314,0.7502665190436053,0.7349163480225073,35258,271,31863,3379
0.861,0.9261410788381743,0.09500028375234096,0.17232416295648145,0.007514987756480621,0.7502665190436053,0.7349163480225073,35262,267,31894,3348
0.862,0.9266311957434892,0.09389364962260939,0.17050988071007137,0.007374257648681359,0.7502665190436053,0.7349163480225073,35267,262,31933,3309
0.863,0.9266081042788326,0.09278701549287782,0.16868277836527304,0.007289819584001801,0.7502665190436053,0.7349163480225073,35270,259,31972,3270
0.864,0.9266265405560332,0.09173713183133761,0.16694637370581705,0.0072053815193222435,0.7502665190436053,0.7349163480225073,35273,256,32009,3233
0.865,0.927784222737819,0.09077237387208445,0.1653657275781856,0.007008359368403276,0.7502665190436053,0.7349163480225073,35280,249,32043,3199
0.866,0.9299120234604106,0.08997786731740537,0.16407947842285006,0.006726899152804751,0.7502665190436053,0.7349163480225073,35290,239,32071,3171
0.867,0.9304733727810651,0.08924011123091766,0.16286054580291026,0.006614315066565341,0.7502665190436053,0.7349163480225073,35294,235,32097,3145
0.868,0.9314165917939503,0.08824697803756881,0.16121925300018145,0.006445438937206226,0.7502665190436053,0.7349163480225073,35300,229,32132,3110
0.869,0.9317426759287224,0.08753759718517677,0.16003942624439083,0.0063610008725266684,0.7502665190436053,0.7349163480225073,35303,226,32157,3085
0.87,0.9319707138499085,0.08668634016230634,0.15861889927310485,0.006276562807847111,0.7502665190436053,0.7349163480225073,35306,223,32187,3055
0.871,0.9335589049523224,0.08611883548039272,0.15769100875483855,0.006079540656928143,0.7502665190436053,0.7349163480225073,35313,216,32207,3035
0.872,0.9343905472636815,0.08526757845752228,0.15627437724270635,0.0059388105491288805,0.7502665190436053,0.7349163480225073,35318,211,32237,3005
0.873,0.9349874371859297,0.0844730719028432,0.154947171186176,0.005826226462889471,0.7502665190436053,0.7349163480225073,35322,207,32265,2977
0.874,0.9363867684478372,0.08353668917768571,0.15338925649976554,0.005629204311970503,0.7502665190436053,0.7349163480225073,35329,200,32298,2944
0.875,0.9368353206574282,0.08248680551614551,0.15162341895944714,0.0055166202257310925,0.7502665190436053,0.7349163480225073,35333,196,32335,2907
0.876,0.9370925684485006,0.0815787980250837,0.15009135995823547,0.005432182161051536,0.7502665190436053,0.7349163480225073,35336,193,32367,2875
0.877,0.9376031693628261,0.08058566483173486,0.14841524914426069,0.005319598074812125,0.7502665190436053,0.7349163480225073,35340,189,32402,2840
0.878,0.9385232208486468,0.07970603257476874,0.14693343794952268,0.005178867967012862,0.7502665190436053,0.7349163480225073,35345,184,32433,2809
0.879,0.9390243902439024,0.07865614891322853,0.14515368906110906,0.005066283880773453,0.7502665190436053,0.7349163480225073,35349,180,32470,2772
0.88,0.9400479616306955,0.07786164235854946,0.1438117449752365,0.00492555377297419,0.7502665190436053,0.7349163480225073,35354,175,32498,2744
0.881,0.9404432132963989,0.07706713580387038,0.14246000524521374,0.004841115708294632,0.7502665190436053,0.7349163480225073,35357,172,32526,2716
0.882,0.9406809406809407,0.07604562737642585,0.1407156546165761,0.004756677643615075,0.7502665190436053,0.7349163480225073,35360,169,32562,2680
0.883,0.9412811387900356,0.07505249418307701,0.13902028802691058,0.004644093557375665,0.7502665190436053,0.7349163480225073,35364,165,32597,2645
0.884,0.9416846652267818,0.07422961239430226,0.13761178327196213,0.004559655492696107,0.7502665190436053,0.7349163480225073,35367,162,32626,2616
0.885,0.9435690729204836,0.07306622779637932,0.13562982275947433,0.004334487320217287,0.7502665190436053,0.7349163480225073,35375,154,32667,2575
0.886,0.9454140363906424,0.07224334600760456,0.1342296032687492,0.00413746516929832,0.7502665190436053,0.7349163480225073,35382,147,32696,2546
0.887,0.9459053343350864,0.07144883945292549,0.1328619670747151,0.004053027104618762,0.7502665190436053,0.7349163480225073,35385,144,32724,2518
0.888,0.9462037390309043,0.07037058055728959,0.13099860021657025,0.0039685890399392045,0.7502665190436053,0.7349163480225073,35388,141,32762,2480
0.889,0.9466357308584686,0.0694625730662278,0.12942793697789998,0.003884150975259647,0.7502665190436053,0.7349163480225073,35391,138,32794,2448
0.89,0.947843137254902,0.06858294080926168,0.12791066892464015,0.0037434208674603847,0.7502665190436053,0.7349163480225073,35396,133,32825,2417
0.891,0.9480982567353408,0.06790193519096532,0.12672774453211885,0.0036871288243406795,0.7502665190436053,0.7349163480225073,35398,131,32849,2393
0.892,0.949438202247191,0.06713580387038193,0.12540414480309534,0.003546398716541417,0.7502665190436053,0.7349163480225073,35403,126,32876,2366
0.893,0.9514087382605145,0.0661142954429374,0.12363694250616858,0.0033493765656224493,0.7502665190436053,0.7349163480225073,35410,119,32912,2330
0.894,0.9523019493985898,0.06514953748368424,0.12195575385759436,0.0032367924793830394,0.7502665190436053,0.7349163480225073,35414,115,32946,2296
0.895,0.9524610854017669,0.06424152999262243,0.12036470932241687,0.0031805004362633342,0.7502665190436053,0.7349163480225073,35416,113,32978,2264
0.896,0.9530516431924883,0.06336189773565631,0.11882399893574565,0.0030960623715837765,0.7502665190436053,0.7349163480225073,35419,110,33009,2233
0.897,0.9549588566478995,0.06256739118097725,0.11744028121754416,0.0029271862422246614,0.7502665190436053,0.7349163480225073,35425,104,33037,2205
0.898,0.9560632688927944,0.06174450939220249,0.11599765445919293,0.0028146021559852514,0.7502665190436053,0.7349163480225073,35429,100,33066,2176
0.899,0.9560390763765542,0.061091879008001816,0.1148450418733664,0.002786456134425399,0.7502665190436053,0.7349163480225073,35430,99,33089,2153
0.9,0.9574468085106383,0.060013620112365926,0.11294758484419641,0.0026457260266261363,0.7502665190436053,0.7349163480225073,35435,94,33127,2115
0.901,0.9606299212598425,0.058850235514442996,0.11090612550466565,0.002392411832587464,0.7502665190436053,0.7349163480225073,35444,85,33168,2074
0.902,0.9607007575757576,0.057573349980137335,0.10863629062483267,0.0023361197894677587,0.7502665190436053,0.7349163480225073,35446,83,33213,2029
0.903,0.9609450337512054,0.05655184155269281,0.10681745095937399,0.0022798277463480536,0.7502665190436053,0.7349163480225073,35448,81,33249,1993
0.904,0.9618581907090464,0.055814085466205095,0.10550594040818516,0.0021953896816684962,0.7502665190436053,0.7349163480225073,35451,78,33275,1967
0.905,0.9632023868722028,0.05496282844333466,0.10399162483558373,0.002082805595429086,0.7502665190436053,0.7349163480225073,35455,74,33305,1937
0.906,0.9639410868461148,0.053856194313603084,0.1020128456639166,0.0019983675307495286,0.7502665190436053,0.7349163480225073,35458,71,33344,1898
0.907,0.9649484536082474,0.05311843822711537,0.10069388413748588,0.001913929466069971,0.7502665190436053,0.7349163480225073,35461,68,33370,1872
0.908,0.9663688912243825,0.05218205550195789,0.09901736438282406,0.0018013453798305609,0.7502665190436053,0.7349163480225073,35465,64,33403,1839
0.909,0.9668980245595301,0.051387548947278816,0.09758857604742019,0.001745053336710856,0.7502665190436053,0.7349163480225073,35467,62,33431,1811
0.91,0.9683233205898416,0.050309290051642926,0.09564912469991638,0.0016324692504714458,0.7502665190436053,0.7349163480225073,35471,58,33469,1773
0.911,0.9695121951219512,0.049628284433346576,0.09442314959779732,0.0015480311857918882,0.7502665190436053,0.7349163480225073,35474,55,33493,1749
0.912,0.9720638540478905,0.0483797741331366,0.09217212671640176,0.0013791550564327731,0.7502665190436053,0.7349163480225073,35480,49,33537,1705
0.913,0.9738979118329466,0.04764201804664889,0.09084023156414002,0.0012665709701933632,0.7502665190436053,0.7349163480225073,35484,45,33563,1679
0.914,0.9751626256652868,0.046790761023778445,0.0892968348089784,0.0011821329055138057,0.7502665190436053,0.7349163480225073,35487,42,33593,1649
0.915,0.9758745476477684,0.045911128766812324,0.08769647696476965,0.0011258408623941005,0.7502665190436053,0.7349163480225073,35489,40,33624,1618
0.916,0.9771463866584311,0.0448896203393678,0.08583597840536068,0.001041402797714543,0.7502665190436053,0.7349163480225073,35492,37,33660,1582
0.917,0.9771863117870723,0.04375461097554055,0.0837588267246062,0.0010132567761546906,0.7502665190436053,0.7349163480225073,35493,36,33700,1542
0.918,0.9765777488614183,0.042591226377617614,0.08162266510780608,0.0010132567761546906,0.7502665190436053,0.7349163480225073,35493,36,33741,1501
0.919,0.9794429708222812,0.041910220759321264,0.08038095238095239,0.000872526668355428,0.7502665190436053,0.7349163480225073,35498,31,33765,1477
0.92,0.9796195652173914,0.04091708756597242,0.07855314049136569,0.0008443806467955755,0.7502665190436053,0.7349163480225073,35499,30,33800,1442
0.921,0.9805690492713394,0.04009420577719766,0.07703841016274568,0.0007880886036758704,0.7502665190436053,0.7349163480225073,35501,28,33829,1413
0.922,0.9816254416961131,0.03941320015890131,0.07578361568049759,0.0007317965605561653,0.7502665190436053,0.7349163480225073,35503,26,33853,1389
0.923,0.9821045096635648,0.03893082117927473,0.07489287371380224,0.0007036505389963129,0.7502665190436053,0.7349163480225073,35504,25,33870,1372
0.924,0.9816581071166545,0.037966063220021565,0.07310476710831854,0.0007036505389963129,0.7502665190436053,0.7349163480225073,35504,25,33904,1338
0.925,0.9819140919366993,0.03697293002667272,0.07126254477836418,0.0006755045174364604,0.7502665190436053,0.7349163480225073,35505,24,33939,1303
0.926,0.9821981424148607,0.036008172067419554,0.06946953522745936,0.0006473584958766078,0.7502665190436053,0.7349163480225073,35506,23,33973,1269
0.927,0.981687898089172,0.03498666363997503,0.0675653460463587,0.0006473584958766078,0.7502665190436053,0.7349163480225073,35506,23,34009,1233
0.928,0.9828571428571429,0.034163781851200274,0.06603230317821593,0.0005910664527569028,0.7502665190436053,0.7349163480225073,35508,21,34038,1204
0.929,0.9823825503355704,0.03322739912604279,0.06428061700609321,0.0005910664527569028,0.7502665190436053,0.7349163480225073,35508,21,34071,1171
0.93,0.9827882960413081,0.032404517337268034,0.06274035820239533,0.0005629204311970502,0.7502665190436053,0.7349163480225073,35509,20,34100,1142
0.931,0.9823477493380406,0.031581635548493275,0.061195876288659794,0.0005629204311970502,0.7502665190436053,0.7349163480225073,35509,20,34129,1113
0.932,0.9829290206648698,0.03104250610067533,0.06018429376977032,0.0005347744096371978,0.7502665190436053,0.7349163480225073,35510,19,34148,1094
0.933,0.9822595704948646,0.029850746268656716,0.05794068240024233,0.0005347744096371978,0.7502665190436053,0.7349163480225073,35510,19,34190,1052
0.934,0.9836852207293666,0.029084614948073323,0.05649873222356962,0.00047848236651749275,0.7502665190436053,0.7349163480225073,35512,17,34217,1025
0.935,0.984267453294002,0.02840360932977697,0.055213877933754374,0.0004503363449576402,0.7502665190436053,0.7349163480225073,35513,16,34241,1001
0.936,0.9837728194726166,0.02752397707281085,0.053549740532185044,0.0004503363449576402,0.7502665190436053,0.7349163480225073,35513,16,34272,970
0.937,0.9844236760124611,0.02689972192270586,0.052368457395387376,0.00042219032339778774,0.7502665190436053,0.7349163480225073,35514,15,34294,948
0.9380000000000001,0.9838536060279871,0.025934963963452698,0.05053772359072185,0.00042219032339778774,0.7502665190436053,0.7349163480225073,35514,15,34328,914
0.9390000000000001,0.9833518312985572,0.025140457408773624,0.049027474199706725,0.00042219032339778774,0.7502665190436053,0.7349163480225073,35514,15,34356,886
0.9400000000000001,0.9826989619377162,0.024175699449520457,0.0471904511340663,0.00042219032339778774,0.7502665190436053,0.7349163480225073,35514,15,34390,852
0.9410000000000001,0.983273596176822,0.023352817660745703,0.045622107042878134,0.0003940443018379352,0.7502665190436053,0.7349163480225073,35515,14,34419,823
0.9420000000000001,0.984009840098401,0.02270018727654503,0.04437664678962695,0.00036589828027808267,0.7502665190436053,0.7349163480225073,35516,13,34442,800
0.9430000000000001,0.9847908745247148,0.02204755689234436,0.043129527351447365,0.0003377522587182302,0.7502665190436053,0.7349163480225073,35517,12,34465,777
0.9440000000000001,0.984313725490196,0.02136655127404801,0.04182520065542811,0.0003377522587182302,0.7502665190436053,0.7349163480225073,35517,12,34489,753
0.9450000000000001,0.9835390946502057,0.020345042846603486,0.03986544716577243,0.0003377522587182302,0.7502665190436053,0.7349163480225073,35517,12,34525,717
0.9460000000000001,0.9842632331902719,0.019522161057828728,0.03828496702929802,0.00030960623715837766,0.7502665190436053,0.7349163480225073,35518,11,34554,688
0.9470000000000001,0.9851632047477745,0.018841155439532378,0.03697516427219067,0.0002814602155985251,0.7502665190436053,0.7349163480225073,35519,10,34578,664
0.9480000000000001,0.9846390168970814,0.018188525055331705,0.03571727077703173,0.0002814602155985251,0.7502665190436053,0.7349163480225073,35519,10,34601,641
0.9490000000000001,0.9841017488076311,0.017564269905226717,0.03451255889158373,0.0002814602155985251,0.7502665190436053,0.7349163480225073,35519,10,34623,619
0.9500000000000001,0.9849498327759197,0.01671301288235628,0.03286830357142857,0.00025331419403867264,0.7502665190436053,0.7349163480225073,35520,9,34653,589
0.9510000000000001,0.9844827586206897,0.016202258668634017,0.031879850371280216,0.00025331419403867264,0.7502665190436053,0.7349163480225073,35520,9,34671,571
0.9520000000000001,0.9834558823529411,0.01518075024118949,0.029899960878555863,0.00025331419403867264,0.7502665190436053,0.7349163480225073,35520,9,34707,535
0.9530000000000001,0.9825918762088974,0.014414618920606095,0.028412427640593974,0.00025331419403867264,0.7502665190436053,0.7349163480225073,35520,9,34734,508
0.9540000000000001,0.983402489626556,0.01344986096135293,0.02653678199529728,0.0002251681724788201,0.7502665190436053,0.7349163480225073,35521,8,34768,474
0.9550000000000001,0.9823008849557522,0.012598603938482493,0.024878130778282066,0.0002251681724788201,0.7502665190436053,0.7349163480225073,35521,8,34798,444
0.9560000000000001,0.9808612440191388,0.011633845979229328,0.022994952327537857,0.0002251681724788201,0.7502665190436053,0.7349163480225073,35521,8,34832,410
0.9570000000000001,0.9845360824742269,0.010839339424550253,0.021442604546730283,0.0001688761293591151,0.7502665190436053,0.7349163480225073,35523,6,34860,382
0.9580000000000001,0.9836956521739131,0.010271834742636626,0.02033136759337265,0.0001688761293591151,0.7502665190436053,0.7349163480225073,35523,6,34880,362
0.9590000000000001,0.9823529411764705,0.00947732818795755,0.018773537181721093,0.0001688761293591151,0.7502665190436053,0.7349163480225073,35523,6,34908,334
0.96,0.9838187702265372,0.008626071165087111,0.017102191218249838,0.00014073010779926256,0.7502665190436053,0.7349163480225073,35524,5,34938,304
0.961,0.9822695035460993,0.007859939844503717,0.015595090642945614,0.00014073010779926256,0.7502665190436053,0.7349163480225073,35524,5,34965,277
0.962,0.9846743295019157,0.0072924351625900915,0.014477649776075262,0.00011258408623941005,0.7502665190436053,0.7349163480225073,35525,4,34985,257
0.963,0.986784140969163,0.006356052437432608,0.012630747977106768,8.443806467955755e-05,0.7502665190436053,0.7349163480225073,35526,3,35018,224
0.964,0.9904306220095693,0.005873673457806027,0.01167809088601168,5.629204311970503e-05,0.7502665190436053,0.7349163480225073,35527,2,35035,207
0.965,0.9947916666666666,0.005419669712275126,0.010780606197437488,2.8146021559852514e-05,0.7502665190436053,0.7349163480225073,35528,1,35051,191
0.966,0.9941860465116279,0.0048521650303615,0.009657197718416445,2.8146021559852514e-05,0.7502665190436053,0.7349163480225073,35528,1,35071,171
0.967,0.9937106918238994,0.004483286987117644,0.008926301516906304,2.8146021559852514e-05,0.7502665190436053,0.7349163480225073,35528,1,35084,158
0.968,0.9931506849315068,0.004114408943873787,0.008194868316943597,2.8146021559852514e-05,0.7502665190436053,0.7349163480225073,35528,1,35097,145
0.969,0.992,0.00351852902786448,0.007012186501540985,2.8146021559852514e-05,0.7502665190436053,0.7349163480225073,35528,1,35118,124
0.97,0.9913793103448276,0.0032631519210033484,0.006504892810679338,2.8146021559852514e-05,0.7502665190436053,0.7349163480225073,35528,1,35127,115
0.971,1.0,0.0028942738777594916,0.005771842462652784,0.0,0.7502665190436053,0.7349163480225073,35529,0,35140,102
0.972,1.0,0.0026956472390897226,0.005376800520700682,0.0,0.7502665190436053,0.7349163480225073,35529,0,35147,95
0.973,1.0,0.0024686453663242723,0.004925132327549605,0.0,0.7502665190436053,0.7349163480225073,35529,0,35155,87
0.974,1.0,0.002355144429941547,0.004699221514508139,0.0,0.7502665190436053,0.7349163480225073,35529,0,35159,83
0.975,1.0,0.0022132682594631406,0.0044167610419026055,0.0,0.7502665190436053,0.7349163480225073,35529,0,35164,78
0.976,1.0,0.001957891152602009,0.003908130610857806,0.0,0.7502665190436053,0.7349163480225073,35529,0,35173,69
0.977,1.0,0.0018727654503149652,0.003738529511725388,0.0,0.7502665190436053,0.7349163480225073,35529,0,35176,66
0.978,1.0,0.0017025140457408773,0.0033992408362132453,0.0,0.7502665190436053,0.7349163480225073,35529,0,35182,60
0.979,1.0,0.001475512172975427,0.0029466764889216294,0.0,0.7502665190436053,0.7349163480225073,35529,0,35190,52
0.98,1.0,0.0013903864706883832,0.002776911960556516,0.0,0.7502665190436053,0.7349163480225073,35529,0,35193,49
0.981,1.0,0.0012485103002099767,0.0024939069319276767,0.0,0.7502665190436053,0.7349163480225073,35529,0,35198,44
0.982,1.0,0.0011066341297315703,0.0022108216887276435,0.0,0.7502665190436053,0.7349163480225073,35529,0,35203,39
0.983,1.0,0.0011066341297315703,0.0022108216887276435,0.0,0.7502665190436053,0.7349163480225073,35529,0,35203,39
0.984,1.0,0.0009363827251574826,0.001871013465627215,0.0,0.7502665190436053,0.7349163480225073,35529,0,35209,33
0.985,1.0,0.0009080074910618013,0.0018143675228213414,0.0,0.7502665190436053,0.7349163480225073,35529,0,35210,32
0.986,1.0,0.0008228817887747573,0.0016444104221598479,0.0,0.7502665190436053,0.7349163480225073,35529,0,35213,29
0.987,1.0,0.0006526303842006696,0.0013044094711470295,0.0,0.7502665190436053,0.7349163480225073,35529,0,35219,23
0.988,1.0,0.0005107542137222632,0.0010209869540555871,0.0,0.7502665190436053,0.7349163480225073,35529,0,35224,18
0.989,1.0,0.00045400374553090066,0.0009075954393329173,0.0,0.7502665190436053,0.7349163480225073,35529,0,35226,16
0.99,1.0,0.00045400374553090066,0.0009075954393329173,0.0,0.7502665190436053,0.7349163480225073,35529,0,35226,16
0.991,1.0,0.000397253277339538,0.0007941910596777853,0.0,0.7502665190436053,0.7349163480225073,35529,0,35228,14
0.992,1.0,0.00031212757505249416,0.0006240603636569938,0.0,0.7502665190436053,0.7349163480225073,35529,0,35231,11
0.993,1.0,0.0002837523409568129,0.0005673436968115284,0.0,0.7502665190436053,0.7349163480225073,35529,0,35232,10
0.994,1.0,0.0002553771068611316,0.0005106238120904371,0.0,0.7502665190436053,0.7349163480225073,35529,0,35233,9
0.995,1.0,0.000198626638669769,0.0003971743879258986,0.0,0.7502665190436053,0.7349163480225073,35529,0,35235,7
0.996,0.0,0.0,0.0,0.0,0.7502665190436053,0.7349163480225073,35529,0,35242,0
0.997,0.0,0.0,0.0,0.0,0.7502665190436053,0.7349163480225073,35529,0,35242,0
0.998,0.0,0.0,0.0,0.0,0.7502665190436053,0.7349163480225073,35529,0,35242,0
0.999,0.0,0.0,0.0,0.0,0.7502665190436053,0.7349163480225073,35529,0,35242,0
1.0,0.0,0.0,0.0,0.0,0.7502665190436053,0.7349163480225073,35529,0,35242,0
